llr_name,mu_value,llr_type,n_variables
bjets_mbb_x_bjets_pt_bb_x_trijet_pt_llr,231.875,from_multivar,3
bjets_mbb_x_bjets_pt_bb_x_bjet0_pt_x_bjet1_pt_x_blnu_pt_x_trijet_pt_llr,232.25,from_multivar,6
bjets_mbb_x_bjets_dR_x_bjets_pt_bb_x_bjet1_pt_x_blnu_pt_x_trijet_pt_llr,234.625,from_multivar,6
bjets_mbb_x_bjets_dR_x_bjets_pt_bb_x_bjet0_pt_x_bjet1_pt_x_blnu_pt_x_trijet_pt_llr,236.25,from_multivar,7
bjets_mbb_x_bjets_dR_x_bjets_pt_bb_x_blnu_pt_x_trijet_mInv_x_trijet_pt_llr,237.9688,from_multivar,6
bjets_mbb_x_bjets_dR_x_bjets_pt_bb_x_bjet0_pt_x_blnu_pt_x_trijet_pt_llr,239.25,from_multivar,6
bjets_mbb_x_bjets_dR_x_bjets_pt_bb_x_blnu_pt_x_trijet_pt_llr,239.25,from_multivar,5
bjets_mbb_x_bjets_dR_x_bjets_pt_bb_x_blnu_mT_x_blnu_pt_x_trijet_pt_llr,239.25,from_multivar,6
bjets_mbb_x_bjets_pt_bb_x_bjet1_pt_x_blnu_pt_x_trijet_mInv_x_trijet_pt_llr,239.875,from_multivar,6
lep0_pt_x_bjets_mbb_x_bjets_dR_x_bjets_pt_bb_x_blnu_pt_x_trijet_pt_llr,240.0,from_multivar,6
bjets_mbb_x_bjets_dR_x_bjets_pt_bb_x_bjet1_pt_x_trijet_pt_llr,240.25,from_multivar,5
bjets_mbb_x_bjets_dR_x_bjets_pt_bb_x_bjet1_pt_x_trijet_mInv_x_trijet_pt_llr,240.625,from_multivar,6
bjets_mbb_x_bjets_dR_x_bjets_pt_bb_x_bjet1_pt_x_blnu_pt_x_trijet_mInv_x_trijet_pt_rat_llr,241.25,from_multivar,7
lep0_pt_x_bjets_mbb_x_bjets_dR_x_bjets_pt_bb_x_bjet0_pt_x_bjet1_pt_x_blnu_pt_x_trijet_pt_llr,241.625,from_multivar,8
bjets_mbb_x_bjets_dR_x_bjets_pt_bb_x_trijet_pt_llr,241.9375,from_multivar,4
bjets_mbb_x_bjets_dR_x_bjets_pt_bb_x_bjet1_pt_x_blnu_pt_x_trijet_pt_rat_llr,242.625,from_multivar,6
bjets_mbb_x_bjets_pt_bb_x_bjet1_pt_x_blnu_pt_x_trijet_pt_llr,242.625,from_multivar,5
bjets_mbb_x_bjets_dR_x_bjets_pt_bb_x_bjet0_pt_x_bjet1_pt_x_blnu_mT_x_blnu_pt_x_trijet_pt_llr,242.75,from_multivar,8
bjets_mbb_x_bjets_dR_x_bjets_pt_bb_x_bjet1_pt_x_blnu_mT_x_blnu_pt_x_trijet_pt_llr,242.9688,from_multivar,7
lep0_pt_x_bjets_mbb_x_bjets_dR_x_bjets_pt_bb_x_bjet0_pt_x_bjet1_pt_x_blnu_mT_x_blnu_pt_x_trijet_pt_llr,243.25,from_multivar,9
bjets_mbb_x_bjets_pt_bb_x_blnu_pt_x_trijet_pt_llr,243.25,from_multivar,4
lep0_pt_x_bjets_mbb_x_bjets_pt_bb_x_bjet1_pt_x_blnu_pt_x_trijet_pt_llr,243.25,from_multivar,6
bjets_mbb_x_bjets_dR_x_bjets_pt_bb_x_blnu_pt_x_trijet_mInv_x_trijet_pt_rat_llr,243.8125,from_multivar,6
lep0_pt_x_bjets_mbb_x_bjets_pt_bb_x_trijet_pt_llr,243.8125,from_multivar,4
bjets_mbb_x_bjets_dR_x_bjets_pt_bb_x_bjet0_pt_x_bjet1_pt_x_blnu_pt_x_trijet_mInv_x_trijet_pt_llr,244.0,from_multivar,8
bjets_mbb_x_bjets_pt_bb_x_blnu_pt_x_trijet_mInv_llr,244.0,from_multivar,4
bjets_mbb_x_bjets_pt_bb_x_bjet1_pt_x_trijet_pt_llr,244.25,from_multivar,4
bjets_mbb_x_bjets_pt_bb_x_bjet0_pt_x_blnu_mT_x_blnu_pt_x_trijet_pt_llr,244.625,from_multivar,6
lep0_pt_x_bjets_mbb_x_bjets_pt_bb_x_bjet0_pt_x_bjet1_pt_x_blnu_pt_x_trijet_pt_llr,244.625,from_multivar,7
bjets_mbb_x_bjets_dR_x_bjets_pt_bb_x_bjet1_pt_x_blnu_mT_x_blnu_pt_x_trijet_mInv_x_trijet_pt_rat_llr,244.8125,from_multivar,8
lep0_pt_x_bjets_mbb_x_bjets_dR_x_bjets_pt_bb_x_bjet1_pt_x_blnu_mT_x_blnu_pt_x_trijet_pt_llr,244.875,from_multivar,8
bjets_mbb_x_bjets_pt_bb_x_trijet_mInv_x_trijet_pt_llr,244.875,from_multivar,4
bjets_mbb_x_bjets_pt_bb_x_blnu_mT_x_trijet_pt_llr,244.9375,from_multivar,4
lep0_pt_x_bjets_mbb_x_bjets_dR_x_bjets_pt_bb_x_bjet1_pt_x_blnu_pt_x_trijet_pt_llr,244.9375,from_multivar,7
lep0_pt_x_bjets_mbb_x_bjets_pt_bb_x_bjet0_pt_x_blnu_pt_x_trijet_pt_llr,245.0,from_multivar,6
bjets_mbb_x_bjets_pt_bb_x_bjet1_pt_x_blnu_mT_x_blnu_pt_x_trijet_pt_llr,245.25,from_multivar,6
bjets_mbb_x_bjets_pt_bb_x_bjet1_pt_x_blnu_mT_x_trijet_mInv_x_trijet_pt_llr,245.25,from_multivar,6
bjets_mbb_x_bjets_pt_bb_x_bjet0_pt_x_blnu_pt_x_trijet_pt_llr,245.25,from_multivar,5
bjets_mbb_x_bjets_dR_x_bjets_pt_bb_x_bjet0_pt_x_bjet1_pt_x_blnu_mT_x_blnu_pt_x_trijet_mInv_x_trijet_pt_llr,245.25,from_multivar,9
bjets_mbb_x_bjets_pt_bb_x_bjet0_pt_x_bjet1_pt_x_blnu_mT_x_blnu_pt_x_trijet_pt_llr,245.25,from_multivar,7
bjets_mbb_x_bjets_pt_bb_x_bjet1_pt_x_blnu_pt_x_trijet_mInv_x_trijet_pt_rat_llr,245.75,from_multivar,6
bjets_mbb_x_bjets_pt_bb_x_bjet0_pt_x_bjet1_pt_x_blnu_pt_x_trijet_mInv_x_trijet_pt_llr,245.8125,from_multivar,7
bjets_mbb_x_bjets_pt_bb_x_blnu_mT_x_blnu_pt_x_trijet_pt_llr,246.25,from_multivar,5
bjets_mbb_x_bjets_dR_x_bjets_pt_bb_x_blnu_mT_x_blnu_pt_x_trijet_mInv_x_trijet_pt_llr,246.25,from_multivar,7
lep0_pt_x_bjets_mbb_x_bjets_dR_x_bjets_pt_bb_x_bjet0_pt_x_bjet1_pt_x_blnu_pt_x_trijet_mInv_x_trijet_pt_llr,246.25,from_multivar,9
bjets_mbb_x_bjets_pt_bb_x_bjet0_pt_x_blnu_pt_x_trijet_mInv_x_trijet_pt_llr,246.25,from_multivar,6
lep0_pt_x_bjets_mbb_x_bjets_dR_x_bjets_pt_bb_x_bjet1_pt_x_blnu_mT_x_blnu_pt_x_trijet_mInv_x_trijet_pt_llr,246.5,from_multivar,9
bjets_mbb_x_bjets_dR_x_bjets_pt_bb_x_bjet1_pt_x_blnu_pt_x_trijet_mInv_x_trijet_pt_llr,246.5,from_multivar,7
bjets_mbb_x_bjets_pt_bb_x_blnu_mT_x_blnu_pt_x_trijet_mInv_x_trijet_pt_llr,246.625,from_multivar,6
bjets_mbb_x_bjets_pt_bb_x_blnu_pt_llr,246.75,from_multivar,3
bjets_mbb_x_bjets_pt_bb_x_bjet1_pt_x_blnu_mT_x_trijet_pt_llr,246.875,from_multivar,5
bjets_mbb_x_bjets_dR_x_bjets_pt_bb_x_blnu_mT_x_blnu_pt_llr,246.9375,from_multivar,5
bjets_mbb_x_bjets_dR_x_bjets_pt_bb_x_bjet1_pt_x_blnu_mT_x_trijet_pt_llr,246.9688,from_multivar,6
lep0_pt_x_bjets_mbb_x_bjets_dR_x_bjets_pt_bb_x_blnu_pt_x_trijet_mInv_llr,247.25,from_multivar,6
bjets_mbb_x_bjets_dR_x_bjets_pt_bb_x_bjet1_pt_x_blnu_mT_x_blnu_pt_x_trijet_mInv_x_trijet_pt_llr,247.25,from_multivar,8
lep0_pt_x_bjets_mbb_x_bjets_pt_bb_x_bjet1_pt_x_trijet_pt_llr,247.25,from_multivar,5
lep0_pt_x_bjets_mbb_x_bjets_pt_bb_x_blnu_pt_llr,247.25,from_multivar,4
lep0_pt_x_bjets_mbb_x_bjets_pt_bb_x_blnu_pt_x_trijet_pt_llr,247.25,from_multivar,5
lep0_pt_x_bjets_mbb_x_bjets_dR_x_bjets_pt_bb_x_bjet1_pt_x_blnu_pt_x_trijet_mInv_x_trijet_pt_llr,247.625,from_multivar,8
lep0_pt_x_bjets_mbb_x_bjets_dR_x_bjets_pt_bb_x_blnu_pt_x_trijet_mInv_x_trijet_pt_llr,247.625,from_multivar,7
bjets_mbb_x_bjets_pt_bb_x_bjet0_pt_x_bjet1_pt_x_blnu_mT_x_blnu_pt_x_trijet_mInv_x_trijet_pt_llr,247.875,from_multivar,8
bjets_mbb_x_bjets_dR_x_bjets_pt_bb_x_blnu_mT_x_blnu_pt_x_trijet_pt_rat_llr,247.875,from_multivar,6
bjets_mbb_x_bjets_dR_x_bjets_pt_bb_x_blnu_pt_x_trijet_pt_rat_llr,247.9375,from_multivar,5
bjets_mbb_x_bjets_pt_bb_x_bjet1_pt_x_trijet_mInv_x_trijet_pt_llr,248.25,from_multivar,5
bjets_mbb_x_bjets_pt_bb_x_blnu_pt_x_trijet_mInv_x_trijet_pt_llr,248.25,from_multivar,5
bjets_mbb_x_bjets_dR_x_bjets_pt_bb_x_blnu_pt_llr,248.25,from_multivar,4
lep0_pt_x_bjets_mbb_x_bjets_dR_x_bjets_pt_bb_x_blnu_mT_x_trijet_pt_llr,248.25,from_multivar,6
lep0_pt_x_bjets_mbb_x_bjets_pt_bb_x_blnu_pt_x_trijet_mInv_x_trijet_pt_llr,248.5,from_multivar,6
bjets_mbb_x_bjets_pt_bb_x_blnu_mT_x_blnu_pt_llr,248.625,from_multivar,4
lep0_pt_x_bjets_mbb_x_bjets_dR_x_bjets_pt_bb_x_bjet0_pt_x_blnu_mT_x_blnu_pt_x_trijet_pt_llr,248.625,from_multivar,8
lep0_pt_x_bjets_mbb_x_bjets_dR_x_bjets_pt_bb_x_blnu_mT_x_blnu_pt_x_trijet_mInv_x_trijet_pt_llr,248.625,from_multivar,8
lep0_pt_x_bjets_mbb_x_bjets_dR_x_bjets_pt_bb_x_blnu_mT_x_blnu_pt_x_trijet_pt_llr,248.8125,from_multivar,7
lep0_pt_x_bjets_mbb_x_bjets_dR_x_bjets_pt_bb_x_bjet1_pt_x_blnu_pt_x_trijet_mInv_x_trijet_pt_rat_llr,248.875,from_multivar,8
bjets_mbb_x_bjets_dR_x_bjets_pt_bb_x_blnu_mT_x_blnu_pt_x_trijet_mInv_llr,248.875,from_multivar,6
lep0_pt_x_bjets_mbb_x_bjets_dR_x_bjets_pt_bb_x_bjet0_pt_x_bjet1_pt_x_blnu_mT_x_blnu_pt_x_trijet_mInv_x_trijet_pt_llr,248.9375,from_multivar,10
bjets_mbb_x_bjets_dR_x_bjets_pt_bb_x_blnu_mT_x_trijet_mInv_x_trijet_pt_llr,248.9688,from_multivar,6
bjets_mbb_x_bjets_dR_x_bjets_pt_bb_x_blnu_mT_x_trijet_pt_llr,248.9688,from_multivar,5
lep0_pt_x_bjets_mbb_x_bjets_pt_bb_x_bjet1_pt_x_trijet_mInv_x_trijet_pt_llr,249.25,from_multivar,6
lep0_pt_x_bjets_mbb_x_bjets_pt_bb_x_bjet1_pt_x_blnu_mT_x_trijet_pt_llr,249.25,from_multivar,6
lep0_pt_x_bjets_mbb_x_bjets_dR_x_bjets_pt_bb_x_blnu_pt_x_trijet_pt_rat_llr,249.25,from_multivar,6
bjets_mbb_x_bjets_dR_x_bjets_pt_bb_x_blnu_pt_x_trijet_mInv_llr,249.25,from_multivar,5
bjets_mbb_x_bjets_dR_x_bjets_pt_bb_x_bjet0_pt_x_blnu_mT_x_blnu_pt_x_trijet_pt_llr,249.25,from_multivar,7
bjets_mbb_x_bjets_dR_x_bjets_pt_bb_x_bjet1_pt_x_blnu_pt_llr,249.25,from_multivar,5
lep0_pt_x_bjets_mbb_x_bjets_dR_x_bjets_pt_bb_x_trijet_pt_llr,249.5,from_multivar,5
lep0_pt_x_bjets_mbb_x_bjets_pt_bb_x_blnu_mT_x_trijet_pt_llr,249.625,from_multivar,5
lep0_pt_x_bjets_mbb_x_bjets_pt_bb_x_blnu_pt_x_trijet_mInv_llr,249.75,from_multivar,5
bjets_mbb_x_bjets_dR_x_bjets_pt_bb_x_trijet_mInv_x_trijet_pt_llr,249.875,from_multivar,5
bjets_mbb_x_bjets_dR_x_bjets_pt_bb_x_bjet1_pt_x_blnu_pt_x_trijet_mInv_llr,249.9375,from_multivar,6
lep0_pt_x_bjets_mbb_x_bjets_dR_x_bjets_pt_bb_x_blnu_pt_llr,249.9688,from_multivar,5
bjets_mbb_x_bjets_pt_bb_x_bjet1_pt_x_trijet_mInv_x_trijet_pt_x_trijet_pt_rat_llr,250.25,from_multivar,6
lep0_pt_x_bjets_mbb_x_bjets_dR_x_bjets_pt_bb_x_bjet0_pt_x_blnu_pt_x_trijet_pt_llr,250.25,from_multivar,7
lep0_pt_x_bjets_mbb_x_bjets_dR_x_bjets_pt_bb_x_bjet0_pt_x_blnu_mT_x_blnu_pt_x_trijet_mInv_x_trijet_pt_llr,250.25,from_multivar,9
bjets_mbb_x_bjets_pt_bb_x_bjet1_pt_x_blnu_pt_llr,250.625,from_multivar,4
lep0_pt_x_bjets_mbb_x_bjets_dR_x_bjets_pt_bb_x_blnu_mT_x_blnu_pt_llr,250.625,from_multivar,6
lep0_pt_x_bjets_mbb_x_bjets_pt_bb_x_bjet0_pt_x_bjet1_pt_x_blnu_pt_x_trijet_mInv_x_trijet_pt_llr,250.75,from_multivar,8
lep0_pt_x_bjets_mbb_x_bjets_dR_x_bjets_pt_bb_x_bjet0_pt_x_bjet1_pt_x_blnu_pt_x_trijet_mInv_x_trijet_pt_rat_llr,250.9375,from_multivar,9
lep0_pt_x_bjets_mbb_x_bjets_pt_bb_x_bjet0_pt_x_bjet1_pt_x_blnu_mT_x_blnu_pt_x_trijet_pt_llr,251.25,from_multivar,8
bjets_mbb_x_bjets_pt_bb_x_bjet1_pt_x_blnu_pt_x_trijet_pt_rat_llr,251.25,from_multivar,5
bjets_mbb_x_bjets_pt_bb_x_blnu_pt_x_trijet_mInv_x_trijet_pt_rat_llr,251.25,from_multivar,5
lep0_pt_x_bjets_mbb_x_bjets_pt_bb_x_trijet_mInv_x_trijet_pt_llr,251.25,from_multivar,5
bjets_mbb_x_bjets_dR_x_bjets_pt_bb_x_bjet1_pt_x_blnu_mT_x_blnu_pt_llr,251.25,from_multivar,6
lep0_pt_x_bjets_mbb_x_bjets_pt_bb_x_blnu_mT_x_blnu_pt_x_trijet_pt_llr,251.25,from_multivar,6
lep0_pt_x_bjets_mbb_x_bjets_pt_bb_x_bjet1_pt_x_blnu_pt_x_trijet_mInv_x_trijet_pt_llr,251.25,from_multivar,7
bjets_mbb_x_bjets_dR_x_bjets_pt_bb_x_bjet1_pt_x_trijet_pt_x_trijet_pt_rat_llr,251.5,from_multivar,6
lep0_pt_x_bjets_mbb_x_bjets_dR_x_bjets_pt_bb_x_bjet1_pt_x_blnu_pt_x_trijet_pt_rat_llr,251.625,from_multivar,7
lep0_pt_x_bjets_mbb_x_bjets_dR_x_bjets_pt_bb_x_bjet1_pt_x_blnu_mT_x_blnu_pt_x_trijet_pt_rat_llr,251.8125,from_multivar,8
bjets_mbb_x_bjets_pt_bb_x_blnu_mT_x_trijet_mInv_x_trijet_pt_llr,251.875,from_multivar,5
bjets_mbb_x_bjets_pt_bb_x_blnu_pt_x_trijet_pt_rat_llr,251.9375,from_multivar,4
lep0_pt_x_bjets_mbb_x_bjets_dR_x_bjets_pt_bb_x_bjet1_pt_x_blnu_pt_llr,251.9375,from_multivar,6
lep0_pt_x_bjets_mbb_x_bjets_dR_x_bjets_pt_bb_x_bjet0_pt_x_bjet1_pt_x_blnu_mT_x_blnu_pt_x_trijet_pt_x_trijet_pt_rat_llr,251.9688,from_multivar,10
bjets_mbb_x_bjets_dR_x_bjets_pt_bb_x_bjet0_pt_x_blnu_mT_x_blnu_pt_x_trijet_mInv_x_trijet_pt_llr,252.25,from_multivar,8
bjets_mbb_x_bjets_pt_bb_x_bjet1_pt_x_blnu_mT_x_blnu_pt_x_trijet_mInv_llr,252.25,from_multivar,6
lep0_pt_x_bjets_mbb_x_bjets_pt_bb_x_blnu_pt_x_trijet_mInv_x_trijet_pt_rat_llr,252.25,from_multivar,6
bjets_mbb_x_bjets_pt_bb_x_bjet1_pt_x_blnu_mT_x_blnu_pt_x_trijet_mInv_x_trijet_pt_llr,252.25,from_multivar,7
lep0_pt_x_bjets_mbb_x_bjets_pt_bb_x_bjet1_pt_x_blnu_mT_x_blnu_pt_x_trijet_pt_llr,252.625,from_multivar,7
lep0_pt_x_bjets_mbb_x_bjets_pt_bb_x_bjet1_pt_x_blnu_pt_llr,252.625,from_multivar,5
bjets_mbb_x_bjets_dR_x_bjets_pt_bb_x_blnu_pt_x_trijet_bijet_dR_llr,252.625,from_multivar,5
lep0_pt_x_bjets_mbb_x_bjets_dR_x_bjets_pt_bb_x_bjet1_pt_x_blnu_mT_x_blnu_pt_x_trijet_mInv_x_trijet_pt_rat_llr,252.625,from_multivar,9
lep0_pt_x_bjets_mbb_x_bjets_pt_bb_x_bjet1_pt_x_blnu_pt_x_trijet_mInv_llr,252.625,from_multivar,6
bjets_mbb_x_bjets_dR_x_bjets_pt_bb_x_bjet0_pt_x_blnu_pt_x_trijet_mInv_x_trijet_pt_llr,252.75,from_multivar,7
lep0_pt_x_bjets_mbb_x_bjets_pt_bb_x_bjet0_pt_x_bjet1_pt_x_blnu_mT_x_blnu_pt_x_trijet_mInv_x_trijet_pt_llr,252.75,from_multivar,9
lep0_pt_x_bjets_mbb_x_bjets_dR_x_bjets_pt_bb_x_bjet0_pt_x_blnu_pt_x_trijet_mInv_x_trijet_pt_llr,252.9375,from_multivar,8
bjets_mbb_x_bjets_pt_bb_x_bjet0_pt_x_bjet1_pt_x_trijet_pt_x_trijet_pt_rat_llr,252.9375,from_multivar,6
bjets_mbb_x_bjets_dR_x_bjets_pt_bb_x_bjet0_pt_x_bjet1_pt_x_blnu_pt_x_trijet_pt_rat_llr,253.25,from_multivar,7
bjets_mbb_x_bjets_dR_x_bjets_pt_bb_x_bjet1_pt_x_blnu_mT_x_blnu_pt_x_trijet_mInv_llr,253.25,from_multivar,7
bjets_mbb_x_bjets_dR_x_bjets_pt_bb_x_bjet1_pt_x_blnu_mT_x_blnu_pt_x_trijet_pt_rat_llr,253.25,from_multivar,7
bjets_mbb_x_bjets_pt_bb_x_blnu_mT_x_blnu_pt_x_trijet_mInv_llr,253.25,from_multivar,5
lep0_pt_x_bjets_mbb_x_bjets_pt_bb_x_blnu_mT_x_blnu_pt_x_trijet_mInv_llr,253.25,from_multivar,6
bjets_mbb_x_bjets_pt_bb_x_bjet1_pt_x_blnu_mT_x_blnu_pt_x_trijet_pt_rat_llr,253.25,from_multivar,6
lep0_pt_x_bjets_mbb_x_bjets_dR_x_bjets_pt_bb_x_bjet1_pt_x_trijet_pt_llr,253.25,from_multivar,6
lep0_pt_x_bjets_mbb_x_bjets_dR_x_bjets_pt_bb_x_blnu_pt_x_trijet_bijet_dR_llr,253.25,from_multivar,6
lep0_pt_x_bjets_mbb_x_bjets_pt_bb_x_bjet1_pt_x_blnu_mT_x_blnu_pt_llr,253.25,from_multivar,6
bjets_mbb_x_bjets_pt_bb_x_bjet1_pt_x_blnu_pt_x_trijet_mInv_llr,253.25,from_multivar,5
bjets_mbb_x_bjets_dR_x_bjets_pt_bb_x_bjet1_pt_x_blnu_pt_x_trijet_bijet_dR_llr,253.625,from_multivar,6
lep0_pt_x_bjets_mbb_x_bjets_pt_bb_x_blnu_mT_x_blnu_pt_llr,253.75,from_multivar,5
bjets_mbb_x_bjets_pt_bb_x_bjet0_pt_x_bjet1_pt_x_blnu_pt_x_trijet_pt_rat_llr,253.75,from_multivar,6
lep0_pt_x_bjets_mbb_x_bjets_dR_x_bjets_pt_bb_x_blnu_mT_x_blnu_pt_x_trijet_mInv_llr,253.8125,from_multivar,7
bjets_mbb_x_bjets_pt_bb_x_bjet1_pt_x_blnu_mT_x_blnu_pt_x_trijet_mInv_x_trijet_pt_rat_llr,253.875,from_multivar,7
lep0_pt_x_bjets_mbb_x_bjets_dR_x_bjets_pt_bb_x_bjet0_pt_x_bjet1_pt_x_blnu_pt_x_trijet_pt_x_trijet_pt_rat_llr,254.0,from_multivar,9
bjets_mbb_x_bjets_dR_x_bjets_pt_bb_x_blnu_mT_x_blnu_pt_x_trijet_bijet_dR_llr,254.0,from_multivar,6
bjets_mbb_x_bjets_pt_bb_x_bjet1_pt_x_blnu_mT_x_blnu_pt_llr,254.0,from_multivar,5
lep0_pt_x_bjets_mbb_x_bjets_pt_bb_x_bjet0_pt_x_blnu_pt_x_trijet_pt_rat_llr,254.25,from_multivar,6
bjets_mbb_x_bjets_dR_x_bjets_pt_bb_x_bjet0_pt_x_bjet1_pt_x_blnu_mT_x_blnu_pt_x_trijet_mInv_x_trijet_pt_x_trijet_pt_rat_llr,254.25,from_multivar,10
lep0_pt_x_bjets_mbb_x_bjets_dR_x_bjets_pt_bb_x_bjet0_pt_x_blnu_mT_x_blnu_pt_x_trijet_pt_x_trijet_pt_rat_llr,254.25,from_multivar,9
lep0_pt_x_bjets_mbb_x_bjets_dR_x_bjets_pt_bb_x_bjet0_pt_x_bjet1_pt_x_blnu_pt_x_trijet_pt_rat_llr,254.5,from_multivar,8
bjets_mbb_x_bjets_dR_x_bjets_pt_bb_x_bjet1_pt_x_blnu_mT_x_trijet_mInv_x_trijet_pt_llr,254.8125,from_multivar,7
lep0_pt_x_bjets_mbb_x_bjets_dR_x_bjets_pt_bb_x_bjet0_pt_x_blnu_mT_x_blnu_pt_x_trijet_pt_rat_llr,255.0,from_multivar,8
bjets_mbb_x_bjets_dR_x_bjets_pt_bb_x_bjet0_pt_x_bjet1_pt_x_blnu_mT_x_blnu_pt_x_trijet_pt_rat_llr,255.0,from_multivar,8
bjets_mbb_x_bjets_dR_x_bjets_pt_bb_x_bjet0_pt_x_bjet1_pt_x_blnu_pt_x_trijet_mInv_x_trijet_pt_x_trijet_pt_rat_llr,255.25,from_multivar,9
bjets_mbb_x_bjets_dR_x_bjets_pt_bb_x_bjet0_pt_x_blnu_pt_x_trijet_pt_rat_llr,255.25,from_multivar,6
lep0_pt_x_bjets_mbb_x_bjets_pt_bb_x_blnu_pt_x_trijet_pt_rat_llr,255.25,from_multivar,5
bjets_mbb_x_bjets_dR_x_bjets_pt_bb_x_bjet0_pt_x_bjet1_pt_x_blnu_pt_x_trijet_pt_x_trijet_pt_rat_llr,255.25,from_multivar,8
bjets_mbb_x_bjets_dR_x_bjets_pt_bb_x_blnu_mT_x_blnu_pt_x_trijet_mInv_x_trijet_pt_rat_llr,255.625,from_multivar,7
lep0_pt_x_bjets_mbb_x_bjets_dR_x_bjets_pt_bb_x_trijet_mInv_x_trijet_pt_llr,255.625,from_multivar,6
bjets_mbb_x_bjets_dR_x_bjets_pt_bb_x_bjet0_pt_x_bjet1_pt_x_blnu_pt_x_trijet_mInv_x_trijet_pt_rat_llr,255.75,from_multivar,8
lep0_pt_x_bjets_mbb_x_bjets_dR_x_bjets_pt_bb_x_bjet1_pt_x_blnu_mT_x_trijet_pt_llr,255.875,from_multivar,7
lep0_pt_x_bjets_mbb_x_bjets_dR_x_bjets_pt_bb_x_bjet0_pt_x_blnu_pt_x_trijet_mInv_x_trijet_pt_x_trijet_pt_rat_llr,255.9375,from_multivar,9
bjets_mbb_x_bjets_pt_bb_x_blnu_mT_x_blnu_pt_x_trijet_pt_rat_llr,255.9688,from_multivar,5
lep0_pt_x_bjets_mbb_x_bjets_pt_bb_x_bjet0_pt_x_blnu_pt_x_trijet_mInv_x_trijet_pt_llr,256.25,from_multivar,7
bjets_mbb_x_bjets_dR_x_bjets_pt_bb_x_bjet0_pt_x_bjet1_pt_x_blnu_mT_x_blnu_pt_x_trijet_mInv_x_trijet_pt_rat_llr,256.25,from_multivar,9
lep0_pt_x_bjets_mbb_x_bjets_dR_x_bjets_pt_bb_x_bjet0_pt_x_bjet1_pt_x_blnu_mT_x_blnu_pt_x_trijet_pt_rat_llr,256.25,from_multivar,9
lep0_pt_x_bjets_mbb_x_bjets_dR_x_bjets_pt_bb_x_bjet0_pt_x_bjet1_pt_x_blnu_mT_x_trijet_pt_x_trijet_pt_rat_llr,256.25,from_multivar,9
lep0_pt_x_bjets_mbb_x_bjets_dR_x_bjets_pt_bb_x_bjet0_pt_x_bjet1_pt_x_blnu_mT_x_blnu_pt_x_trijet_mInv_x_trijet_pt_x_trijet_pt_rat_llr,256.25,from_multivar,11
lep0_pt_x_bjets_mbb_x_bjets_pt_bb_x_blnu_mT_x_trijet_mInv_x_trijet_pt_llr,256.25,from_multivar,6
lep0_pt_x_bjets_mbb_x_bjets_dR_x_bjets_pt_bb_x_blnu_pt_x_trijet_mInv_x_trijet_pt_rat_llr,256.25,from_multivar,7
bjets_mbb_x_bjets_pt_bb_x_blnu_mT_x_blnu_pt_x_trijet_mInv_x_trijet_pt_rat_llr,256.25,from_multivar,6
lep0_pt_x_bjets_mbb_x_bjets_dR_x_bjets_pt_bb_x_bjet0_pt_x_blnu_pt_x_trijet_mInv_x_trijet_pt_rat_llr,256.25,from_multivar,8
bjets_mbb_x_bjets_dR_x_bjets_pt_bb_x_bjet0_pt_x_bjet1_pt_x_blnu_mT_x_blnu_pt_x_trijet_pt_x_trijet_pt_rat_llr,256.625,from_multivar,9
lep0_pt_x_bjets_mbb_x_bjets_dR_x_bjets_pt_bb_x_bjet0_pt_x_bjet1_pt_x_blnu_mT_x_blnu_pt_x_trijet_mInv_x_trijet_pt_rat_llr,256.625,from_multivar,10
lep0_pt_x_bjets_mbb_x_bjets_dR_x_bjets_pt_bb_x_bjet1_pt_x_trijet_mInv_x_trijet_pt_llr,256.625,from_multivar,7
lep0_pt_x_bjets_mbb_x_bjets_dR_x_bjets_pt_bb_x_bjet0_pt_x_bjet1_pt_x_blnu_pt_x_trijet_mInv_x_trijet_pt_x_trijet_pt_rat_llr,256.625,from_multivar,10
lep0_pt_x_bjets_mbb_x_bjets_pt_bb_x_blnu_mT_x_blnu_pt_x_trijet_mInv_x_trijet_pt_llr,256.875,from_multivar,7
lep0_pt_x_bjets_mbb_x_bjets_pt_bb_x_bjet1_pt_x_blnu_pt_x_trijet_pt_rat_llr,256.875,from_multivar,6
lep0_pt_x_bjets_mbb_x_bjets_dR_x_bjets_pt_bb_x_blnu_mT_x_blnu_pt_x_trijet_pt_rat_llr,257.25,from_multivar,7
bjets_mbb_x_bjets_pt_bb_x_bjet0_pt_x_blnu_mT_x_blnu_pt_x_trijet_mInv_x_trijet_pt_llr,257.5,from_multivar,7
lep0_pt_x_bjets_mbb_x_bjets_dR_x_bjets_pt_bb_x_bjet0_pt_x_bjet1_pt_x_blnu_pt_x_trijet_mInv_x_trijet_pt_rat_x_trijet_bijet_dR_llr,257.625,from_multivar,10
lep0_pt_x_bjets_mbb_x_bjets_dR_x_bjets_pt_bb_x_bjet0_pt_x_blnu_pt_x_trijet_pt_rat_llr,257.625,from_multivar,7
lep0_pt_x_bjets_mbb_x_bjets_dR_x_bjets_pt_bb_x_blnu_mT_x_blnu_pt_x_trijet_mInv_x_trijet_pt_rat_llr,257.625,from_multivar,8
lep0_pt_x_bjets_mbb_x_bjets_dR_x_bjets_pt_bb_x_bjet0_pt_x_blnu_mT_x_blnu_pt_x_trijet_mInv_x_trijet_pt_rat_llr,257.8125,from_multivar,9
lep0_pt_x_bjets_mbb_x_bjets_pt_bb_x_bjet1_pt_x_blnu_mT_x_blnu_pt_x_trijet_mInv_x_trijet_pt_llr,257.8125,from_multivar,8
lep0_pt_x_bjets_mbb_x_bjets_dR_x_bjets_pt_bb_x_bjet1_pt_x_blnu_mT_x_blnu_pt_llr,257.875,from_multivar,7
lep0_pt_x_bjets_mbb_x_bjets_pt_bb_x_bjet0_pt_x_blnu_mT_x_blnu_pt_x_trijet_pt_llr,257.875,from_multivar,7
lep0_pt_x_bjets_mbb_x_bjets_dR_x_bjets_pt_bb_x_blnu_mT_x_trijet_mInv_x_trijet_pt_llr,258.25,from_multivar,7
lep0_pt_x_bjets_mbb_x_bjets_dR_x_bjets_pt_bb_x_bjet1_pt_x_blnu_mT_x_blnu_pt_x_trijet_mInv_llr,258.25,from_multivar,8
bjets_mbb_x_bjets_dR_x_bjets_pt_bb_x_bjet0_pt_x_blnu_pt_x_trijet_pt_x_trijet_pt_rat_llr,258.5,from_multivar,7
lep0_pt_x_bjets_mbb_x_bjets_pt_bb_x_bjet1_pt_x_blnu_pt_x_trijet_mInv_x_trijet_pt_rat_llr,258.625,from_multivar,7
lep0_pt_x_bjets_mbb_x_bjets_dR_x_bjets_pt_bb_x_bjet0_pt_x_blnu_mT_x_blnu_pt_x_trijet_mInv_x_trijet_pt_x_trijet_pt_rat_llr,258.625,from_multivar,10
lep0_pt_x_bjets_mbb_x_bjets_dR_x_bjets_pt_bb_x_bjet1_pt_x_blnu_pt_x_trijet_mInv_llr,258.625,from_multivar,7
lep0_pt_x_bjets_mbb_x_bjets_pt_bb_x_bjet0_pt_x_blnu_mT_x_blnu_pt_x_trijet_mInv_x_trijet_pt_llr,258.625,from_multivar,8
bjets_mbb_x_bjets_dR_x_bjets_pt_bb_x_bjet1_pt_x_trijet_mInv_x_trijet_pt_x_trijet_pt_rat_llr,258.875,from_multivar,7
bjets_mbb_x_bjets_dR_x_bjets_pt_bb_x_bjet0_pt_x_blnu_mT_x_blnu_pt_x_trijet_pt_x_trijet_pt_rat_llr,258.875,from_multivar,8
lep0_pt_x_bjets_mbb_x_bjets_dR_x_bjets_pt_bb_x_bjet0_pt_x_blnu_pt_x_trijet_mInv_x_trijet_pt_rat_x_trijet_bijet_dR_llr,259.25,from_multivar,9
lep0_pt_x_bjets_mbb_x_bjets_dR_x_bjets_pt_bb_x_bjet0_pt_x_bjet1_pt_x_blnu_mT_x_blnu_pt_x_trijet_pt_x_trijet_bijet_dR_llr,259.25,from_multivar,10
bjets_mbb_x_bjets_dR_x_bjets_pt_bb_x_bjet0_pt_x_blnu_mT_x_blnu_pt_x_trijet_pt_rat_llr,259.25,from_multivar,7
bjets_mbb_x_bjets_pt_bb_x_bjet0_pt_x_blnu_pt_x_trijet_pt_rat_llr,259.25,from_multivar,5
lep0_pt_x_bjets_mbb_x_bjets_pt_bb_x_bjet0_pt_x_bjet1_pt_x_trijet_pt_llr,259.625,from_multivar,6
lep0_pt_x_bjets_mbb_x_bjets_dR_x_bjets_pt_bb_x_bjet0_pt_x_blnu_pt_x_trijet_pt_x_trijet_pt_rat_llr,259.625,from_multivar,8
lep0_pt_x_bjets_mbb_x_bjets_dR_x_bjets_pt_bb_x_bjet1_pt_x_blnu_mT_x_trijet_mInv_x_trijet_pt_llr,259.625,from_multivar,8
bjets_mbb_x_bjets_dR_x_bjets_pt_bb_x_bjet0_pt_x_bjet1_pt_x_blnu_pt_x_trijet_pt_rat_x_trijet_bijet_dR_llr,259.8125,from_multivar,8
lep0_pt_x_bjets_mbb_x_bjets_dR_x_bjets_pt_bb_x_trijet_pt_rat_llr,259.875,from_multivar,5
bjets_mbb_x_bjets_dR_x_bjets_pt_bb_x_blnu_pt_x_trijet_mInv_x_trijet_bijet_dR_llr,259.9375,from_multivar,6
lep0_pt_x_bjets_mbb_x_bjets_pt_bb_x_blnu_mT_x_blnu_pt_x_trijet_pt_rat_llr,260.0,from_multivar,6
lep0_pt_x_bjets_mbb_x_bjets_pt_bb_x_bjet0_pt_x_bjet1_pt_x_blnu_pt_x_trijet_pt_rat_llr,260.25,from_multivar,7
lep0_pt_x_bjets_mbb_x_bjets_dR_x_bjets_pt_bb_x_bjet0_pt_x_bjet1_pt_x_blnu_mT_x_blnu_pt_x_trijet_mInv_x_trijet_pt_rat_x_trijet_bijet_dR_llr,260.25,from_multivar,11
lep0_pt_x_bjets_mbb_x_bjets_dR_x_bjets_pt_bb_x_bjet0_pt_x_bjet1_pt_x_blnu_pt_x_trijet_pt_x_trijet_bijet_dR_llr,260.25,from_multivar,9
lep0_pt_x_bjets_mbb_x_bjets_dR_x_bjets_pt_bb_x_bjet0_pt_x_bjet1_pt_x_trijet_pt_x_trijet_pt_rat_llr,260.25,from_multivar,8
lep0_pt_x_bjets_mbb_x_bjets_dR_x_bjets_pt_bb_x_bjet0_pt_x_bjet1_pt_x_trijet_mInv_x_trijet_pt_x_trijet_pt_rat_llr,260.25,from_multivar,9
lep0_pt_x_bjets_mbb_x_bjets_dR_x_bjets_pt_bb_x_bjet1_pt_x_blnu_pt_x_trijet_mInv_x_trijet_bijet_dR_llr,260.25,from_multivar,8
lep0_pt_x_bjets_mbb_x_bjets_dR_x_bjets_pt_bb_x_bjet0_pt_x_blnu_mT_x_blnu_pt_x_trijet_mInv_x_trijet_pt_rat_x_trijet_bijet_dR_llr,260.25,from_multivar,10
bjets_mbb_x_bjets_pt_bb_x_bjet0_pt_x_bjet1_pt_x_trijet_pt_llr,260.25,from_multivar,5
lep0_pt_x_bjets_mbb_x_bjets_dR_x_bjets_pt_bb_x_bjet0_pt_x_bjet1_pt_x_blnu_pt_x_trijet_mInv_x_trijet_pt_x_trijet_bijet_dR_llr,260.5,from_multivar,10
bjets_mbb_x_bjets_dR_x_bjets_pt_bb_x_bjet1_pt_x_trijet_pt_x_trijet_bijet_dR_llr,260.75,from_multivar,6
bjets_mbb_x_bjets_dR_x_bjets_pt_bb_x_trijet_pt_x_trijet_pt_rat_llr,260.8125,from_multivar,5
lep0_pt_x_bjets_mbb_x_bjets_pt_bb_x_bjet0_pt_x_trijet_pt_x_trijet_pt_rat_llr,260.9375,from_multivar,6
bjets_mbb_x_bjets_dR_x_bjets_pt_bb_x_bjet0_pt_x_blnu_mT_x_blnu_pt_x_trijet_mInv_x_trijet_pt_rat_llr,260.9688,from_multivar,8
bjets_mbb_x_bjets_dR_x_bjets_pt_bb_x_bjet0_pt_x_blnu_pt_x_trijet_mInv_x_trijet_pt_rat_llr,261.0,from_multivar,7
lep0_pt_x_bjets_mbb_x_bjets_dR_x_bjets_pt_bb_x_bjet1_pt_x_blnu_pt_x_trijet_bijet_dR_llr,261.0,from_multivar,7
bjets_mbb_x_bjets_dR_x_bjets_pt_bb_x_blnu_pt_x_trijet_pt_x_trijet_pt_rat_llr,261.0,from_multivar,6
bjets_mbb_x_bjets_pt_bb_x_bjet0_pt_x_bjet1_pt_x_blnu_mT_x_trijet_pt_llr,261.25,from_multivar,6
bjets_mbb_x_bjets_dR_x_bjets_pt_bb_x_trijet_mInv_x_trijet_pt_x_trijet_bijet_dR_llr,261.25,from_multivar,6
bjets_mbb_x_bjets_pt_bb_x_bjet0_pt_x_blnu_pt_x_trijet_mInv_x_trijet_pt_rat_llr,261.25,from_multivar,6
lep0_pt_x_bjets_mbb_x_bjets_pt_bb_x_bjet0_pt_x_bjet1_pt_x_blnu_pt_x_trijet_mInv_x_trijet_pt_rat_llr,261.25,from_multivar,8
lep0_pt_x_bjets_mbb_x_bjets_dR_x_bjets_pt_bb_x_bjet0_pt_x_blnu_mT_x_trijet_mInv_x_trijet_pt_rat_x_trijet_bijet_dR_llr,261.25,from_multivar,9
lep0_pt_x_bjets_mbb_x_bjets_dR_x_bjets_pt_bb_x_bjet0_pt_x_bjet1_pt_x_blnu_pt_x_trijet_mInv_x_trijet_bijet_dR_llr,261.25,from_multivar,9
bjets_mbb_x_bjets_dR_x_bjets_pt_bb_x_bjet0_pt_x_blnu_mT_x_blnu_pt_x_trijet_mInv_x_trijet_pt_x_trijet_pt_rat_llr,261.25,from_multivar,9
lep0_pt_x_bjets_mbb_x_bjets_dR_x_bjets_pt_bb_x_bjet0_pt_x_bjet1_pt_x_trijet_mInv_x_trijet_pt_rat_x_trijet_bijet_dR_llr,261.5,from_multivar,9
bjets_mbb_x_bjets_dR_x_bjets_pt_bb_x_bjet1_pt_x_blnu_pt_x_trijet_pt_x_trijet_pt_rat_llr,261.5,from_multivar,7
lep0_pt_x_bjets_mbb_x_bjets_dR_x_bjets_pt_bb_x_bjet1_pt_x_blnu_mT_x_trijet_mInv_x_trijet_pt_x_trijet_pt_rat_llr,261.625,from_multivar,9
lep0_pt_x_bjets_mbb_x_bjets_pt_bb_x_bjet0_pt_x_blnu_mT_x_trijet_pt_llr,261.625,from_multivar,6
bjets_mbb_x_bjets_dR_x_bjets_pt_bb_x_bjet1_pt_x_blnu_pt_x_trijet_mInv_x_trijet_pt_x_trijet_pt_rat_llr,261.9375,from_multivar,8
bjets_mbb_x_bjets_pt_bb_x_bjet0_pt_x_blnu_mT_x_blnu_pt_x_trijet_pt_rat_llr,261.9688,from_multivar,6
lep0_pt_x_bjets_mbb_x_bjets_pt_bb_x_bjet1_pt_x_blnu_mT_x_trijet_mInv_x_trijet_pt_llr,261.9688,from_multivar,7
bjets_mbb_x_bjets_dR_x_bjets_pt_bb_x_bjet0_pt_x_bjet1_pt_x_blnu_mT_x_trijet_pt_x_trijet_pt_rat_llr,262.25,from_multivar,8
bjets_mbb_x_bjets_dR_x_bjets_pt_bb_x_bjet0_pt_x_bjet1_pt_x_blnu_pt_x_trijet_mInv_x_trijet_bijet_dR_llr,262.25,from_multivar,8
bjets_mbb_x_bjets_dR_x_bjets_pt_bb_x_bjet0_pt_x_bjet1_pt_x_trijet_pt_x_trijet_pt_rat_llr,262.25,from_multivar,7
bjets_mbb_x_bjets_dR_x_bjets_pt_bb_x_bjet0_pt_x_blnu_pt_x_trijet_mInv_x_trijet_pt_x_trijet_pt_rat_llr,262.25,from_multivar,8
bjets_mbb_x_bjets_dR_x_bjets_pt_bb_x_bjet1_pt_x_blnu_pt_x_trijet_mInv_x_trijet_bijet_dR_llr,262.25,from_multivar,7
lep0_pt_x_bjets_mbb_x_bjets_dR_x_bjets_pt_bb_x_bjet1_pt_x_blnu_mT_x_blnu_pt_x_trijet_mInv_x_trijet_bijet_dR_llr,262.25,from_multivar,9
lep0_pt_x_bjets_mbb_x_bjets_dR_x_bjets_pt_bb_x_bjet1_pt_x_trijet_mInv_x_trijet_pt_x_trijet_pt_rat_llr,262.25,from_multivar,8
lep0_pt_x_bjets_mbb_x_bjets_dR_x_bjets_pt_bb_x_blnu_pt_x_trijet_pt_x_trijet_pt_rat_llr,262.25,from_multivar,7
lep0_pt_x_bjets_mbb_x_bjets_dR_x_bjets_pt_bb_x_trijet_pt_x_trijet_pt_rat_llr,262.5,from_multivar,6
lep0_pt_x_bjets_mbb_x_bjets_dR_x_bjets_pt_bb_x_bjet0_pt_x_bjet1_pt_x_blnu_mT_x_trijet_mInv_x_trijet_pt_x_trijet_pt_rat_llr,262.5,from_multivar,10
bjets_mbb_x_bjets_pt_bb_x_bjet0_pt_x_blnu_mT_x_trijet_pt_x_trijet_pt_rat_llr,262.625,from_multivar,6
bjets_mbb_x_bjets_dR_x_bjets_pt_bb_x_bjet0_pt_x_bjet1_pt_x_blnu_mT_x_trijet_mInv_x_trijet_pt_x_trijet_pt_rat_llr,262.625,from_multivar,9
bjets_mbb_x_bjets_dR_x_bjets_pt_bb_x_bjet0_pt_x_bjet1_pt_x_blnu_pt_x_trijet_mInv_x_trijet_pt_x_trijet_bijet_dR_llr,262.8125,from_multivar,9
bjets_mbb_x_bjets_pt_bb_x_bjet0_pt_x_bjet1_pt_x_blnu_pt_x_trijet_mInv_x_trijet_pt_rat_llr,262.8125,from_multivar,7
bjets_mbb_x_bjets_pt_bb_x_bjet0_pt_x_bjet1_pt_x_blnu_mT_x_blnu_pt_x_trijet_pt_rat_llr,262.9375,from_multivar,7
bjets_mbb_x_bjets_dR_x_bjets_pt_bb_x_blnu_mT_x_trijet_pt_x_trijet_pt_rat_llr,263.25,from_multivar,6
bjets_mbb_x_bjets_dR_x_bjets_pt_bb_x_bjet0_pt_x_blnu_mT_x_blnu_pt_llr,263.25,from_multivar,6
lep0_pt_x_bjets_mbb_x_bjets_pt_bb_x_bjet0_pt_x_trijet_pt_llr,263.25,from_multivar,5
bjets_mbb_x_bjets_pt_bb_x_bjet0_pt_x_trijet_pt_llr,263.25,from_multivar,4
lep0_pt_x_bjets_mbb_x_bjets_dR_x_bjets_pt_bb_x_blnu_pt_x_trijet_mInv_x_trijet_bijet_dR_llr,263.25,from_multivar,7
lep0_pt_x_bjets_mbb_x_bjets_dR_x_bjets_pt_bb_x_blnu_mT_x_blnu_pt_x_trijet_mInv_x_trijet_bijet_dR_llr,263.25,from_multivar,8
lep0_pt_x_bjets_mbb_x_bjets_dR_x_bjets_pt_bb_x_bjet0_pt_x_bjet1_pt_x_blnu_pt_x_trijet_bijet_dR_llr,263.25,from_multivar,8
lep0_pt_x_bjets_mbb_x_bjets_dR_x_bjets_pt_bb_x_bjet0_pt_x_bjet1_pt_x_blnu_mT_x_trijet_mInv_x_trijet_pt_x_trijet_pt_rat_x_trijet_bijet_dR_llr,263.25,from_multivar,11
bjets_mbb_x_bjets_dR_x_bjets_pt_bb_x_bjet1_pt_x_blnu_mT_x_blnu_pt_x_trijet_mInv_x_trijet_bijet_dR_llr,263.25,from_multivar,8
lep0_pt_x_bjets_mbb_x_bjets_dR_x_bjets_pt_bb_x_bjet0_pt_x_bjet1_pt_x_trijet_pt_x_trijet_pt_rat_x_trijet_bijet_dR_llr,263.5,from_multivar,9
lep0_pt_x_bjets_mbb_x_bjets_dR_x_bjets_pt_bb_x_bjet0_pt_x_blnu_pt_llr,263.625,from_multivar,6
lep0_pt_x_bjets_mbb_x_bjets_pt_bb_x_bjet1_pt_x_blnu_mT_x_blnu_pt_x_trijet_mInv_x_trijet_pt_rat_llr,263.625,from_multivar,8
bjets_mbb_x_bjets_dR_x_bjets_pt_bb_x_blnu_mT_x_blnu_pt_x_trijet_mInv_x_trijet_bijet_dR_llr,263.75,from_multivar,7
bjets_mbb_x_bjets_dR_x_bjets_pt_bb_x_bjet0_pt_x_bjet1_pt_x_blnu_pt_x_trijet_pt_x_trijet_bijet_dR_llr,263.8125,from_multivar,8
bjets_mbb_x_bjets_pt_bb_x_bjet1_pt_x_trijet_pt_x_trijet_pt_rat_llr,263.875,from_multivar,5
lep0_pt_x_bjets_mbb_x_bjets_dR_x_bjets_pt_bb_x_bjet0_pt_x_blnu_mT_x_blnu_pt_x_trijet_mInv_x_trijet_bijet_dR_llr,263.875,from_multivar,9
bjets_mbb_x_bjets_pt_bb_x_bjet0_pt_x_bjet1_pt_x_trijet_mInv_x_trijet_pt_llr,263.9375,from_multivar,6
lep0_pt_x_bjets_mbb_x_bjets_dR_x_bjets_pt_bb_x_bjet1_pt_x_blnu_pt_x_trijet_mInv_x_trijet_pt_x_trijet_bijet_dR_llr,263.9375,from_multivar,9
lep0_pt_x_bjets_mbb_x_bjets_dR_x_bjets_pt_bb_x_bjet0_pt_x_trijet_mInv_x_trijet_pt_rat_x_trijet_bijet_dR_llr,264.25,from_multivar,8
lep0_pt_x_bjets_mbb_x_bjets_dR_x_bjets_pt_bb_x_bjet0_pt_x_bjet1_pt_x_blnu_mT_x_trijet_pt_x_trijet_bijet_dR_llr,264.25,from_multivar,9
lep0_pt_x_bjets_mbb_x_bjets_dR_x_bjets_pt_bb_x_bjet0_pt_x_bjet1_pt_x_blnu_mT_x_blnu_pt_x_trijet_pt_x_trijet_pt_rat_x_trijet_bijet_dR_llr,264.25,from_multivar,11
bjets_mbb_x_bjets_dR_x_bjets_pt_bb_x_blnu_pt_x_trijet_mInv_x_trijet_pt_x_trijet_pt_rat_llr,264.25,from_multivar,7
bjets_mbb_x_bjets_dR_x_bjets_pt_bb_x_bjet0_pt_x_bjet1_pt_x_blnu_pt_llr,264.25,from_multivar,6
bjets_mbb_x_bjets_dR_x_bjets_pt_bb_x_bjet0_pt_x_bjet1_pt_x_trijet_pt_llr,264.25,from_multivar,6
lep0_pt_x_bjets_mbb_x_bjets_pt_bb_x_bjet1_pt_x_trijet_pt_x_trijet_pt_rat_llr,264.25,from_multivar,6
bjets_mbb_x_bjets_dR_x_bjets_pt_bb_x_bjet0_pt_x_bjet1_pt_x_blnu_mT_x_blnu_pt_x_trijet_pt_x_trijet_bijet_dR_llr,264.25,from_multivar,9
bjets_mbb_x_bjets_dR_x_bjets_pt_bb_x_bjet0_pt_x_bjet1_pt_x_blnu_mT_x_blnu_pt_x_trijet_mInv_x_trijet_pt_x_trijet_bijet_dR_llr,264.25,from_multivar,10
bjets_mbb_x_bjets_dR_x_bjets_pt_bb_x_bjet0_pt_x_bjet1_pt_x_blnu_mT_x_blnu_pt_x_trijet_mInv_x_trijet_bijet_dR_llr,264.25,from_multivar,9
lep0_pt_x_bjets_mbb_x_bjets_dR_x_bjets_pt_bb_x_bjet0_pt_x_blnu_pt_x_trijet_mInv_x_trijet_bijet_dR_llr,264.25,from_multivar,8
lep0_pt_x_bjets_mbb_x_bjets_dR_x_bjets_pt_bb_x_bjet0_pt_x_bjet1_pt_x_blnu_mT_x_blnu_pt_x_trijet_mInv_x_trijet_bijet_dR_llr,264.25,from_multivar,10
bjets_mbb_x_bjets_dR_x_bjets_pt_bb_x_bjet0_pt_x_bjet1_pt_x_trijet_mInv_x_trijet_pt_x_trijet_pt_rat_llr,264.5,from_multivar,8
bjets_mbb_x_bjets_dR_x_bjets_pt_bb_x_bjet1_pt_x_blnu_mT_x_blnu_pt_x_trijet_mInv_x_trijet_pt_x_trijet_pt_rat_llr,264.5,from_multivar,9
bjets_mbb_x_bjets_pt_bb_x_bjet0_pt_x_bjet1_pt_x_blnu_mT_x_blnu_pt_x_trijet_mInv_x_trijet_pt_x_trijet_pt_rat_llr,264.625,from_multivar,9
bjets_mbb_x_bjets_dR_x_bjets_pt_bb_x_bjet1_pt_x_blnu_pt_x_trijet_mInv_x_trijet_pt_x_trijet_bijet_dR_llr,264.625,from_multivar,8
bjets_mbb_x_bjets_dR_x_bjets_pt_bb_x_blnu_mT_x_trijet_mInv_x_trijet_pt_rat_llr,264.625,from_multivar,6
bjets_mbb_x_bjets_dR_x_bjets_pt_bb_x_trijet_pt_x_trijet_bijet_dR_llr,264.625,from_multivar,5
lep0_pt_x_bjets_mbb_x_bjets_dR_x_bjets_pt_bb_x_bjet0_pt_x_bjet1_pt_x_trijet_pt_x_trijet_bijet_dR_llr,264.625,from_multivar,8
bjets_mbb_x_bjets_dR_x_bjets_pt_bb_x_bjet0_pt_x_blnu_mT_x_blnu_pt_x_trijet_mInv_x_trijet_bijet_dR_llr,264.8125,from_multivar,8
lep0_pt_x_bjets_mbb_x_bjets_dR_x_bjets_pt_bb_x_bjet0_pt_x_blnu_mT_x_blnu_pt_x_trijet_pt_rat_x_trijet_bijet_dR_llr,264.8125,from_multivar,9
lep0_pt_x_bjets_mbb_x_bjets_pt_bb_x_bjet1_pt_x_blnu_mT_x_blnu_pt_x_trijet_mInv_llr,264.875,from_multivar,7
lep0_pt_x_bjets_mbb_x_bjets_dR_x_bjets_pt_bb_x_trijet_pt_x_trijet_bijet_dR_llr,264.875,from_multivar,6
lep0_pt_x_bjets_mbb_x_bjets_dR_x_bjets_pt_bb_x_bjet0_pt_x_bjet1_pt_x_blnu_mT_x_blnu_pt_x_trijet_mInv_x_trijet_pt_x_trijet_bijet_dR_llr,264.875,from_multivar,11
bjets_mbb_x_bjets_dR_x_bjets_pt_bb_x_bjet1_pt_x_blnu_pt_x_trijet_pt_x_trijet_bijet_dR_llr,264.9375,from_multivar,7
bjets_mbb_x_bjets_dR_x_bjets_pt_bb_x_blnu_mT_x_trijet_pt_x_trijet_bijet_dR_llr,264.9375,from_multivar,6
bjets_mbb_x_bjets_dR_x_bjets_pt_bb_x_bjet1_pt_x_blnu_mT_x_trijet_pt_x_trijet_pt_rat_llr,264.9688,from_multivar,7
bjets_mbb_x_bjets_dR_x_bjets_pt_bb_x_bjet0_pt_x_bjet1_pt_x_blnu_mT_x_blnu_pt_x_trijet_mInv_x_trijet_pt_rat_x_trijet_bijet_dR_llr,264.9688,from_multivar,10
bjets_mbb_x_bjets_pt_bb_x_bjet0_pt_x_blnu_pt_x_trijet_pt_x_trijet_pt_rat_llr,265.0,from_multivar,6
lep0_pt_x_bjets_mbb_x_bjets_dR_x_bjets_pt_bb_x_bjet0_pt_x_blnu_mT_x_trijet_pt_x_trijet_pt_rat_llr,265.0,from_multivar,8
bjets_mbb_x_bjets_dR_x_bjets_pt_bb_x_bjet1_pt_x_blnu_mT_x_blnu_pt_x_trijet_pt_x_trijet_pt_rat_llr,265.25,from_multivar,8
lep0_pt_x_bjets_mbb_x_bjets_pt_bb_x_bjet0_pt_x_bjet1_pt_x_trijet_pt_x_trijet_pt_rat_llr,265.25,from_multivar,7
bjets_mbb_x_bjets_dR_x_bjets_pt_bb_x_bjet1_pt_x_blnu_mT_x_blnu_pt_x_trijet_bijet_dR_llr,265.25,from_multivar,7
lep0_pt_x_bjets_mbb_x_bjets_dR_x_bjets_pt_bb_x_bjet1_pt_x_blnu_mT_x_blnu_pt_x_trijet_bijet_dR_llr,265.25,from_multivar,8
bjets_mbb_x_bjets_pt_bb_x_bjet0_pt_x_blnu_mT_x_blnu_pt_llr,265.25,from_multivar,5
lep0_pt_x_bjets_mbb_x_bjets_dR_x_bjets_pt_bb_x_bjet0_pt_x_bjet1_pt_x_blnu_mT_x_trijet_pt_llr,265.25,from_multivar,8
lep0_pt_x_bjets_mbb_x_bjets_dR_x_bjets_pt_bb_x_bjet0_pt_x_blnu_mT_x_trijet_pt_x_trijet_bijet_dR_llr,265.25,from_multivar,8
lep0_pt_x_bjets_mbb_x_bjets_pt_bb_x_bjet0_pt_x_bjet1_pt_x_blnu_mT_x_blnu_pt_x_trijet_pt_rat_llr,265.625,from_multivar,8
lep0_pt_x_bjets_mbb_x_bjets_dR_x_bjets_pt_bb_x_bjet1_pt_x_trijet_pt_x_trijet_pt_rat_llr,265.625,from_multivar,7
lep0_pt_x_bjets_mbb_x_bjets_dR_x_bjets_pt_bb_x_bjet1_pt_x_blnu_mT_x_trijet_pt_x_trijet_pt_rat_llr,265.625,from_multivar,8
lep0_pt_x_bjets_mbb_x_bjets_dR_x_bjets_pt_bb_x_bjet0_pt_x_blnu_mT_x_blnu_pt_x_trijet_pt_x_trijet_bijet_dR_llr,265.625,from_multivar,9
bjets_mbb_x_bjets_pt_bb_x_bjet0_pt_x_bjet1_pt_x_blnu_mT_x_blnu_pt_llr,265.625,from_multivar,6
lep0_pt_x_bjets_mbb_x_bjets_pt_bb_x_bjet0_pt_x_bjet1_pt_x_blnu_mT_x_trijet_pt_x_trijet_pt_rat_llr,265.75,from_multivar,8
bjets_mbb_x_bjets_pt_bb_x_bjet0_pt_x_bjet1_pt_x_blnu_pt_x_trijet_mInv_x_trijet_pt_x_trijet_pt_rat_llr,265.75,from_multivar,8
lep0_pt_x_bjets_mbb_x_bjets_dR_x_bjets_pt_bb_x_blnu_pt_x_trijet_mInv_x_trijet_pt_x_trijet_pt_rat_llr,265.75,from_multivar,8
lep0_pt_x_bjets_mbb_x_bjets_dR_x_bjets_pt_bb_x_blnu_pt_x_trijet_mInv_x_trijet_pt_rat_x_trijet_bijet_dR_llr,265.875,from_multivar,8
bjets_mbb_x_bjets_pt_bb_x_bjet1_pt_x_blnu_mT_x_trijet_pt_x_trijet_pt_rat_llr,265.875,from_multivar,6
lep0_pt_x_bjets_mbb_x_bjets_dR_x_bjets_pt_bb_x_bjet0_pt_x_bjet1_pt_x_blnu_mT_x_blnu_pt_llr,265.875,from_multivar,8
bjets_mbb_x_bjets_dR_x_bjets_pt_bb_x_bjet0_pt_x_blnu_pt_x_trijet_mInv_x_trijet_pt_x_trijet_bijet_dR_llr,265.875,from_multivar,8
lep0_pt_x_bjets_mbb_x_bjets_dR_x_bjets_pt_bb_x_bjet0_pt_x_bjet1_pt_x_blnu_mT_x_trijet_mInv_x_trijet_pt_x_trijet_bijet_dR_llr,265.875,from_multivar,10
bjets_mbb_x_bjets_pt_bb_x_bjet1_pt_x_blnu_pt_x_trijet_pt_x_trijet_pt_rat_llr,265.9375,from_multivar,6
bjets_mbb_x_bjets_dR_x_bjets_pt_bb_x_bjet0_pt_x_bjet1_pt_x_blnu_pt_x_trijet_bijet_dR_llr,265.9375,from_multivar,7
lep0_pt_x_bjets_mbb_x_bjets_dR_x_bjets_pt_bb_x_bjet0_pt_x_blnu_pt_x_trijet_pt_x_trijet_bijet_dR_llr,265.9375,from_multivar,8
bjets_mbb_x_bjets_dR_x_bjets_pt_bb_x_bjet0_pt_x_blnu_mT_x_blnu_pt_x_trijet_mInv_x_trijet_pt_rat_x_trijet_bijet_dR_llr,266.0,from_multivar,9
lep0_pt_x_bjets_mbb_x_bjets_dR_x_bjets_pt_bb_x_bjet0_pt_x_bjet1_pt_x_blnu_pt_x_trijet_pt_x_trijet_pt_rat_x_trijet_bijet_dR_llr,266.0,from_multivar,10
lep0_pt_x_bjets_mbb_x_bjets_dR_x_bjets_pt_bb_x_bjet1_pt_x_blnu_pt_x_trijet_mInv_x_trijet_pt_rat_x_trijet_bijet_dR_llr,266.0,from_multivar,9
bjets_mbb_x_bjets_dR_x_bjets_pt_bb_x_bjet0_pt_x_bjet1_pt_x_blnu_mT_x_trijet_pt_llr,266.25,from_multivar,7
bjets_mbb_x_bjets_pt_bb_x_bjet0_pt_x_bjet1_pt_x_blnu_pt_x_trijet_pt_x_trijet_pt_rat_llr,266.25,from_multivar,7
lep0_pt_x_bjets_mbb_x_bjets_dR_x_bjets_pt_bb_x_bjet0_pt_x_bjet1_pt_x_blnu_pt_x_trijet_pt_rat_x_trijet_bijet_dR_llr,266.25,from_multivar,9
lep0_pt_x_bjets_mbb_x_bjets_pt_bb_x_bjet0_pt_x_blnu_mT_x_blnu_pt_x_trijet_pt_rat_llr,266.25,from_multivar,7
lep0_pt_x_bjets_mbb_x_bjets_pt_bb_x_bjet1_pt_x_blnu_mT_x_blnu_pt_x_trijet_pt_rat_llr,266.25,from_multivar,7
lep0_pt_x_bjets_mbb_x_bjets_dR_x_bjets_pt_bb_x_bjet0_pt_x_blnu_pt_x_trijet_mInv_x_trijet_pt_x_trijet_bijet_dR_llr,266.25,from_multivar,9
lep0_pt_x_bjets_mbb_x_bjets_dR_x_bjets_pt_bb_x_bjet0_pt_x_bjet1_pt_x_blnu_mT_x_blnu_pt_x_trijet_bijet_dR_llr,266.25,from_multivar,9
lep0_pt_x_bjets_mbb_x_bjets_pt_bb_x_blnu_pt_x_trijet_pt_x_trijet_pt_rat_llr,266.25,from_multivar,6
lep0_pt_x_bjets_mbb_x_bjets_dR_x_bjets_pt_bb_x_bjet1_pt_x_trijet_pt_rat_llr,266.25,from_multivar,6
lep0_pt_x_bjets_mbb_x_bjets_dR_x_bjets_pt_bb_x_bjet1_pt_x_blnu_pt_x_trijet_mInv_x_trijet_pt_x_trijet_pt_rat_llr,266.5,from_multivar,9
lep0_pt_x_bjets_mbb_x_bjets_dR_x_bjets_pt_bb_x_bjet0_pt_x_blnu_mT_x_blnu_pt_x_trijet_mInv_x_trijet_pt_x_trijet_bijet_dR_llr,266.5,from_multivar,10
lep0_pt_x_bjets_mbb_x_bjets_pt_bb_x_blnu_mT_x_blnu_pt_x_trijet_mInv_x_trijet_pt_rat_llr,266.625,from_multivar,7
lep0_pt_x_bjets_mbb_x_bjets_dR_x_bjets_pt_bb_x_bjet1_pt_x_blnu_mT_x_blnu_pt_x_trijet_mInv_x_trijet_pt_x_trijet_pt_rat_llr,266.625,from_multivar,10
lep0_pt_x_bjets_mbb_x_bjets_dR_x_bjets_pt_bb_x_bjet0_pt_x_blnu_mT_x_trijet_mInv_x_trijet_pt_x_trijet_bijet_dR_llr,266.625,from_multivar,9
bjets_mbb_x_bjets_pt_bb_x_bjet0_pt_x_trijet_pt_x_trijet_pt_rat_llr,266.625,from_multivar,5
lep0_pt_x_bjets_mbb_x_bjets_dR_x_bjets_pt_bb_x_bjet1_pt_x_blnu_pt_x_trijet_pt_x_trijet_pt_rat_llr,266.625,from_multivar,8
lep0_pt_x_bjets_mbb_x_bjets_pt_bb_x_blnu_pt_x_trijet_mInv_x_trijet_bijet_dR_llr,266.625,from_multivar,6
lep0_pt_x_bjets_mbb_x_bjets_pt_bb_x_bjet0_pt_x_trijet_pt_x_trijet_bijet_dR_llr,266.75,from_multivar,6
bjets_mbb_x_bjets_pt_bb_x_bjet1_pt_x_blnu_pt_x_trijet_mInv_x_trijet_bijet_dR_llr,266.75,from_multivar,6
bjets_mbb_x_bjets_pt_bb_x_bjet0_pt_x_bjet1_pt_x_blnu_mT_x_blnu_pt_x_trijet_mInv_x_trijet_pt_rat_llr,266.75,from_multivar,8
lep0_pt_x_bjets_mbb_x_bjets_pt_bb_x_bjet0_pt_x_bjet1_pt_x_blnu_mT_x_blnu_pt_x_trijet_mInv_x_trijet_pt_rat_llr,266.75,from_multivar,9
lep0_pt_x_bjets_mbb_x_bjets_dR_x_bjets_pt_bb_x_bjet0_pt_x_bjet1_pt_x_blnu_mT_x_trijet_pt_x_trijet_pt_rat_x_trijet_bijet_dR_llr,266.8125,from_multivar,10
lep0_pt_x_bjets_mbb_x_bjets_dR_x_bjets_pt_bb_x_bjet0_pt_x_bjet1_pt_x_blnu_mT_x_trijet_mInv_x_trijet_pt_rat_x_trijet_bijet_dR_llr,266.8125,from_multivar,10
lep0_pt_x_bjets_mbb_x_bjets_pt_bb_x_bjet0_pt_x_bjet1_pt_x_blnu_mT_x_trijet_pt_llr,266.8125,from_multivar,7
lep0_pt_x_bjets_mbb_x_bjets_dR_x_bjets_pt_bb_x_bjet0_pt_x_trijet_pt_x_trijet_pt_rat_llr,266.8125,from_multivar,7
lep0_pt_x_bjets_mbb_x_bjets_dR_x_bjets_pt_bb_x_bjet1_pt_x_blnu_pt_x_trijet_pt_x_trijet_bijet_dR_llr,266.8125,from_multivar,8
lep0_pt_x_bjets_mbb_x_bjets_dR_x_bjets_pt_bb_x_blnu_mT_x_blnu_pt_x_trijet_mInv_x_trijet_pt_rat_x_trijet_bijet_dR_llr,266.8125,from_multivar,9
lep0_pt_x_bjets_mbb_x_bjets_dR_x_bjets_pt_bb_x_blnu_pt_x_trijet_pt_x_trijet_bijet_dR_llr,266.8125,from_multivar,7
lep0_pt_x_bjets_mbb_x_bjets_dR_x_bjets_pt_bb_x_bjet0_pt_x_bjet1_pt_x_blnu_mT_x_blnu_pt_x_trijet_mInv_llr,266.875,from_multivar,9
bjets_mbb_x_bjets_dR_x_bjets_pt_bb_x_bjet0_pt_x_blnu_mT_x_blnu_pt_x_trijet_bijet_dR_llr,267.25,from_multivar,7
bjets_mbb_x_bjets_dR_x_bjets_pt_bb_x_bjet0_pt_x_bjet1_pt_x_blnu_mT_x_blnu_pt_x_trijet_mInv_llr,267.25,from_multivar,8
bjets_mbb_x_bjets_dR_x_bjets_pt_bb_x_bjet0_pt_x_bjet1_pt_x_blnu_mT_x_blnu_pt_x_trijet_bijet_dR_llr,267.25,from_multivar,8
lep0_pt_x_bjets_mbb_x_bjets_dR_x_bjets_pt_bb_x_blnu_mT_x_trijet_pt_rat_llr,267.25,from_multivar,6
bjets_mbb_x_bjets_dR_x_bjets_pt_bb_x_bjet0_pt_x_blnu_pt_x_trijet_bijet_dR_llr,267.25,from_multivar,6
bjets_mbb_x_bjets_dR_x_bjets_pt_bb_x_bjet1_pt_x_trijet_mInv_x_trijet_pt_rat_llr,267.25,from_multivar,6
lep0_pt_x_bjets_mbb_x_bjets_dR_x_bjets_pt_bb_x_bjet0_pt_x_blnu_pt_x_trijet_bijet_dR_llr,267.25,from_multivar,7
bjets_mbb_x_bjets_pt_bb_x_bjet0_pt_x_blnu_mT_x_trijet_pt_llr,267.25,from_multivar,5
lep0_pt_x_bjets_mbb_x_bjets_pt_bb_x_bjet0_pt_x_blnu_pt_x_trijet_mInv_x_trijet_pt_rat_llr,267.25,from_multivar,7
lep0_pt_x_bjets_mbb_x_bjets_dR_x_bjets_pt_bb_x_blnu_pt_x_trijet_mInv_x_trijet_pt_x_trijet_bijet_dR_llr,267.25,from_multivar,8
bjets_mbb_x_bjets_dR_x_bjets_pt_bb_x_blnu_mT_x_blnu_pt_x_trijet_mInv_x_trijet_pt_x_trijet_pt_rat_llr,267.5,from_multivar,8
bjets_mbb_x_bjets_dR_x_bjets_pt_bb_x_bjet1_pt_x_blnu_pt_x_trijet_mInv_x_trijet_pt_rat_x_trijet_bijet_dR_llr,267.5,from_multivar,8
lep0_pt_x_bjets_mbb_x_bjets_dR_x_bjets_pt_bb_x_blnu_mT_x_blnu_pt_x_trijet_bijet_dR_llr,267.5,from_multivar,7
lep0_pt_x_bjets_mbb_x_bjets_dR_x_bjets_pt_bb_x_bjet0_pt_x_blnu_pt_x_trijet_pt_rat_x_trijet_bijet_dR_llr,267.625,from_multivar,8
lep0_pt_x_bjets_mbb_x_bjets_dR_x_bjets_pt_bb_x_blnu_mT_x_blnu_pt_x_trijet_pt_x_trijet_pt_rat_llr,267.625,from_multivar,8
bjets_mbb_x_bjets_dR_x_bjets_pt_bb_x_bjet0_pt_x_bjet1_pt_x_blnu_mT_x_blnu_pt_x_trijet_pt_rat_x_trijet_bijet_dR_llr,267.625,from_multivar,9
lep0_pt_x_bjets_mbb_x_bjets_dR_x_bjets_pt_bb_x_bjet0_pt_x_blnu_mT_x_blnu_pt_x_trijet_bijet_dR_llr,267.625,from_multivar,8
lep0_pt_x_bjets_mbb_x_bjets_dR_x_bjets_pt_bb_x_bjet0_pt_x_bjet1_pt_x_blnu_mT_x_blnu_pt_x_trijet_pt_rat_x_trijet_bijet_dR_llr,267.625,from_multivar,10
lep0_pt_x_bjets_mbb_x_bjets_pt_bb_x_bjet0_pt_x_bjet1_pt_x_blnu_pt_x_trijet_mInv_x_trijet_pt_x_trijet_pt_rat_llr,267.625,from_multivar,9
bjets_mbb_x_bjets_dR_x_bjets_pt_bb_x_bjet0_pt_x_blnu_pt_x_trijet_pt_rat_x_trijet_bijet_dR_llr,267.625,from_multivar,7
bjets_mbb_x_bjets_dR_x_bjets_pt_bb_x_bjet0_pt_x_bjet1_pt_x_blnu_pt_x_trijet_mInv_x_trijet_pt_rat_x_trijet_bijet_dR_llr,267.625,from_multivar,9
bjets_mbb_x_bjets_pt_bb_x_bjet0_pt_x_bjet1_pt_x_blnu_mT_x_blnu_pt_x_trijet_pt_x_trijet_pt_rat_llr,267.625,from_multivar,8
bjets_mbb_x_bjets_dR_x_bjets_pt_bb_x_bjet0_pt_x_blnu_pt_x_trijet_mInv_x_trijet_pt_rat_x_trijet_bijet_dR_llr,267.75,from_multivar,8
lep0_pt_x_bjets_mbb_x_bjets_pt_bb_x_bjet0_pt_x_bjet1_pt_x_trijet_mInv_x_trijet_pt_x_trijet_pt_rat_llr,267.75,from_multivar,8
bjets_mbb_x_bjets_dR_x_bjets_pt_bb_x_bjet0_pt_x_blnu_pt_x_trijet_pt_x_trijet_bijet_dR_llr,267.8125,from_multivar,7
bjets_mbb_x_bjets_dR_x_bjets_pt_bb_x_bjet0_pt_x_blnu_mT_x_trijet_pt_x_trijet_pt_rat_llr,267.875,from_multivar,7
lep0_pt_x_bjets_mbb_x_bjets_dR_x_bjets_pt_bb_x_bjet0_pt_x_bjet1_pt_x_blnu_pt_x_trijet_mInv_llr,268.0,from_multivar,8
lep0_pt_x_bjets_mbb_x_bjets_dR_x_bjets_pt_bb_x_bjet0_pt_x_trijet_mInv_x_trijet_pt_x_trijet_pt_rat_llr,268.25,from_multivar,8
lep0_pt_x_bjets_mbb_x_bjets_dR_x_bjets_pt_bb_x_blnu_mT_x_trijet_pt_x_trijet_pt_rat_llr,268.25,from_multivar,7
bjets_mbb_x_bjets_dR_x_bjets_pt_bb_x_bjet0_pt_x_bjet1_pt_x_blnu_mT_x_trijet_pt_x_trijet_bijet_dR_llr,268.25,from_multivar,8
bjets_mbb_x_bjets_dR_x_bjets_pt_bb_x_bjet0_pt_x_blnu_mT_x_blnu_pt_x_trijet_mInv_x_trijet_pt_x_trijet_bijet_dR_llr,268.25,from_multivar,9
bjets_mbb_x_bjets_pt_bb_x_bjet0_pt_x_bjet1_pt_x_blnu_mT_x_trijet_mInv_x_trijet_pt_x_trijet_pt_rat_llr,268.25,from_multivar,8
bjets_mbb_x_bjets_dR_x_bjets_pt_bb_x_bjet0_pt_x_blnu_pt_x_trijet_mInv_x_trijet_bijet_dR_llr,268.25,from_multivar,7
lep0_pt_x_bjets_mbb_x_bjets_dR_x_bjets_pt_bb_x_bjet0_pt_x_trijet_pt_llr,268.25,from_multivar,6
bjets_mbb_x_bjets_pt_bb_x_blnu_pt_x_trijet_mInv_x_trijet_pt_x_trijet_pt_rat_llr,268.25,from_multivar,6
bjets_mbb_x_bjets_dR_x_bjets_pt_bb_x_bjet1_pt_x_blnu_mT_x_trijet_pt_rat_llr,268.25,from_multivar,6
bjets_mbb_x_bjets_dR_x_bjets_pt_bb_x_bjet0_pt_x_bjet1_pt_x_blnu_mT_x_blnu_pt_x_trijet_pt_x_trijet_pt_rat_x_trijet_bijet_dR_llr,268.25,from_multivar,10
bjets_mbb_x_bjets_pt_bb_x_trijet_pt_x_trijet_pt_rat_llr,268.625,from_multivar,4
bjets_mbb_x_bjets_dR_x_bjets_pt_bb_x_bjet1_pt_x_blnu_mT_x_blnu_pt_x_trijet_pt_x_trijet_bijet_dR_llr,268.625,from_multivar,8
lep0_pt_x_bjets_mbb_x_bjets_dR_x_bjets_pt_bb_x_bjet1_pt_x_blnu_mT_x_blnu_pt_x_trijet_mInv_x_trijet_pt_rat_x_trijet_bijet_dR_llr,268.625,from_multivar,10
lep0_pt_x_bjets_mbb_x_bjets_pt_bb_x_blnu_pt_x_trijet_mInv_x_trijet_pt_x_trijet_pt_rat_llr,268.625,from_multivar,7
bjets_mbb_x_bjets_dR_x_bjets_pt_bb_x_bjet0_pt_x_trijet_pt_x_trijet_pt_rat_llr,268.625,from_multivar,6
bjets_mbb_x_bjets_dR_x_bjets_pt_bb_x_trijet_mInv_x_trijet_pt_x_trijet_pt_rat_llr,268.75,from_multivar,6
bjets_mbb_x_bjets_dR_x_bjets_pt_bb_x_trijet_pt_rat_llr,268.75,from_multivar,4
bjets_mbb_x_bjets_pt_bb_x_bjet0_pt_x_bjet1_pt_x_trijet_mInv_x_trijet_pt_x_trijet_pt_rat_llr,268.75,from_multivar,7
lep0_pt_x_bjets_mbb_x_bjets_dR_x_bjets_pt_bb_x_bjet0_pt_x_bjet1_pt_x_blnu_mT_x_trijet_mInv_x_trijet_pt_llr,268.8125,from_multivar,9
bjets_mbb_x_bjets_dR_x_bjets_pt_bb_x_bjet0_pt_x_trijet_mInv_x_trijet_pt_llr,268.8125,from_multivar,6
lep0_pt_x_bjets_mbb_x_bjets_dR_x_bjets_pt_bb_x_bjet1_pt_x_blnu_mT_x_blnu_pt_x_trijet_pt_x_trijet_pt_rat_llr,268.8125,from_multivar,9
bjets_mbb_x_bjets_dR_x_bjets_pt_bb_x_bjet1_pt_x_blnu_mT_x_blnu_pt_x_trijet_mInv_x_trijet_pt_x_trijet_bijet_dR_llr,268.875,from_multivar,9
bjets_mbb_x_bjets_pt_bb_x_bjet0_pt_x_blnu_mT_x_trijet_mInv_x_trijet_pt_llr,268.875,from_multivar,6
bjets_mbb_x_bjets_pt_bb_x_bjet0_pt_x_bjet1_pt_x_blnu_pt_x_trijet_mInv_llr,268.875,from_multivar,6
bjets_mbb_x_bjets_dR_x_bjets_pt_bb_x_bjet0_pt_x_blnu_mT_x_trijet_pt_llr,268.875,from_multivar,6
lep0_pt_x_bjets_mbb_x_bjets_pt_bb_x_bjet1_pt_x_blnu_pt_x_trijet_bijet_dR_llr,268.9375,from_multivar,6
bjets_mbb_x_bjets_dR_x_bjets_pt_bb_x_bjet0_pt_x_bjet1_pt_x_blnu_mT_x_blnu_pt_llr,268.9375,from_multivar,7
lep0_pt_x_bjets_mbb_x_bjets_pt_bb_x_bjet0_pt_x_blnu_mT_x_trijet_pt_x_trijet_pt_rat_llr,268.9688,from_multivar,7
bjets_mbb_x_bjets_dR_x_bjets_pt_bb_x_bjet0_pt_x_blnu_mT_x_blnu_pt_x_trijet_pt_rat_x_trijet_bijet_dR_llr,269.0,from_multivar,8
bjets_mbb_x_bjets_pt_bb_x_blnu_pt_x_trijet_mInv_x_trijet_bijet_dR_llr,269.25,from_multivar,5
bjets_mbb_x_bjets_dR_x_bjets_pt_bb_x_blnu_mT_x_blnu_pt_x_trijet_mInv_x_trijet_pt_rat_x_trijet_bijet_dR_llr,269.25,from_multivar,8
bjets_mbb_x_bjets_dR_x_bjets_pt_bb_x_blnu_mT_x_trijet_mInv_x_trijet_pt_x_trijet_pt_rat_llr,269.25,from_multivar,7
bjets_mbb_x_bjets_pt_bb_x_bjet0_pt_x_bjet1_pt_x_blnu_mT_x_trijet_pt_x_trijet_pt_rat_llr,269.25,from_multivar,7
lep0_pt_x_bjets_mbb_x_bjets_dR_x_bjets_pt_bb_x_bjet0_pt_x_bjet1_pt_x_blnu_pt_llr,269.25,from_multivar,7
lep0_pt_x_bjets_mbb_x_bjets_dR_x_bjets_pt_bb_x_bjet0_pt_x_bjet1_pt_x_trijet_pt_llr,269.25,from_multivar,7
lep0_pt_x_bjets_mbb_x_bjets_dR_x_bjets_pt_bb_x_bjet0_pt_x_blnu_mT_x_blnu_pt_x_trijet_mInv_llr,269.25,from_multivar,8
lep0_pt_x_bjets_mbb_x_bjets_dR_x_bjets_pt_bb_x_bjet1_pt_x_trijet_mInv_x_trijet_pt_x_trijet_bijet_dR_llr,269.25,from_multivar,8
lep0_pt_x_bjets_mbb_x_bjets_dR_x_bjets_pt_bb_x_blnu_mT_x_blnu_pt_x_trijet_mInv_x_trijet_pt_x_trijet_bijet_dR_llr,269.25,from_multivar,9
lep0_pt_x_bjets_mbb_x_bjets_dR_x_bjets_pt_bb_x_blnu_mT_x_blnu_pt_x_trijet_mInv_x_trijet_pt_x_trijet_pt_rat_llr,269.25,from_multivar,9
lep0_pt_x_bjets_mbb_x_bjets_pt_bb_x_bjet0_pt_x_bjet1_pt_x_blnu_pt_x_trijet_pt_x_trijet_pt_rat_llr,269.25,from_multivar,8
bjets_mbb_x_bjets_dR_x_bjets_pt_bb_x_bjet0_pt_x_trijet_mInv_x_trijet_pt_x_trijet_pt_rat_llr,269.25,from_multivar,7
bjets_mbb_x_bjets_dR_x_bjets_pt_bb_x_bjet0_pt_x_blnu_mT_x_trijet_mInv_x_trijet_pt_x_trijet_pt_rat_llr,269.25,from_multivar,8
bjets_mbb_x_bjets_dR_x_bjets_pt_bb_x_bjet1_pt_x_blnu_mT_x_trijet_mInv_x_trijet_pt_x_trijet_pt_rat_llr,269.25,from_multivar,8
lep0_pt_x_bjets_mbb_x_bjets_pt_bb_x_bjet0_pt_x_bjet1_pt_x_blnu_pt_llr,269.25,from_multivar,6
lep0_pt_x_bjets_mbb_x_bjets_dR_x_bjets_pt_bb_x_bjet0_pt_x_blnu_mT_x_trijet_mInv_x_trijet_pt_x_trijet_pt_rat_llr,269.5,from_multivar,9
bjets_mbb_x_bjets_dR_x_bjets_pt_bb_x_bjet1_pt_x_blnu_mT_x_trijet_pt_x_trijet_bijet_dR_llr,269.5,from_multivar,7
bjets_mbb_x_bjets_dR_x_bjets_pt_bb_x_blnu_mT_x_trijet_mInv_x_trijet_pt_x_trijet_bijet_dR_llr,269.5,from_multivar,7
bjets_mbb_x_bjets_dR_x_bjets_pt_bb_x_bjet0_pt_x_trijet_pt_llr,269.625,from_multivar,5
lep0_pt_x_bjets_mbb_x_bjets_dR_x_bjets_pt_bb_x_blnu_mT_x_blnu_pt_x_trijet_pt_x_trijet_bijet_dR_llr,269.625,from_multivar,8
bjets_mbb_x_bjets_dR_x_bjets_pt_bb_x_bjet0_pt_x_blnu_pt_llr,269.75,from_multivar,5
lep0_pt_x_bjets_mbb_x_bjets_dR_x_bjets_pt_bb_x_bjet0_pt_x_trijet_pt_x_trijet_bijet_dR_llr,269.75,from_multivar,7
lep0_pt_x_bjets_mbb_x_bjets_dR_x_bjets_pt_bb_x_bjet1_pt_x_blnu_mT_x_blnu_pt_x_trijet_mInv_x_trijet_pt_x_trijet_bijet_dR_llr,269.9375,from_multivar,10
lep0_pt_x_bjets_mbb_x_bjets_dR_x_bjets_pt_bb_x_trijet_mInv_x_trijet_pt_rat_llr,270.0,from_multivar,6
bjets_mbb_x_bjets_pt_bb_x_blnu_pt_x_trijet_bijet_dR_llr,270.0,from_multivar,4
lep0_pt_x_bjets_mbb_x_bjets_pt_bb_x_bjet0_pt_x_blnu_mT_x_blnu_pt_x_trijet_mInv_x_trijet_pt_rat_llr,270.25,from_multivar,8
lep0_pt_x_bjets_mbb_x_bjets_dR_x_bjets_pt_bb_x_bjet0_pt_x_bjet1_pt_x_trijet_mInv_x_trijet_pt_llr,270.25,from_multivar,8
bjets_mbb_x_bjets_dR_x_bjets_pt_bb_x_bjet1_pt_x_trijet_pt_rat_llr,270.25,from_multivar,5
bjets_mbb_x_bjets_dR_x_bjets_pt_bb_x_blnu_mT_x_trijet_pt_rat_llr,270.25,from_multivar,5
lep0_pt_x_bjets_mbb_x_bjets_dR_x_bjets_pt_bb_x_blnu_mT_x_trijet_mInv_x_trijet_pt_x_trijet_pt_rat_llr,270.25,from_multivar,8
lep0_pt_x_bjets_mbb_x_bjets_dR_x_bjets_pt_bb_x_blnu_pt_x_trijet_pt_rat_x_trijet_bijet_dR_llr,270.25,from_multivar,7
bjets_mbb_x_bjets_dR_x_bjets_pt_bb_x_bjet1_pt_x_blnu_pt_x_trijet_pt_rat_x_trijet_bijet_dR_llr,270.25,from_multivar,7
bjets_mbb_x_bjets_dR_x_bjets_pt_bb_x_bjet0_pt_x_blnu_pt_x_trijet_mInv_llr,270.25,from_multivar,6
lep0_pt_x_bjets_mbb_x_bjets_pt_bb_x_trijet_mInv_x_trijet_pt_x_trijet_pt_rat_llr,270.25,from_multivar,6
bjets_mbb_x_bjets_dR_x_bjets_pt_bb_x_bjet0_pt_x_blnu_mT_x_blnu_pt_x_trijet_pt_x_trijet_bijet_dR_llr,270.25,from_multivar,8
bjets_mbb_x_bjets_dR_x_bjets_pt_bb_x_blnu_mT_x_blnu_pt_x_trijet_pt_x_trijet_pt_rat_llr,270.5,from_multivar,7
lep0_pt_x_bjets_mbb_x_bjets_dR_x_bjets_pt_bb_x_bjet1_pt_x_blnu_mT_x_blnu_pt_x_trijet_pt_x_trijet_bijet_dR_llr,270.625,from_multivar,9
bjets_mbb_x_bjets_pt_bb_x_bjet0_pt_x_bjet1_pt_x_blnu_pt_llr,270.625,from_multivar,5
bjets_mbb_x_bjets_dR_x_bjets_pt_bb_x_bjet1_pt_x_blnu_mT_x_blnu_pt_x_trijet_mInv_x_trijet_pt_rat_x_trijet_bijet_dR_llr,270.625,from_multivar,9
bjets_mbb_x_bjets_dR_x_bjets_pt_bb_x_blnu_mT_x_blnu_pt_x_trijet_mInv_x_trijet_pt_x_trijet_bijet_dR_llr,270.625,from_multivar,8
lep0_pt_x_bjets_mbb_x_bjets_pt_bb_x_bjet0_pt_x_blnu_mT_x_blnu_pt_llr,270.625,from_multivar,6
bjets_mbb_x_bjets_dR_x_bjets_pt_bb_x_bjet0_pt_x_bjet1_pt_x_blnu_pt_x_trijet_mInv_llr,270.875,from_multivar,7
bjets_mbb_x_bjets_pt_bb_x_bjet0_pt_x_blnu_pt_x_trijet_mInv_x_trijet_pt_x_trijet_pt_rat_llr,270.875,from_multivar,7
lep0_pt_x_bjets_mbb_x_bjets_dR_x_bjets_pt_bb_x_bjet0_pt_x_blnu_mT_x_trijet_pt_llr,270.875,from_multivar,7
bjets_mbb_x_bjets_dR_x_bjets_pt_bb_x_bjet1_pt_x_blnu_mT_x_blnu_pt_x_trijet_pt_rat_x_trijet_bijet_dR_llr,270.875,from_multivar,8
lep0_pt_x_bjets_mbb_x_bjets_dR_x_bjets_pt_bb_x_bjet1_pt_x_blnu_mT_x_trijet_pt_x_trijet_bijet_dR_llr,270.9375,from_multivar,8
bjets_mbb_x_bjets_dR_x_bjets_pt_bb_x_blnu_pt_x_trijet_mInv_x_trijet_pt_rat_x_trijet_bijet_dR_llr,270.9375,from_multivar,7
lep0_pt_x_bjets_mbb_x_bjets_pt_bb_x_bjet0_pt_x_bjet1_pt_x_trijet_mInv_x_trijet_pt_llr,270.9688,from_multivar,7
bjets_mbb_x_bjets_pt_bb_x_bjet0_pt_x_blnu_mT_x_blnu_pt_x_trijet_mInv_x_trijet_pt_rat_llr,271.0,from_multivar,7
bjets_mbb_x_bjets_pt_bb_x_bjet0_pt_x_blnu_mT_x_blnu_pt_x_trijet_mInv_llr,271.25,from_multivar,6
bjets_mbb_x_bjets_dR_x_bjets_pt_bb_x_bjet0_pt_x_bjet1_pt_x_blnu_pt_x_trijet_pt_x_trijet_pt_rat_x_trijet_bijet_dR_llr,271.25,from_multivar,9
lep0_pt_x_bjets_mbb_x_bjets_dR_x_bjets_pt_bb_x_bjet0_pt_x_blnu_mT_x_blnu_pt_llr,271.25,from_multivar,7
lep0_pt_x_bjets_mbb_x_bjets_dR_x_bjets_pt_bb_x_bjet0_pt_x_trijet_mInv_x_trijet_pt_x_trijet_bijet_dR_llr,271.25,from_multivar,8
lep0_pt_x_bjets_mbb_x_bjets_dR_x_bjets_pt_bb_x_bjet1_pt_x_blnu_pt_x_trijet_pt_rat_x_trijet_bijet_dR_llr,271.25,from_multivar,8
lep0_pt_x_bjets_mbb_x_bjets_pt_bb_x_bjet0_pt_x_bjet1_pt_x_blnu_mT_x_blnu_pt_x_trijet_mInv_x_trijet_pt_x_trijet_pt_rat_llr,271.25,from_multivar,10
bjets_mbb_x_bjets_dR_x_bjets_pt_bb_x_bjet1_pt_x_trijet_mInv_x_trijet_pt_x_trijet_bijet_dR_llr,271.25,from_multivar,7
bjets_mbb_x_bjets_dR_x_bjets_pt_bb_x_bjet0_pt_x_bjet1_pt_x_blnu_mT_x_trijet_mInv_x_trijet_pt_llr,271.625,from_multivar,8
bjets_mbb_x_bjets_pt_bb_x_blnu_mT_x_trijet_pt_rat_llr,271.625,from_multivar,4
bjets_mbb_x_bjets_dR_x_bjets_pt_bb_x_bjet0_pt_x_trijet_pt_x_trijet_bijet_dR_llr,271.625,from_multivar,6
lep0_pt_x_bjets_mbb_x_bjets_dR_x_bjets_pt_bb_x_bjet0_pt_x_bjet1_pt_x_trijet_mInv_x_trijet_pt_x_trijet_bijet_dR_llr,271.625,from_multivar,9
lep0_pt_x_bjets_mbb_x_bjets_pt_bb_x_bjet0_pt_x_trijet_mInv_x_trijet_pt_llr,271.75,from_multivar,6
bjets_mbb_x_bjets_dR_x_bjets_pt_bb_x_trijet_mInv_x_trijet_pt_rat_llr,271.75,from_multivar,5
lep0_pt_x_bjets_mbb_x_bjets_dR_x_bjets_pt_bb_x_trijet_mInv_x_trijet_pt_x_trijet_pt_rat_llr,271.75,from_multivar,7
bjets_mbb_x_bjets_dR_x_bjets_pt_bb_x_blnu_pt_x_trijet_mInv_x_trijet_pt_x_trijet_bijet_dR_llr,271.75,from_multivar,7
lep0_pt_x_bjets_mbb_x_bjets_dR_x_bjets_pt_bb_x_bjet0_pt_x_blnu_pt_x_trijet_mInv_x_trijet_pt_x_trijet_pt_rat_x_trijet_bijet_dR_llr,271.8125,from_multivar,10
lep0_pt_x_bjets_mbb_x_bjets_pt_bb_x_blnu_pt_x_trijet_bijet_dR_llr,271.8125,from_multivar,5
lep0_pt_x_bjets_mbb_x_bjets_pt_bb_x_bjet0_pt_x_bjet1_pt_x_blnu_mT_x_blnu_pt_x_trijet_pt_x_trijet_pt_rat_llr,271.875,from_multivar,9
bjets_mbb_x_bjets_dR_x_bjets_pt_bb_x_blnu_pt_x_trijet_pt_x_trijet_bijet_dR_llr,271.875,from_multivar,6
lep0_pt_x_bjets_mbb_x_bjets_dR_x_bjets_pt_bb_x_bjet1_pt_x_blnu_mT_x_trijet_mInv_x_trijet_pt_x_trijet_bijet_dR_llr,271.9375,from_multivar,9
bjets_mbb_x_bjets_dR_x_bjets_pt_bb_x_bjet0_pt_x_bjet1_pt_x_trijet_pt_x_trijet_bijet_dR_llr,271.9375,from_multivar,7
lep0_pt_x_bjets_mbb_x_bjets_pt_bb_x_blnu_mT_x_trijet_pt_rat_llr,271.9375,from_multivar,5
lep0_pt_x_bjets_mbb_x_bjets_pt_bb_x_bjet0_pt_x_blnu_pt_llr,271.9688,from_multivar,5
bjets_mbb_x_bjets_pt_bb_x_bjet1_pt_x_blnu_pt_x_trijet_bijet_dR_llr,272.0,from_multivar,5
bjets_mbb_x_bjets_pt_bb_x_trijet_mInv_x_trijet_pt_x_trijet_pt_rat_llr,272.25,from_multivar,5
lep0_pt_x_bjets_mbb_x_bjets_dR_x_bjets_pt_bb_x_bjet0_pt_x_blnu_pt_x_trijet_mInv_llr,272.25,from_multivar,7
bjets_dR_x_bjets_pt_bb_x_bjet1_pt_x_blnu_pt_x_trijet_mInv_x_trijet_pt_llr,272.25,from_multivar,6
lep0_pt_x_bjets_mbb_x_bjets_dR_x_bjets_pt_bb_x_blnu_mT_x_trijet_pt_x_trijet_bijet_dR_llr,272.25,from_multivar,7
bjets_mbb_x_bjets_dR_x_bjets_pt_bb_x_bjet1_pt_x_trijet_pt_rat_x_trijet_bijet_dR_llr,272.25,from_multivar,6
bjets_mbb_x_bjets_dR_x_bjets_pt_bb_x_bjet0_pt_x_bjet1_pt_x_blnu_mT_x_trijet_mInv_x_trijet_pt_rat_x_trijet_bijet_dR_llr,272.25,from_multivar,9
bjets_mbb_x_bjets_dR_x_bjets_pt_bb_x_bjet0_pt_x_bjet1_pt_x_blnu_mT_x_trijet_mInv_x_trijet_pt_x_trijet_bijet_dR_llr,272.25,from_multivar,9
bjets_mbb_x_bjets_dR_x_bjets_pt_bb_x_bjet1_pt_x_blnu_mT_x_trijet_mInv_x_trijet_pt_x_trijet_bijet_dR_llr,272.25,from_multivar,8
lep0_pt_x_bjets_mbb_x_bjets_dR_x_bjets_pt_bb_x_bjet0_pt_x_bjet1_pt_x_blnu_mT_x_trijet_pt_rat_x_trijet_bijet_dR_llr,272.25,from_multivar,9
lep0_pt_x_bjets_mbb_x_bjets_dR_x_bjets_pt_bb_x_bjet0_pt_x_bjet1_pt_x_trijet_mInv_x_trijet_pt_x_trijet_pt_rat_x_trijet_bijet_dR_llr,272.25,from_multivar,10
lep0_pt_x_bjets_mbb_x_bjets_dR_x_bjets_pt_bb_x_bjet0_pt_x_blnu_mT_x_blnu_pt_x_trijet_mInv_x_trijet_pt_x_trijet_pt_rat_x_trijet_bijet_dR_llr,272.25,from_multivar,11
lep0_pt_x_bjets_mbb_x_bjets_dR_x_bjets_pt_bb_x_bjet1_pt_x_blnu_mT_x_blnu_pt_x_trijet_pt_rat_x_trijet_bijet_dR_llr,272.25,from_multivar,9
lep0_pt_x_bjets_mbb_x_bjets_dR_x_bjets_pt_bb_x_trijet_mInv_x_trijet_pt_x_trijet_bijet_dR_llr,272.25,from_multivar,7
lep0_pt_x_bjets_mbb_x_bjets_pt_bb_x_bjet1_pt_x_trijet_mInv_x_trijet_pt_x_trijet_pt_rat_llr,272.25,from_multivar,7
lep0_pt_x_bjets_mbb_x_bjets_dR_x_bjets_pt_bb_x_blnu_mT_x_trijet_pt_rat_x_trijet_bijet_dR_llr,272.25,from_multivar,7
lep0_pt_x_bjets_mbb_x_bjets_pt_bb_x_bjet0_pt_x_bjet1_pt_x_blnu_mT_x_trijet_mInv_x_trijet_pt_llr,272.25,from_multivar,8
lep0_pt_x_bjets_mbb_x_bjets_dR_x_bjets_pt_bb_x_bjet0_pt_x_blnu_mT_x_trijet_mInv_x_trijet_pt_x_trijet_pt_rat_x_trijet_bijet_dR_llr,272.5,from_multivar,10
bjets_mbb_x_bjets_pt_bb_x_blnu_pt_x_trijet_pt_x_trijet_pt_rat_llr,272.5,from_multivar,5
bjets_mbb_x_bjets_dR_x_bjets_pt_bb_x_bjet0_pt_x_bjet1_pt_x_trijet_mInv_x_trijet_pt_llr,272.625,from_multivar,7
lep0_pt_x_bjets_mbb_x_bjets_dR_x_bjets_pt_bb_x_blnu_mT_x_blnu_pt_x_trijet_pt_rat_x_trijet_bijet_dR_llr,272.625,from_multivar,8
bjets_mbb_x_bjets_pt_bb_x_bjet0_pt_x_blnu_mT_x_blnu_pt_x_trijet_pt_x_trijet_pt_rat_llr,272.625,from_multivar,7
bjets_mbb_x_bjets_pt_bb_x_bjet0_pt_x_bjet1_pt_x_blnu_pt_x_trijet_bijet_dR_llr,272.75,from_multivar,6
bjets_mbb_x_bjets_dR_x_bjets_pt_bb_x_bjet0_pt_x_blnu_mT_x_trijet_mInv_x_trijet_pt_x_trijet_bijet_dR_llr,272.75,from_multivar,8
bjets_mbb_x_bjets_dR_x_bjets_pt_bb_x_bjet0_pt_x_blnu_mT_x_trijet_pt_x_trijet_bijet_dR_llr,272.75,from_multivar,7
bjets_mbb_x_bjets_dR_x_bjets_pt_bb_x_blnu_mT_x_blnu_pt_x_trijet_pt_rat_x_trijet_bijet_dR_llr,272.75,from_multivar,7
bjets_mbb_x_bjets_pt_bb_x_trijet_pt_rat_llr,272.8125,from_multivar,3
lep0_pt_x_bjets_mbb_x_bjets_pt_bb_x_blnu_mT_x_trijet_mInv_x_trijet_pt_rat_llr,272.8125,from_multivar,6
bjets_mbb_x_bjets_dR_x_bjets_pt_bb_x_bjet0_pt_x_bjet1_pt_x_blnu_mT_x_trijet_pt_rat_x_trijet_bijet_dR_llr,272.8125,from_multivar,8
bjets_mbb_x_bjets_pt_bb_x_bjet0_pt_x_bjet1_pt_x_blnu_mT_x_trijet_mInv_x_trijet_pt_llr,272.8125,from_multivar,7
lep0_pt_x_bjets_mbb_x_bjets_dR_x_bjets_pt_bb_x_bjet0_pt_x_blnu_mT_x_trijet_pt_x_trijet_pt_rat_x_trijet_bijet_dR_llr,272.9375,from_multivar,9
lep0_pt_x_bjets_mbb_x_bjets_pt_bb_x_bjet1_pt_x_blnu_pt_x_trijet_mInv_x_trijet_pt_x_trijet_pt_rat_llr,273.25,from_multivar,8
bjets_mbb_x_bjets_dR_x_bjets_pt_bb_x_bjet0_pt_x_bjet1_pt_x_blnu_mT_x_trijet_mInv_x_trijet_pt_x_trijet_pt_rat_x_trijet_bijet_dR_llr,273.25,from_multivar,10
lep0_pt_x_bjets_mbb_x_bjets_dR_x_bjets_pt_bb_x_bjet1_pt_x_trijet_pt_rat_x_trijet_bijet_dR_llr,273.25,from_multivar,7
bjets_mbb_x_bjets_dR_x_bjets_pt_bb_x_bjet0_pt_x_blnu_mT_x_blnu_pt_x_trijet_mInv_llr,273.25,from_multivar,7
bjets_mbb_x_bjets_pt_bb_x_bjet1_pt_x_blnu_pt_x_trijet_mInv_x_trijet_pt_x_trijet_pt_rat_llr,273.25,from_multivar,7
lep0_pt_x_bjets_mbb_x_bjets_dR_x_bjets_pt_bb_x_bjet1_pt_x_trijet_pt_x_trijet_bijet_dR_llr,273.25,from_multivar,7
bjets_mbb_x_bjets_dR_x_bjet0_pt_x_bjet1_pt_x_blnu_pt_x_trijet_pt_rat_llr,273.25,from_multivar,6
lep0_pt_x_bjets_mbb_x_bjets_dR_x_bjets_pt_bb_x_blnu_mT_x_trijet_bijet_dR_llr,273.25,from_multivar,6
bjets_mbb_x_bjets_dR_x_bjets_pt_bb_x_bjet0_pt_x_bjet1_pt_x_trijet_mInv_x_trijet_pt_x_trijet_bijet_dR_llr,273.25,from_multivar,8
bjets_mbb_x_bjets_dR_x_bjets_pt_bb_x_bjet1_pt_x_blnu_mT_x_trijet_mInv_x_trijet_pt_rat_x_trijet_bijet_dR_llr,273.5,from_multivar,8
bjets_mbb_x_bjets_dR_x_bjets_pt_bb_x_blnu_mT_x_blnu_pt_x_trijet_pt_x_trijet_bijet_dR_llr,273.5,from_multivar,7
lep0_pt_x_bjets_mbb_x_bjets_dR_x_bjets_pt_bb_x_bjet0_pt_x_bjet1_pt_x_blnu_mT_x_blnu_pt_x_trijet_mInv_x_trijet_pt_x_trijet_pt_rat_x_trijet_bijet_dR_llr,273.5,from_multivar,12
bjets_dR_x_bjets_pt_bb_x_bjet0_pt_x_bjet1_pt_x_blnu_pt_x_trijet_pt_llr,273.5,from_multivar,6
lep0_pt_x_bjets_mbb_x_bjets_dR_x_bjets_pt_bb_x_bjet0_pt_x_blnu_pt_x_trijet_pt_x_trijet_pt_rat_x_trijet_bijet_dR_llr,273.5,from_multivar,9
bjets_mbb_x_bjets_dR_x_bjets_pt_bb_x_blnu_mT_x_trijet_mInv_x_trijet_bijet_dR_llr,273.625,from_multivar,6
bjets_mbb_x_bjets_dR_x_bjets_pt_bb_x_bjet0_pt_x_blnu_mT_x_blnu_pt_x_trijet_pt_x_trijet_pt_rat_x_trijet_bijet_dR_llr,273.625,from_multivar,9
lep0_pt_x_bjets_mbb_x_bjets_pt_bb_x_bjet0_pt_x_blnu_pt_x_trijet_mInv_x_trijet_pt_x_trijet_pt_rat_llr,273.625,from_multivar,8
bjets_mbb_x_bjets_pt_bb_x_blnu_mT_x_trijet_mInv_x_trijet_pt_x_trijet_pt_rat_llr,273.75,from_multivar,6
bjets_mbb_x_bjets_pt_bb_x_bjet0_pt_x_blnu_mT_x_blnu_pt_x_trijet_bijet_dR_llr,273.75,from_multivar,6
bjets_mbb_x_bjets_pt_bb_x_bjet0_pt_x_bjet1_pt_x_blnu_mT_x_blnu_pt_x_trijet_mInv_llr,273.75,from_multivar,7
bjets_mbb_x_bjets_pt_bb_x_bjet0_pt_x_blnu_mT_x_blnu_pt_x_trijet_mInv_x_trijet_pt_x_trijet_pt_rat_llr,273.75,from_multivar,8
lep0_pt_x_bjets_dR_x_bjets_pt_bb_x_bjet0_pt_x_blnu_pt_x_trijet_pt_llr,273.875,from_multivar,6
bjets_mbb_x_bjets_pt_bb_x_bjet1_pt_x_blnu_mT_x_trijet_mInv_x_trijet_pt_rat_llr,273.9375,from_multivar,6
lep0_pt_x_bjets_mbb_x_bjets_dR_x_bjets_pt_bb_x_trijet_mInv_x_trijet_bijet_dR_llr,273.9375,from_multivar,6
bjets_mbb_x_bjets_pt_bb_x_bjet0_pt_x_blnu_pt_llr,273.9375,from_multivar,4
lep0_pt_x_bjets_mbb_x_bjets_dR_x_bjets_pt_bb_x_bjet0_pt_x_blnu_mT_x_trijet_mInv_x_trijet_pt_llr,273.9688,from_multivar,8
lep0_pt_x_bjets_mbb_x_bjets_dR_x_bjets_pt_bb_x_bjet1_pt_x_blnu_mT_x_trijet_pt_rat_x_trijet_bijet_dR_llr,274.0,from_multivar,8
bjets_mbb_x_bjets_pt_bb_x_bjet0_pt_x_blnu_pt_x_trijet_bijet_dR_llr,274.25,from_multivar,5
lep0_pt_x_bjets_mbb_x_bjets_dR_x_bjets_pt_bb_x_bjet1_pt_x_blnu_mT_x_trijet_mInv_x_trijet_pt_rat_x_trijet_bijet_dR_llr,274.25,from_multivar,9
lep0_pt_x_bjets_mbb_x_bjets_dR_x_bjets_pt_bb_x_bjet0_pt_x_trijet_pt_x_trijet_pt_rat_x_trijet_bijet_dR_llr,274.25,from_multivar,8
bjets_mbb_x_bjets_dR_x_bjets_pt_bb_x_bjet0_pt_x_bjet1_pt_x_trijet_mInv_x_trijet_pt_rat_x_trijet_bijet_dR_llr,274.25,from_multivar,8
lep0_pt_x_bjets_mbb_x_bjets_pt_bb_x_bjet0_pt_x_bjet1_pt_x_blnu_mT_x_blnu_pt_llr,274.25,from_multivar,7
lep0_pt_x_bjets_mbb_x_bjets_pt_bb_x_bjet0_pt_x_blnu_mT_x_blnu_pt_x_trijet_pt_x_trijet_pt_rat_llr,274.25,from_multivar,8
lep0_pt_x_bjets_mbb_x_bjets_pt_bb_x_bjet1_pt_x_trijet_mInv_x_trijet_pt_rat_llr,274.25,from_multivar,6
bjets_mbb_x_bjets_dR_x_bjet0_pt_x_bjet1_pt_x_blnu_pt_x_trijet_pt_llr,274.25,from_multivar,6
lep0_pt_x_bjets_mbb_x_bjets_dR_x_bjets_pt_bb_x_blnu_mT_x_trijet_mInv_x_trijet_pt_x_trijet_bijet_dR_llr,274.25,from_multivar,8
bjets_mbb_x_bjets_dR_x_bjets_pt_bb_x_bjet0_pt_x_bjet1_pt_x_blnu_mT_x_trijet_pt_x_trijet_pt_rat_x_trijet_bijet_dR_llr,274.5,from_multivar,9
lep0_pt_x_bjets_mbb_x_bjets_pt_bb_x_bjet0_pt_x_bjet1_pt_x_blnu_mT_x_trijet_mInv_x_trijet_pt_x_trijet_pt_rat_llr,274.5,from_multivar,9
bjets_mbb_x_bjets_pt_bb_x_blnu_mT_x_blnu_pt_x_trijet_pt_x_trijet_pt_rat_llr,274.625,from_multivar,6
lep0_pt_x_bjets_mbb_x_bjets_pt_bb_x_bjet0_pt_x_blnu_pt_x_trijet_bijet_dR_llr,274.625,from_multivar,6
lep0_pt_x_bjets_mbb_x_bjets_dR_x_bjets_pt_bb_x_trijet_mInv_x_trijet_pt_rat_x_trijet_bijet_dR_llr,274.625,from_multivar,7
lep0_pt_x_bjets_mbb_x_bjets_dR_x_bjets_pt_bb_x_bjet0_pt_x_bjet1_pt_x_trijet_pt_rat_x_trijet_bijet_dR_llr,274.625,from_multivar,8
lep0_pt_x_bjets_mbb_x_bjets_pt_bb_x_bjet0_pt_x_blnu_pt_x_trijet_pt_x_trijet_pt_rat_llr,274.625,from_multivar,7
lep0_pt_x_bjets_mbb_x_bjets_dR_x_bjets_pt_bb_x_bjet0_pt_x_trijet_pt_rat_x_trijet_bijet_dR_llr,274.625,from_multivar,7
lep0_pt_x_bjets_mbb_x_bjets_dR_x_bjets_pt_bb_x_bjet0_pt_x_blnu_mT_x_blnu_pt_x_trijet_pt_x_trijet_pt_rat_x_trijet_bijet_dR_llr,274.625,from_multivar,10
lep0_pt_x_bjets_mbb_x_bjets_pt_bb_x_trijet_pt_x_trijet_pt_rat_llr,274.75,from_multivar,5
lep0_pt_x_bjets_mbb_x_bjets_pt_bb_x_blnu_mT_x_trijet_pt_x_trijet_bijet_dR_llr,274.8125,from_multivar,6
lep0_pt_x_bjets_mbb_x_bjets_pt_bb_x_bjet0_pt_x_blnu_pt_x_trijet_mInv_llr,274.8125,from_multivar,6
bjets_mbb_x_bjets_pt_bb_x_bjet0_pt_x_trijet_mInv_x_trijet_pt_x_trijet_pt_rat_llr,274.8125,from_multivar,6
bjets_mbb_x_bjets_pt_bb_x_blnu_mT_x_trijet_mInv_x_trijet_pt_rat_llr,274.8125,from_multivar,5
lep0_pt_x_bjets_mbb_x_bjets_pt_bb_x_bjet1_pt_x_blnu_mT_x_trijet_mInv_x_trijet_pt_x_trijet_pt_rat_llr,274.875,from_multivar,8
bjets_mbb_x_bjets_pt_bb_x_bjet1_pt_x_blnu_mT_x_trijet_pt_rat_llr,275.0,from_multivar,5
lep0_pt_x_bjets_mbb_x_bjets_dR_x_bjets_pt_bb_x_blnu_mT_x_trijet_mInv_x_trijet_pt_rat_x_trijet_bijet_dR_llr,275.0,from_multivar,8
lep0_pt_x_bjets_mbb_x_bjets_dR_x_bjets_pt_bb_x_bjet1_pt_x_trijet_mInv_x_trijet_pt_rat_x_trijet_bijet_dR_llr,275.25,from_multivar,8
bjets_dR_x_bjets_pt_bb_x_bjet0_pt_x_blnu_mT_x_blnu_pt_x_trijet_pt_llr,275.25,from_multivar,6
bjets_mbb_x_bjets_pt_bb_x_bjet1_pt_x_blnu_mT_x_blnu_pt_x_trijet_bijet_dR_llr,275.25,from_multivar,6
bjets_mbb_x_bjets_dR_x_bjets_pt_bb_x_bjet1_pt_x_blnu_mT_x_trijet_mInv_x_trijet_pt_rat_llr,275.25,from_multivar,7
lep0_pt_x_bjets_mbb_x_bjets_pt_bb_x_blnu_mT_x_blnu_pt_x_trijet_bijet_dR_llr,275.25,from_multivar,6
bjets_mbb_x_bjets_dR_x_bjets_pt_bb_x_bjet0_pt_x_bjet1_pt_x_trijet_mInv_x_trijet_pt_x_trijet_pt_rat_x_trijet_bijet_dR_llr,275.25,from_multivar,9
bjets_mbb_x_bjets_dR_x_bjets_pt_bb_x_bjet0_pt_x_bjet1_pt_x_trijet_pt_rat_x_trijet_bijet_dR_llr,275.25,from_multivar,7
bjets_mbb_x_bjets_pt_bb_x_bjet0_pt_x_trijet_mInv_x_trijet_pt_llr,275.25,from_multivar,5
bjets_mbb_x_bjets_pt_bb_x_blnu_mT_x_blnu_pt_x_trijet_mInv_x_trijet_bijet_dR_llr,275.25,from_multivar,6
lep0_pt_x_bjets_mbb_x_bjets_pt_bb_x_bjet1_pt_x_trijet_pt_rat_llr,275.25,from_multivar,5
lep0_pt_x_bjets_mbb_x_bjets_dR_x_bjets_pt_bb_x_blnu_mT_x_trijet_mInv_x_trijet_pt_rat_llr,275.25,from_multivar,7
lep0_pt_x_bjets_mbb_x_bjets_pt_bb_x_bjet0_pt_x_trijet_mInv_x_trijet_pt_x_trijet_pt_rat_llr,275.25,from_multivar,7
lep0_pt_x_bjets_mbb_x_bjets_pt_bb_x_bjet0_pt_x_bjet1_pt_x_blnu_pt_x_trijet_mInv_llr,275.25,from_multivar,7
bjets_mbb_x_bjets_dR_x_bjets_pt_bb_x_bjet0_pt_x_blnu_mT_x_trijet_pt_rat_x_trijet_bijet_dR_llr,275.625,from_multivar,7
lep0_pt_x_bjets_mbb_x_bjets_dR_x_bjets_pt_bb_x_bjet0_pt_x_trijet_mInv_x_trijet_pt_x_trijet_pt_rat_x_trijet_bijet_dR_llr,275.625,from_multivar,9
bjets_mbb_x_bjets_dR_x_bjets_pt_bb_x_bjet0_pt_x_trijet_mInv_x_trijet_pt_x_trijet_bijet_dR_llr,275.625,from_multivar,7
bjets_mbb_x_bjets_dR_x_bjets_pt_bb_x_bjet0_pt_x_blnu_pt_x_trijet_mInv_x_trijet_pt_x_trijet_pt_rat_x_trijet_bijet_dR_llr,275.625,from_multivar,9
bjets_mbb_x_bjets_dR_x_bjets_pt_bb_x_bjet0_pt_x_bjet1_pt_x_blnu_pt_x_trijet_mInv_x_trijet_pt_x_trijet_pt_rat_x_trijet_bijet_dR_llr,275.625,from_multivar,10
lep0_pt_x_bjets_mbb_x_bjets_dR_x_bjet0_pt_x_bjet1_pt_x_trijet_pt_rat_llr,275.625,from_multivar,6
bjets_mbb_x_bjets_dR_x_bjets_pt_bb_x_blnu_mT_x_trijet_pt_rat_x_trijet_bijet_dR_llr,275.625,from_multivar,6
bjets_dR_x_bjets_pt_bb_x_bjet0_pt_x_bjet1_pt_x_blnu_mT_x_blnu_pt_x_trijet_pt_llr,275.625,from_multivar,7
bjets_mbb_x_bjets_dR_x_bjets_pt_bb_x_bjet0_pt_x_blnu_mT_x_trijet_mInv_x_trijet_pt_rat_x_trijet_bijet_dR_llr,275.75,from_multivar,8
lep0_pt_x_bjets_mbb_x_bjets_dR_x_bjets_pt_bb_x_bjet1_pt_x_trijet_mInv_x_trijet_pt_rat_llr,275.75,from_multivar,7
bjets_mbb_x_bjets_pt_bb_x_blnu_mT_x_trijet_pt_x_trijet_pt_rat_llr,275.75,from_multivar,5
lep0_pt_x_bjets_mbb_x_bjets_pt_bb_x_trijet_mInv_x_trijet_pt_x_trijet_bijet_dR_llr,275.8125,from_multivar,6
lep0_pt_x_bjets_mbb_x_bjets_dR_x_bjets_pt_bb_x_bjet0_pt_x_bjet1_pt_x_blnu_pt_x_trijet_mInv_x_trijet_pt_x_trijet_pt_rat_x_trijet_bijet_dR_llr,275.8125,from_multivar,11
lep0_pt_x_bjets_mbb_x_bjets_dR_x_bjets_pt_bb_x_bjet0_pt_x_blnu_mT_x_trijet_pt_rat_x_trijet_bijet_dR_llr,275.8125,from_multivar,8
lep0_pt_x_bjets_mbb_x_bjets_pt_bb_x_bjet0_pt_x_bjet1_pt_x_blnu_mT_x_blnu_pt_x_trijet_mInv_llr,275.8125,from_multivar,8
lep0_pt_x_bjets_mbb_x_bjets_pt_bb_x_bjet0_pt_x_blnu_mT_x_blnu_pt_x_trijet_mInv_llr,275.8125,from_multivar,7
lep0_pt_x_bjets_mbb_x_bjets_dR_x_bjets_pt_bb_x_bjet1_pt_x_blnu_pt_x_trijet_mInv_x_trijet_pt_x_trijet_pt_rat_x_trijet_bijet_dR_llr,275.875,from_multivar,10
bjets_mbb_x_bjets_pt_bb_x_bjet0_pt_x_blnu_pt_x_trijet_mInv_llr,275.875,from_multivar,5
bjets_mbb_x_bjets_dR_x_bjets_pt_bb_x_blnu_mT_x_trijet_mInv_x_trijet_pt_rat_x_trijet_bijet_dR_llr,275.875,from_multivar,7
lep0_pt_x_bjets_mbb_x_bjets_pt_bb_x_trijet_pt_rat_llr,275.875,from_multivar,4
bjets_mbb_x_bjets_dR_x_bjets_pt_bb_x_bjet1_pt_x_trijet_mInv_x_trijet_pt_rat_x_trijet_bijet_dR_llr,275.875,from_multivar,7
bjets_mbb_x_bjets_dR_x_bjets_pt_bb_x_bjet1_pt_x_trijet_mInv_x_trijet_bijet_dR_llr,275.9375,from_multivar,6
lep0_pt_x_bjets_mbb_x_bjets_pt_bb_x_bjet1_pt_x_blnu_mT_x_trijet_pt_rat_llr,275.9375,from_multivar,6
lep0_pt_x_bjets_mbb_x_bjets_pt_bb_x_trijet_mInv_x_trijet_pt_rat_llr,275.9688,from_multivar,5
lep0_pt_x_bjets_mbb_x_bjets_dR_x_bjets_pt_bb_x_trijet_pt_rat_x_trijet_bijet_dR_llr,276.25,from_multivar,6
bjets_dR_x_bjets_pt_bb_x_bjet1_pt_x_blnu_pt_x_trijet_pt_llr,276.25,from_multivar,5
lep0_pt_x_bjets_mbb_x_bjets_dR_x_bjets_pt_bb_x_trijet_bijet_dR_llr,276.25,from_multivar,5
bjets_mbb_x_bjets_dR_x_bjets_pt_bb_x_bjet0_pt_x_bjet1_pt_x_blnu_mT_x_blnu_pt_x_trijet_mInv_x_trijet_pt_x_trijet_pt_rat_x_trijet_bijet_dR_llr,276.25,from_multivar,11
bjets_mbb_x_bjets_dR_x_bjets_pt_bb_x_bjet0_pt_x_blnu_mT_x_trijet_mInv_x_trijet_pt_llr,276.25,from_multivar,7
bjets_mbb_x_bjets_pt_bb_x_bjet0_pt_x_bjet1_pt_x_blnu_pt_x_trijet_mInv_x_trijet_pt_x_trijet_bijet_dR_llr,276.25,from_multivar,8
lep0_pt_x_bjets_mbb_x_bjets_dR_x_bjets_pt_bb_x_bjet0_pt_x_blnu_mT_x_trijet_mInv_x_trijet_pt_rat_llr,276.25,from_multivar,8
lep0_pt_x_bjets_mbb_x_bjets_dR_x_bjets_pt_bb_x_blnu_mT_x_trijet_mInv_x_trijet_bijet_dR_llr,276.25,from_multivar,7
lep0_pt_x_bjets_mbb_x_bjets_pt_bb_x_bjet0_pt_x_bjet1_pt_x_trijet_pt_x_trijet_bijet_dR_llr,276.25,from_multivar,7
lep0_pt_x_bjets_mbb_x_bjets_dR_x_bjets_pt_bb_x_bjet0_pt_x_trijet_mInv_x_trijet_pt_llr,276.5,from_multivar,7
bjets_mbb_x_bjets_pt_bb_x_bjet1_pt_x_trijet_pt_rat_llr,276.5,from_multivar,4
bjets_mbb_x_bjets_pt_bb_x_blnu_mT_x_blnu_pt_x_trijet_bijet_dR_llr,276.5,from_multivar,5
lep0_pt_x_bjets_mbb_x_bjets_pt_bb_x_bjet0_pt_x_blnu_mT_x_trijet_mInv_x_trijet_pt_x_trijet_pt_rat_llr,276.5,from_multivar,8
bjets_mbb_x_bjets_dR_x_bjet0_pt_x_bjet1_pt_x_trijet_pt_llr,276.625,from_multivar,5
lep0_pt_x_bjets_dR_x_bjets_pt_bb_x_trijet_pt_llr,276.625,from_multivar,4
bjets_mbb_x_bjets_dR_x_bjets_pt_bb_x_bjet1_pt_x_blnu_mT_x_trijet_pt_rat_x_trijet_bijet_dR_llr,276.625,from_multivar,7
lep0_pt_x_bjets_mbb_x_bjets_pt_bb_x_bjet0_pt_x_bjet1_pt_x_blnu_pt_x_trijet_mInv_x_trijet_pt_x_trijet_bijet_dR_llr,276.625,from_multivar,9
lep0_pt_x_bjets_dR_x_bjets_pt_bb_x_bjet1_pt_x_blnu_pt_x_trijet_pt_llr,276.9375,from_multivar,6
lep0_pt_x_bjets_mbb_x_bjets_pt_bb_x_bjet0_pt_x_blnu_mT_x_blnu_pt_x_trijet_mInv_x_trijet_pt_x_trijet_pt_rat_llr,277.0,from_multivar,9
bjets_mbb_x_bjets_dR_x_bjets_pt_bb_x_trijet_mInv_x_trijet_bijet_dR_llr,277.25,from_multivar,5
bjets_dR_x_bjets_pt_bb_x_bjet0_pt_x_blnu_pt_x_trijet_mInv_x_trijet_pt_llr,277.25,from_multivar,6
bjets_mbb_x_bjets_pt_bb_x_bjet0_pt_x_blnu_pt_x_trijet_mInv_x_trijet_bijet_dR_llr,277.25,from_multivar,6
bjets_mbb_x_bjets_dR_x_bjets_pt_bb_x_bjet0_pt_x_bjet1_pt_x_trijet_pt_x_trijet_pt_rat_x_trijet_bijet_dR_llr,277.25,from_multivar,8
bjets_mbb_x_bjets_pt_bb_x_trijet_mInv_x_trijet_pt_x_trijet_bijet_dR_llr,277.25,from_multivar,5
lep0_pt_x_bjets_mbb_x_bjets_pt_bb_x_bjet1_pt_x_blnu_pt_x_trijet_pt_x_trijet_pt_rat_llr,277.25,from_multivar,7
bjets_mbb_x_bjets_pt_bb_x_bjet0_pt_x_blnu_mT_x_trijet_mInv_x_trijet_pt_x_trijet_pt_rat_llr,277.25,from_multivar,7
bjets_mbb_x_bjets_dR_x_bjets_pt_bb_x_bjet0_pt_x_blnu_mT_x_trijet_mInv_x_trijet_pt_x_trijet_pt_rat_x_trijet_bijet_dR_llr,277.25,from_multivar,9
bjets_mbb_x_bjets_pt_bb_x_trijet_mInv_x_trijet_pt_rat_llr,277.5,from_multivar,4
bjets_mbb_x_bjets_dR_x_bjets_pt_bb_x_bjet0_pt_x_blnu_mT_x_blnu_pt_x_trijet_mInv_x_trijet_pt_x_trijet_pt_rat_x_trijet_bijet_dR_llr,277.75,from_multivar,10
bjets_mbb_x_bjets_dR_x_bjets_pt_bb_x_trijet_bijet_dR_llr,277.875,from_multivar,4
lep0_pt_x_bjets_mbb_x_bjets_pt_bb_x_bjet0_pt_x_blnu_mT_x_trijet_mInv_x_trijet_pt_llr,277.875,from_multivar,7
bjets_mbb_x_bjets_pt_bb_x_bjet1_pt_x_trijet_pt_x_trijet_bijet_dR_llr,278.0,from_multivar,5
bjets_mbb_x_bjets_dR_x_bjets_pt_bb_x_bjet1_pt_x_trijet_bijet_dR_llr,278.25,from_multivar,5
bjets_mbb_x_bjets_dR_x_bjets_pt_bb_x_blnu_mT_x_trijet_bijet_dR_llr,278.25,from_multivar,5
lep0_pt_x_bjets_mbb_x_bjets_dR_x_bjets_pt_bb_x_bjet1_pt_x_trijet_bijet_dR_llr,278.25,from_multivar,6
bjets_mbb_x_bjets_dR_x_bjets_pt_bb_x_bjet0_pt_x_bjet1_pt_x_trijet_pt_rat_llr,278.25,from_multivar,6
lep0_pt_x_bjets_mbb_x_bjets_pt_bb_x_blnu_mT_x_trijet_pt_x_trijet_pt_rat_llr,278.25,from_multivar,6
lep0_pt_x_bjets_mbb_x_bjets_pt_bb_x_bjet0_pt_x_bjet1_pt_x_blnu_pt_x_trijet_pt_x_trijet_bijet_dR_llr,278.25,from_multivar,8
lep0_pt_x_bjets_mbb_x_bjets_pt_bb_x_bjet1_pt_x_blnu_pt_x_trijet_mInv_x_trijet_bijet_dR_llr,278.25,from_multivar,7
lep0_pt_x_bjets_mbb_x_bjets_dR_x_bjets_pt_bb_x_bjet1_pt_x_blnu_pt_x_trijet_pt_x_trijet_pt_rat_x_trijet_bijet_dR_llr,278.25,from_multivar,9
lep0_pt_x_bjets_mbb_x_bjets_dR_x_bjets_pt_bb_x_bjet1_pt_x_blnu_mT_x_trijet_pt_rat_llr,278.25,from_multivar,7
lep0_pt_x_bjets_mbb_x_bjets_dR_x_bjets_pt_bb_x_bjet1_pt_x_blnu_mT_x_trijet_mInv_x_trijet_pt_rat_llr,278.25,from_multivar,8
bjets_mbb_x_bjets_pt_bb_x_bjet1_pt_x_blnu_mT_x_blnu_pt_x_trijet_mInv_x_trijet_bijet_dR_llr,278.25,from_multivar,7
bjets_mbb_x_bjets_pt_bb_x_bjet0_pt_x_bjet1_pt_x_blnu_pt_x_trijet_pt_x_trijet_bijet_dR_llr,278.25,from_multivar,7
bjets_mbb_x_bjets_dR_x_bjets_pt_bb_x_bjet0_pt_x_trijet_mInv_x_trijet_pt_rat_x_trijet_bijet_dR_llr,278.25,from_multivar,7
bjets_mbb_x_bjets_pt_bb_x_bjet1_pt_x_blnu_mT_x_blnu_pt_x_trijet_mInv_x_trijet_pt_x_trijet_pt_rat_llr,278.25,from_multivar,8
lep0_pt_x_bjets_mbb_x_bjets_pt_bb_x_bjet0_pt_x_bjet1_pt_x_blnu_pt_x_trijet_mInv_x_trijet_pt_rat_x_trijet_bijet_dR_llr,278.5,from_multivar,9
bjets_mbb_x_bjets_dR_x_bjets_pt_bb_x_bjet0_pt_x_blnu_pt_x_trijet_pt_x_trijet_pt_rat_x_trijet_bijet_dR_llr,278.5,from_multivar,8
bjets_mbb_x_bjets_pt_bb_x_bjet0_pt_x_blnu_pt_x_trijet_pt_x_trijet_bijet_dR_llr,278.5,from_multivar,6
lep0_pt_x_bjets_mbb_x_bjets_pt_bb_x_bjet0_pt_x_bjet1_pt_x_blnu_pt_x_trijet_bijet_dR_llr,278.625,from_multivar,7
bjets_mbb_x_bjets_pt_bb_x_bjet1_pt_x_blnu_mT_x_trijet_mInv_x_trijet_pt_x_trijet_pt_rat_llr,278.625,from_multivar,7
bjets_mbb_x_bjets_dR_x_bjets_pt_bb_x_bjet1_pt_x_blnu_pt_x_trijet_mInv_x_trijet_pt_x_trijet_pt_rat_x_trijet_bijet_dR_llr,278.625,from_multivar,9
bjets_mbb_x_bjets_dR_x_bjet0_pt_x_bjet1_pt_x_trijet_pt_rat_llr,278.625,from_multivar,5
bjets_mbb_x_bjets_dR_x_bjets_pt_bb_x_bjet1_pt_x_blnu_mT_x_trijet_bijet_dR_llr,278.8125,from_multivar,6
bjets_mbb_x_bjets_pt_bb_x_trijet_pt_x_trijet_bijet_dR_llr,278.8125,from_multivar,4
lep0_pt_x_bjets_mbb_x_bjets_pt_bb_x_bjet0_pt_x_bjet1_pt_x_blnu_pt_x_trijet_mInv_x_trijet_bijet_dR_llr,278.875,from_multivar,8
lep0_pt_x_bjets_mbb_x_bjets_pt_bb_x_bjet1_pt_x_trijet_pt_x_trijet_bijet_dR_llr,278.875,from_multivar,6
lep0_pt_x_bjets_mbb_x_bjets_dR_x_bjet0_pt_x_bjet1_pt_x_trijet_pt_llr,278.9375,from_multivar,6
lep0_pt_x_bjets_mbb_x_bjets_pt_bb_x_bjet1_pt_x_blnu_mT_x_blnu_pt_x_trijet_mInv_x_trijet_pt_x_trijet_pt_rat_llr,278.9688,from_multivar,9
bjets_mbb_x_bjets_pt_bb_x_bjet1_pt_x_trijet_mInv_x_trijet_pt_x_trijet_bijet_dR_llr,279.0,from_multivar,6
bjets_mbb_x_bjets_dR_x_bjets_pt_bb_x_bjet0_pt_x_blnu_mT_x_trijet_pt_x_trijet_pt_rat_x_trijet_bijet_dR_llr,279.25,from_multivar,8
lep0_pt_x_bjets_mbb_x_bjets_dR_x_bjets_pt_bb_x_bjet0_pt_x_bjet1_pt_x_trijet_mInv_x_trijet_pt_rat_llr,279.25,from_multivar,8
bjets_mbb_x_bjets_pt_bb_x_bjet0_pt_x_bjet1_pt_x_blnu_mT_x_trijet_pt_rat_llr,279.25,from_multivar,6
bjets_dR_x_bjets_pt_bb_x_blnu_pt_x_trijet_pt_llr,279.5,from_multivar,4
lep0_pt_x_bjets_mbb_x_bjets_pt_bb_x_trijet_pt_rat_x_trijet_bijet_dR_llr,279.5,from_multivar,5
bjets_mbb_x_bjets_dR_x_bjets_pt_bb_x_bjet1_pt_x_blnu_mT_x_trijet_mInv_x_trijet_bijet_dR_llr,279.625,from_multivar,7
bjets_mbb_x_bjets_pt_bb_x_bjet0_pt_x_bjet1_pt_x_blnu_mT_x_blnu_pt_x_trijet_mInv_x_trijet_pt_x_trijet_bijet_dR_llr,279.625,from_multivar,9
lep0_pt_x_bjets_dR_x_bjets_pt_bb_x_blnu_pt_x_trijet_pt_llr,279.625,from_multivar,5
bjets_mbb_x_bjets_pt_bb_x_bjet1_pt_x_trijet_mInv_x_trijet_pt_rat_llr,279.75,from_multivar,5
lep0_pt_x_bjets_mbb_x_bjets_dR_x_bjets_pt_bb_x_bjet0_pt_x_bjet1_pt_x_blnu_mT_x_trijet_mInv_x_trijet_pt_rat_llr,279.75,from_multivar,9
bjets_mbb_x_bjets_dR_x_bjets_pt_bb_x_bjet0_pt_x_trijet_pt_x_trijet_pt_rat_x_trijet_bijet_dR_llr,279.8125,from_multivar,7
bjets_mbb_x_bjets_pt_bb_x_bjet0_pt_x_bjet1_pt_x_blnu_pt_x_trijet_mInv_x_trijet_bijet_dR_llr,279.875,from_multivar,7
lep0_pt_x_bjets_dR_x_bjets_pt_bb_x_blnu_pt_x_trijet_mInv_x_trijet_pt_llr,279.9688,from_multivar,6
bjets_mbb_x_bjets_dR_x_bjet0_pt_x_bjet1_pt_x_blnu_mT_x_trijet_pt_llr,279.9688,from_multivar,6
bjets_dR_x_bjets_pt_bb_x_bjet1_pt_x_blnu_mT_x_blnu_pt_x_trijet_pt_llr,279.9688,from_multivar,6
bjets_dR_x_bjets_pt_bb_x_bjet0_pt_x_bjet1_pt_x_blnu_mT_x_blnu_pt_x_trijet_mInv_x_trijet_pt_llr,280.25,from_multivar,8
bjets_mbb_x_bjets_pt_bb_x_blnu_mT_x_blnu_pt_x_trijet_mInv_x_trijet_pt_x_trijet_pt_rat_llr,280.25,from_multivar,7
lep0_pt_x_bjets_mbb_x_bjets_pt_bb_x_bjet0_pt_x_bjet1_pt_x_blnu_mT_x_trijet_mInv_x_trijet_pt_x_trijet_bijet_dR_llr,280.25,from_multivar,9
lep0_pt_x_bjets_mbb_x_bjets_pt_bb_x_bjet1_pt_x_blnu_mT_x_trijet_pt_x_trijet_pt_rat_llr,280.25,from_multivar,7
bjets_dR_x_bjets_pt_bb_x_blnu_pt_x_trijet_mInv_x_trijet_pt_llr,280.25,from_multivar,5
lep0_pt_x_bjets_mbb_x_bjets_pt_bb_x_bjet0_pt_x_blnu_pt_x_trijet_mInv_x_trijet_pt_rat_x_trijet_bijet_dR_llr,280.5,from_multivar,8
bjets_mbb_x_bjets_dR_x_bjet0_pt_x_bjet1_pt_x_blnu_pt_llr,280.5,from_multivar,5
bjets_mbb_x_bjets_pt_bb_x_bjet0_pt_x_blnu_mT_x_trijet_mInv_x_trijet_pt_rat_llr,280.5,from_multivar,6
bjets_mbb_x_bjets_pt_bb_x_bjet1_pt_x_blnu_mT_x_blnu_pt_x_trijet_pt_x_trijet_pt_rat_llr,280.5,from_multivar,7
lep0_pt_x_bjets_mbb_x_bjets_pt_bb_x_bjet0_pt_x_blnu_pt_x_trijet_mInv_x_trijet_bijet_dR_llr,280.625,from_multivar,7
lep0_pt_x_bjets_mbb_x_bjets_pt_bb_x_bjet0_pt_x_blnu_mT_x_blnu_pt_x_trijet_bijet_dR_llr,280.625,from_multivar,7
lep0_pt_x_bjets_mbb_x_bjets_dR_x_bjets_pt_bb_x_bjet1_pt_x_blnu_mT_x_trijet_mInv_x_trijet_bijet_dR_llr,280.75,from_multivar,8
bjets_mbb_x_bjets_dR_x_bjets_pt_bb_x_bjet0_pt_x_trijet_mInv_x_trijet_pt_x_trijet_pt_rat_x_trijet_bijet_dR_llr,280.8125,from_multivar,8
bjets_mbb_x_bjets_dR_x_bjets_pt_bb_x_bjet0_pt_x_bjet1_pt_x_blnu_mT_x_trijet_pt_rat_llr,280.8125,from_multivar,7
bjets_mbb_x_bjets_dR_x_bjets_pt_bb_x_trijet_pt_rat_x_trijet_bijet_dR_llr,280.875,from_multivar,5
lep0_pt_x_bjets_mbb_x_bjets_dR_x_bjets_pt_bb_x_trijet_mInv_x_trijet_pt_x_trijet_pt_rat_x_trijet_bijet_dR_llr,280.875,from_multivar,8
bjets_mbb_x_bjets_dR_x_bjets_pt_bb_x_bjet0_pt_x_blnu_mT_x_trijet_pt_rat_llr,280.9375,from_multivar,6
lep0_pt_x_bjets_dR_x_bjets_pt_bb_x_blnu_pt_x_trijet_mInv_x_trijet_pt_rat_llr,280.9375,from_multivar,6
lep0_pt_x_bjets_dR_x_bjets_pt_bb_x_blnu_mT_x_trijet_pt_llr,280.9375,from_multivar,5
lep0_pt_x_bjets_mbb_x_bjets_pt_bb_x_bjet0_pt_x_blnu_mT_x_blnu_pt_x_trijet_mInv_x_trijet_bijet_dR_llr,280.9375,from_multivar,8
bjets_mbb_x_bjets_pt_bb_x_bjet0_pt_x_bjet1_pt_x_blnu_mT_x_blnu_pt_x_trijet_pt_x_trijet_bijet_dR_llr,280.9688,from_multivar,8
bjets_dR_x_bjets_pt_bb_x_bjet0_pt_x_blnu_pt_x_trijet_pt_llr,281.25,from_multivar,5
lep0_pt_x_bjets_mbb_x_bjets_pt_bb_x_trijet_pt_x_trijet_bijet_dR_llr,281.25,from_multivar,5
bjets_mbb_x_bjets_pt_bb_x_bjet0_pt_x_bjet1_pt_x_trijet_pt_x_trijet_bijet_dR_llr,281.25,from_multivar,6
bjets_mbb_x_bjets_pt_bb_x_bjet0_pt_x_blnu_mT_x_trijet_pt_x_trijet_bijet_dR_llr,281.25,from_multivar,6
lep0_pt_x_bjets_mbb_x_bjets_dR_x_bjet0_pt_x_bjet1_pt_x_blnu_pt_llr,281.25,from_multivar,6
lep0_pt_x_bjets_mbb_x_bjets_dR_x_bjets_pt_bb_x_bjet0_pt_x_trijet_pt_rat_llr,281.25,from_multivar,6
bjets_mbb_x_bjets_dR_x_bjets_pt_bb_x_bjet0_pt_x_bjet1_pt_x_blnu_mT_x_trijet_mInv_x_trijet_pt_rat_llr,281.25,from_multivar,8
bjets_mbb_x_bjets_pt_bb_x_bjet0_pt_x_bjet1_pt_x_blnu_pt_x_trijet_pt_rat_x_trijet_bijet_dR_llr,281.25,from_multivar,7
lep0_pt_x_bjets_mbb_x_bjets_dR_x_bjets_pt_bb_x_bjet1_pt_x_blnu_mT_x_trijet_pt_x_trijet_pt_rat_x_trijet_bijet_dR_llr,281.25,from_multivar,9
lep0_pt_x_bjets_mbb_x_bjets_dR_x_bjets_pt_bb_x_bjet1_pt_x_trijet_mInv_x_trijet_bijet_dR_llr,281.25,from_multivar,7
lep0_pt_x_bjets_mbb_x_bjets_dR_x_bjets_pt_bb_x_blnu_pt_x_trijet_mInv_x_trijet_pt_x_trijet_pt_rat_x_trijet_bijet_dR_llr,281.25,from_multivar,9
lep0_pt_x_bjets_mbb_x_bjets_pt_bb_x_bjet0_pt_x_bjet1_pt_x_blnu_mT_x_blnu_pt_x_trijet_mInv_x_trijet_bijet_dR_llr,281.25,from_multivar,9
lep0_pt_x_bjets_mbb_x_bjets_pt_bb_x_bjet1_pt_x_blnu_mT_x_blnu_pt_x_trijet_pt_x_trijet_pt_rat_llr,281.25,from_multivar,8
lep0_pt_x_bjets_dR_x_bjets_pt_bb_x_bjet0_pt_x_bjet1_pt_x_blnu_pt_x_trijet_pt_llr,281.5,from_multivar,7
bjets_mbb_x_bjets_pt_bb_x_blnu_pt_x_trijet_mInv_x_trijet_pt_rat_x_trijet_bijet_dR_llr,281.5,from_multivar,6
bjets_mbb_x_bjets_pt_bb_x_bjet0_pt_x_bjet1_pt_x_blnu_mT_x_blnu_pt_x_trijet_mInv_x_trijet_bijet_dR_llr,281.625,from_multivar,8
lep0_pt_x_bjets_mbb_x_bjets_dR_x_bjets_pt_bb_x_bjet1_pt_x_trijet_pt_x_trijet_pt_rat_x_trijet_bijet_dR_llr,281.625,from_multivar,8
bjets_dR_x_bjets_pt_bb_x_blnu_mT_x_trijet_pt_llr,281.625,from_multivar,4
bjets_dR_x_bjets_pt_bb_x_trijet_pt_llr,281.75,from_multivar,3
bjets_mbb_x_bjets_pt_bb_x_blnu_pt_x_trijet_pt_rat_x_trijet_bijet_dR_llr,281.8125,from_multivar,5
lep0_pt_x_bjets_mbb_x_bjets_dR_x_bjets_pt_bb_x_bjet1_pt_x_blnu_mT_x_blnu_pt_x_trijet_pt_x_trijet_pt_rat_x_trijet_bijet_dR_llr,281.8125,from_multivar,10
lep0_pt_x_bjets_mbb_x_bjets_dR_x_bjets_pt_bb_x_bjet1_pt_x_blnu_mT_x_trijet_mInv_x_trijet_pt_x_trijet_pt_rat_x_trijet_bijet_dR_llr,281.8125,from_multivar,10
lep0_pt_x_bjets_mbb_x_bjets_pt_bb_x_bjet0_pt_x_bjet1_pt_x_blnu_mT_x_blnu_pt_x_trijet_bijet_dR_llr,281.8125,from_multivar,8
lep0_pt_x_bjets_mbb_x_bjets_pt_bb_x_trijet_bijet_dR_llr,281.875,from_multivar,4
bjets_mbb_x_bjets_dR_x_bjets_pt_bb_x_bjet1_pt_x_blnu_mT_x_blnu_pt_x_trijet_mInv_x_trijet_pt_x_trijet_pt_rat_x_trijet_bijet_dR_llr,281.875,from_multivar,10
lep0_pt_x_bjets_dR_x_bjets_pt_bb_x_bjet0_pt_x_bjet1_pt_x_blnu_pt_x_trijet_mInv_x_trijet_pt_llr,281.875,from_multivar,8
bjets_mbb_x_bjets_pt_bb_x_bjet0_pt_x_trijet_mInv_x_trijet_pt_x_trijet_bijet_dR_llr,281.875,from_multivar,6
bjets_mbb_x_bjets_dR_x_bjet0_pt_x_bjet1_pt_x_blnu_mT_x_blnu_pt_x_trijet_pt_rat_llr,281.9375,from_multivar,7
bjets_mbb_x_bjets_pt_bb_x_bjet0_pt_x_bjet1_pt_x_blnu_mT_x_blnu_pt_x_trijet_bijet_dR_llr,282.0,from_multivar,7
lep0_pt_x_bjets_mbb_x_bjets_dR_x_bjets_pt_bb_x_bjet1_pt_x_trijet_mInv_x_trijet_pt_x_trijet_pt_rat_x_trijet_bijet_dR_llr,282.0,from_multivar,9
bjets_mbb_x_bjets_dR_x_bjets_pt_bb_x_bjet1_pt_x_blnu_mT_x_trijet_pt_x_trijet_pt_rat_x_trijet_bijet_dR_llr,282.25,from_multivar,8
bjets_mbb_x_bjets_dR_x_bjets_pt_bb_x_bjet1_pt_x_trijet_pt_x_trijet_pt_rat_x_trijet_bijet_dR_llr,282.25,from_multivar,7
bjets_mbb_x_bjets_dR_x_bjets_pt_bb_x_trijet_mInv_x_trijet_pt_x_trijet_pt_rat_x_trijet_bijet_dR_llr,282.25,from_multivar,7
bjets_mbb_x_bjets_pt_bb_x_bjet0_pt_x_bjet1_pt_x_blnu_pt_x_trijet_mInv_x_trijet_pt_rat_x_trijet_bijet_dR_llr,282.25,from_multivar,8
bjets_mbb_x_bjets_pt_bb_x_bjet0_pt_x_blnu_pt_x_trijet_mInv_x_trijet_pt_x_trijet_bijet_dR_llr,282.25,from_multivar,7
lep0_pt_x_bjets_mbb_x_bjets_dR_x_bjets_pt_bb_x_bjet0_pt_x_trijet_mInv_x_trijet_pt_rat_llr,282.25,from_multivar,7
lep0_pt_x_bjets_mbb_x_bjets_pt_bb_x_bjet0_pt_x_bjet1_pt_x_blnu_mT_x_blnu_pt_x_trijet_pt_x_trijet_bijet_dR_llr,282.25,from_multivar,9
lep0_pt_x_bjets_mbb_x_bjets_pt_bb_x_bjet0_pt_x_bjet1_pt_x_blnu_pt_x_trijet_pt_rat_x_trijet_bijet_dR_llr,282.25,from_multivar,8
lep0_pt_x_bjets_mbb_x_bjets_pt_bb_x_bjet0_pt_x_bjet1_pt_x_trijet_mInv_x_trijet_pt_x_trijet_bijet_dR_llr,282.25,from_multivar,8
lep0_pt_x_bjets_mbb_x_bjets_pt_bb_x_bjet1_pt_x_blnu_mT_x_blnu_pt_x_trijet_mInv_x_trijet_bijet_dR_llr,282.25,from_multivar,8
bjets_mbb_x_bjets_pt_bb_x_blnu_mT_x_trijet_mInv_x_trijet_pt_x_trijet_bijet_dR_llr,282.25,from_multivar,6
bjets_mbb_x_bjets_dR_x_bjet0_pt_x_blnu_pt_x_trijet_mInv_x_trijet_pt_llr,282.25,from_multivar,6
lep0_pt_x_bjets_mbb_x_bjets_pt_bb_x_bjet0_pt_x_trijet_mInv_x_trijet_pt_rat_llr,282.25,from_multivar,6
bjets_dR_x_bjets_pt_bb_x_blnu_pt_llr,282.25,from_multivar,3
bjets_mbb_x_bjets_pt_bb_x_bjet0_pt_x_trijet_pt_x_trijet_bijet_dR_llr,282.25,from_multivar,5
lep0_pt_x_bjets_mbb_x_bjets_pt_bb_x_blnu_mT_x_trijet_bijet_dR_llr,282.25,from_multivar,5
bjets_mbb_x_bjets_dR_x_bjets_pt_bb_x_bjet0_pt_x_trijet_pt_rat_llr,282.5,from_multivar,5
bjets_dR_x_bjets_pt_bb_x_bjet0_pt_x_bjet1_pt_x_blnu_pt_x_trijet_mInv_x_trijet_pt_llr,282.5,from_multivar,7
bjets_dR_x_bjets_pt_bb_x_blnu_mT_x_blnu_pt_x_trijet_pt_llr,282.5,from_multivar,5
bjets_mbb_x_bjets_pt_bb_x_blnu_pt_x_trijet_pt_x_trijet_bijet_dR_llr,282.625,from_multivar,5
bjets_mbb_x_bjets_pt_bb_x_bjet1_pt_x_blnu_pt_x_trijet_pt_x_trijet_bijet_dR_llr,282.625,from_multivar,6
lep0_pt_x_bjets_mbb_x_bjets_pt_bb_x_blnu_mT_x_trijet_mInv_x_trijet_pt_x_trijet_pt_rat_llr,282.625,from_multivar,7
lep0_pt_x_bjets_mbb_x_bjets_dR_x_bjets_pt_bb_x_bjet1_pt_x_blnu_mT_x_trijet_bijet_dR_llr,282.625,from_multivar,7
lep0_pt_x_bjets_mbb_x_bjets_pt_bb_x_bjet0_pt_x_bjet1_pt_x_trijet_pt_rat_llr,282.625,from_multivar,6
lep0_pt_x_bjets_mbb_x_bjets_pt_bb_x_blnu_pt_x_trijet_pt_rat_x_trijet_bijet_dR_llr,282.625,from_multivar,6
bjets_mbb_x_bjets_dR_x_bjets_pt_bb_x_bjet1_pt_x_trijet_mInv_x_trijet_pt_x_trijet_pt_rat_x_trijet_bijet_dR_llr,282.75,from_multivar,8
lep0_pt_x_bjets_mbb_x_bjets_pt_bb_x_blnu_mT_x_trijet_pt_rat_x_trijet_bijet_dR_llr,282.75,from_multivar,6
lep0_pt_x_bjets_mbb_x_bjets_pt_bb_x_bjet0_pt_x_blnu_pt_x_trijet_pt_x_trijet_bijet_dR_llr,282.8125,from_multivar,7
bjets_mbb_x_bjets_dR_x_bjets_pt_bb_x_bjet1_pt_x_blnu_mT_x_trijet_mInv_x_trijet_pt_x_trijet_pt_rat_x_trijet_bijet_dR_llr,282.8125,from_multivar,9
bjets_mbb_x_bjets_pt_bb_x_trijet_mInv_x_trijet_pt_rat_x_trijet_bijet_dR_llr,282.9375,from_multivar,5
bjets_mbb_x_bjets_pt_bb_x_bjet1_pt_x_blnu_pt_x_trijet_pt_rat_x_trijet_bijet_dR_llr,282.9688,from_multivar,6
lep0_pt_x_bjets_dR_x_bjets_pt_bb_x_bjet0_pt_x_bjet1_pt_x_blnu_mT_x_blnu_pt_x_trijet_mInv_x_trijet_pt_llr,283.25,from_multivar,9
lep0_pt_x_bjets_mbb_x_bjets_pt_bb_x_blnu_mT_x_blnu_pt_x_trijet_mInv_x_trijet_bijet_dR_llr,283.25,from_multivar,7
lep0_pt_x_bjets_mbb_x_bjets_pt_bb_x_bjet0_pt_x_bjet1_pt_x_blnu_mT_x_blnu_pt_x_trijet_mInv_x_trijet_pt_x_trijet_bijet_dR_llr,283.25,from_multivar,10
lep0_pt_x_bjets_mbb_x_bjets_pt_bb_x_bjet0_pt_x_bjet1_pt_x_blnu_mT_x_blnu_pt_x_trijet_mInv_x_trijet_pt_rat_x_trijet_bijet_dR_llr,283.25,from_multivar,10
lep0_pt_x_bjets_mbb_x_bjets_pt_bb_x_bjet0_pt_x_blnu_mT_x_trijet_pt_x_trijet_bijet_dR_llr,283.25,from_multivar,7
bjets_mbb_x_bjets_dR_x_bjet0_pt_x_bjet1_pt_x_blnu_pt_x_trijet_mInv_x_trijet_pt_llr,283.25,from_multivar,7
bjets_dR_x_bjets_pt_bb_x_bjet1_pt_x_blnu_mT_x_trijet_pt_llr,283.5,from_multivar,5
bjets_mbb_x_bjets_dR_x_bjet0_pt_x_blnu_pt_x_trijet_pt_rat_llr,283.5,from_multivar,5
bjets_mbb_x_bjets_dR_x_bjets_pt_bb_x_bjet1_pt_x_blnu_pt_x_trijet_pt_x_trijet_pt_rat_x_trijet_bijet_dR_llr,283.5,from_multivar,8
lep0_pt_x_bjets_mbb_x_bjets_pt_bb_x_bjet0_pt_x_bjet1_pt_x_blnu_mT_x_trijet_pt_x_trijet_bijet_dR_llr,283.625,from_multivar,8
bjets_mbb_x_bjets_dR_x_bjets_pt_bb_x_blnu_pt_x_trijet_mInv_x_trijet_pt_x_trijet_pt_rat_x_trijet_bijet_dR_llr,283.625,from_multivar,8
lep0_pt_x_bjets_mbb_x_bjets_dR_x_bjets_pt_bb_x_blnu_mT_x_trijet_mInv_x_trijet_pt_x_trijet_pt_rat_x_trijet_bijet_dR_llr,283.625,from_multivar,9
lep0_pt_x_bjets_mbb_x_bjets_dR_x_bjets_pt_bb_x_bjet0_pt_x_bjet1_pt_x_blnu_mT_x_trijet_pt_rat_llr,283.625,from_multivar,8
bjets_dR_x_bjets_pt_bb_x_blnu_mT_x_blnu_pt_x_trijet_mInv_x_trijet_pt_llr,283.625,from_multivar,6
bjets_mbb_x_bjets_pt_bb_x_blnu_mT_x_trijet_mInv_x_trijet_pt_rat_x_trijet_bijet_dR_llr,283.625,from_multivar,6
bjets_mbb_x_bjets_pt_bb_x_blnu_pt_x_trijet_mInv_x_trijet_pt_x_trijet_bijet_dR_llr,283.625,from_multivar,6
bjets_mbb_x_bjets_pt_bb_x_bjet0_pt_x_blnu_mT_x_trijet_pt_rat_llr,283.75,from_multivar,5
lep0_pt_x_bjets_mbb_x_bjets_dR_x_bjets_pt_bb_x_blnu_mT_x_trijet_pt_x_trijet_pt_rat_x_trijet_bijet_dR_llr,283.75,from_multivar,8
bjets_mbb_x_bjets_pt_bb_x_blnu_mT_x_trijet_pt_x_trijet_bijet_dR_llr,283.8125,from_multivar,5
lep0_pt_x_bjets_mbb_x_bjets_pt_bb_x_bjet0_pt_x_blnu_pt_x_trijet_mInv_x_trijet_pt_x_trijet_bijet_dR_llr,283.8125,from_multivar,8
bjets_mbb_x_bjets_dR_x_bjets_pt_bb_x_bjet0_pt_x_trijet_mInv_x_trijet_pt_rat_llr,283.875,from_multivar,6
lep0_pt_x_bjets_mbb_x_bjets_pt_bb_x_bjet1_pt_x_blnu_mT_x_blnu_pt_x_trijet_bijet_dR_llr,283.875,from_multivar,7
bjets_mbb_x_bjets_dR_x_bjets_pt_bb_x_blnu_mT_x_trijet_mInv_x_trijet_pt_x_trijet_pt_rat_x_trijet_bijet_dR_llr,283.9375,from_multivar,8
bjets_mbb_x_bjets_pt_bb_x_bjet1_pt_x_trijet_mInv_x_trijet_pt_rat_x_trijet_bijet_dR_llr,284.0,from_multivar,6
bjets_dR_x_bjets_pt_bb_x_bjet0_pt_x_blnu_mT_x_blnu_pt_x_trijet_mInv_x_trijet_pt_llr,284.25,from_multivar,7
bjets_mbb_x_bjets_pt_bb_x_bjet0_pt_x_blnu_mT_x_blnu_pt_x_trijet_mInv_x_trijet_bijet_dR_llr,284.25,from_multivar,7
bjets_mbb_x_bjets_pt_bb_x_bjet0_pt_x_blnu_mT_x_blnu_pt_x_trijet_mInv_x_trijet_pt_x_trijet_bijet_dR_llr,284.25,from_multivar,8
lep0_pt_x_bjets_mbb_x_bjets_dR_x_bjets_pt_bb_x_trijet_pt_x_trijet_pt_rat_x_trijet_bijet_dR_llr,284.25,from_multivar,7
lep0_pt_x_bjets_mbb_x_bjets_pt_bb_x_blnu_mT_x_trijet_mInv_x_trijet_pt_x_trijet_bijet_dR_llr,284.25,from_multivar,7
bjets_dR_x_bjets_pt_bb_x_blnu_mT_x_blnu_pt_llr,284.25,from_multivar,4
lep0_pt_x_bjets_mbb_x_bjets_pt_bb_x_bjet1_pt_x_trijet_pt_rat_x_trijet_bijet_dR_llr,284.25,from_multivar,6
bjets_dR_x_bjets_pt_bb_x_blnu_mT_x_trijet_mInv_x_trijet_pt_llr,284.25,from_multivar,5
lep0_pt_x_bjets_mbb_x_bjets_pt_bb_x_bjet0_pt_x_blnu_mT_x_trijet_pt_rat_llr,284.25,from_multivar,6
lep0_pt_x_bjets_dR_x_bjets_pt_bb_x_blnu_mT_x_blnu_pt_x_trijet_pt_llr,284.25,from_multivar,6
lep0_pt_x_bjets_dR_x_bjets_pt_bb_x_bjet1_pt_x_blnu_mT_x_trijet_pt_llr,284.25,from_multivar,6
bjets_mbb_x_bjets_dR_x_bjet0_pt_x_bjet1_pt_x_trijet_mInv_x_trijet_pt_llr,284.25,from_multivar,6
bjets_mbb_x_bjets_pt_bb_x_bjet0_pt_x_bjet1_pt_x_blnu_mT_x_trijet_pt_x_trijet_bijet_dR_llr,284.5,from_multivar,7
lep0_pt_x_bjets_mbb_x_bjets_dR_x_bjet0_pt_x_bjet1_pt_x_blnu_pt_x_trijet_mInv_x_trijet_pt_llr,284.625,from_multivar,8
bjets_mbb_x_bjets_dR_x_bjet0_pt_x_bjet1_pt_x_blnu_pt_x_trijet_mInv_llr,284.625,from_multivar,6
lep0_pt_x_bjets_mbb_x_bjets_pt_bb_x_bjet0_pt_x_bjet1_pt_x_trijet_pt_x_trijet_pt_rat_x_trijet_bijet_dR_llr,284.75,from_multivar,8
lep0_pt_x_bjets_mbb_x_bjets_pt_bb_x_bjet0_pt_x_bjet1_pt_x_trijet_mInv_x_trijet_pt_rat_x_trijet_bijet_dR_llr,284.75,from_multivar,8
lep0_pt_x_bjets_mbb_x_bjets_dR_x_bjets_pt_bb_x_bjet1_pt_x_blnu_mT_x_blnu_pt_x_trijet_mInv_x_trijet_pt_x_trijet_pt_rat_x_trijet_bijet_dR_llr,284.8125,from_multivar,11
lep0_pt_x_bjets_mbb_x_bjets_pt_bb_x_blnu_mT_x_blnu_pt_x_trijet_mInv_x_trijet_pt_x_trijet_pt_rat_llr,284.8125,from_multivar,8
bjets_mbb_x_bjets_pt_bb_x_bjet0_pt_x_bjet1_pt_x_trijet_pt_rat_llr,284.875,from_multivar,5
bjets_mbb_x_bjets_pt_bb_x_bjet0_pt_x_bjet1_pt_x_blnu_mT_x_blnu_pt_x_trijet_pt_rat_x_trijet_bijet_dR_llr,284.875,from_multivar,8
lep0_pt_x_bjets_mbb_x_bjets_dR_x_bjets_pt_bb_x_blnu_pt_x_trijet_pt_x_trijet_pt_rat_x_trijet_bijet_dR_llr,284.875,from_multivar,8
lep0_pt_x_bjets_mbb_x_bjets_dR_x_bjet0_pt_x_blnu_pt_x_trijet_pt_rat_llr,284.875,from_multivar,6
lep0_pt_x_bjets_mbb_x_bjets_pt_bb_x_bjet0_pt_x_trijet_pt_rat_llr,284.9688,from_multivar,5
lep0_pt_x_bjets_dR_x_bjets_pt_bb_x_bjet0_pt_x_bjet1_pt_x_blnu_mT_x_blnu_pt_x_trijet_pt_llr,285.25,from_multivar,8
bjets_mbb_x_bjets_pt_bb_x_bjet1_pt_x_blnu_mT_x_trijet_pt_x_trijet_bijet_dR_llr,285.25,from_multivar,6
lep0_pt_x_bjets_mbb_x_bjets_pt_bb_x_bjet1_pt_x_trijet_mInv_x_trijet_pt_x_trijet_bijet_dR_llr,285.25,from_multivar,7
lep0_pt_x_bjets_mbb_x_bjets_pt_bb_x_bjet0_pt_x_blnu_mT_x_blnu_pt_x_trijet_mInv_x_trijet_pt_x_trijet_bijet_dR_llr,285.25,from_multivar,9
lep0_pt_x_bjets_dR_x_bjets_pt_bb_x_bjet0_pt_x_blnu_mT_x_blnu_pt_x_trijet_mInv_x_trijet_pt_llr,285.25,from_multivar,8
bjets_mbb_x_bjets_dR_x_bjet0_pt_x_bjet1_pt_x_blnu_mT_x_blnu_pt_llr,285.25,from_multivar,6
bjets_dR_x_bjets_pt_bb_x_bjet1_pt_x_blnu_pt_x_trijet_mInv_llr,285.25,from_multivar,5
bjets_mbb_x_bjets_pt_bb_x_bjet0_pt_x_bjet1_pt_x_blnu_mT_x_blnu_pt_x_trijet_mInv_x_trijet_pt_rat_x_trijet_bijet_dR_llr,285.25,from_multivar,9
bjets_dR_x_bjets_pt_bb_x_bjet1_pt_x_blnu_pt_llr,285.5,from_multivar,4
bjets_dR_x_bjets_pt_bb_x_blnu_pt_x_trijet_mInv_llr,285.5,from_multivar,4
bjets_mbb_x_bjets_pt_bb_x_blnu_mT_x_blnu_pt_x_trijet_pt_rat_x_trijet_bijet_dR_llr,285.5,from_multivar,6
lep0_pt_x_bjets_mbb_x_bjets_pt_bb_x_bjet0_pt_x_blnu_mT_x_blnu_pt_x_trijet_mInv_x_trijet_pt_rat_x_trijet_bijet_dR_llr,285.625,from_multivar,9
lep0_pt_x_bjets_mbb_x_bjets_pt_bb_x_bjet1_pt_x_blnu_mT_x_trijet_mInv_x_trijet_pt_rat_llr,285.625,from_multivar,7
bjets_mbb_x_bjets_pt_bb_x_bjet0_pt_x_bjet1_pt_x_blnu_mT_x_trijet_mInv_x_trijet_pt_x_trijet_bijet_dR_llr,285.625,from_multivar,8
bjets_mbb_x_bjets_dR_x_bjets_pt_bb_x_bjet0_pt_x_blnu_mT_x_trijet_mInv_x_trijet_pt_rat_llr,285.75,from_multivar,7
lep0_pt_x_bjets_mbb_x_bjets_dR_x_bjets_pt_bb_x_bjet0_pt_x_blnu_mT_x_trijet_pt_rat_llr,285.75,from_multivar,7
bjets_dR_x_bjets_pt_bb_x_blnu_mT_x_blnu_pt_x_trijet_mInv_x_trijet_pt_rat_llr,285.8125,from_multivar,6
lep0_pt_x_bjets_mbb_x_bjets_pt_bb_x_blnu_pt_x_trijet_pt_x_trijet_bijet_dR_llr,285.9375,from_multivar,6
lep0_pt_x_bjets_mbb_x_bjets_pt_bb_x_blnu_mT_x_blnu_pt_x_trijet_pt_x_trijet_pt_rat_llr,286.25,from_multivar,7
bjets_mbb_x_bjets_dR_x_bjets_pt_bb_x_blnu_pt_x_trijet_pt_x_trijet_pt_rat_x_trijet_bijet_dR_llr,286.25,from_multivar,7
bjets_mbb_x_bjets_dR_x_bjet0_pt_x_bjet1_pt_x_blnu_mT_x_blnu_pt_x_trijet_mInv_x_trijet_pt_rat_llr,286.25,from_multivar,8
lep0_pt_x_bjets_mbb_x_bjets_pt_bb_x_bjet0_pt_x_blnu_mT_x_trijet_mInv_x_trijet_pt_x_trijet_bijet_dR_llr,286.25,from_multivar,8
lep0_pt_x_bjets_mbb_x_bjets_pt_bb_x_bjet0_pt_x_trijet_mInv_x_trijet_pt_rat_x_trijet_bijet_dR_llr,286.25,from_multivar,7
lep0_pt_x_bjets_mbb_x_bjets_dR_x_bjets_pt_bb_x_bjet0_pt_x_bjet1_pt_x_trijet_pt_rat_llr,286.25,from_multivar,7
lep0_pt_x_bjets_mbb_x_bjets_dR_x_bjets_pt_bb_x_blnu_mT_x_blnu_pt_x_trijet_mInv_x_trijet_pt_x_trijet_pt_rat_x_trijet_bijet_dR_llr,286.25,from_multivar,10
bjets_dR_x_bjets_pt_bb_x_bjet1_pt_x_blnu_pt_x_trijet_mInv_x_trijet_pt_rat_llr,286.25,from_multivar,6
bjets_dR_x_bjets_pt_bb_x_bjet1_pt_x_blnu_mT_x_blnu_pt_llr,286.25,from_multivar,5
bjets_dR_x_bjets_pt_bb_x_blnu_mT_x_blnu_pt_x_trijet_mInv_llr,286.25,from_multivar,5
lep0_pt_x_bjets_dR_x_bjets_pt_bb_x_blnu_pt_llr,286.25,from_multivar,4
lep0_pt_x_bjets_dR_x_bjets_pt_bb_x_blnu_mT_x_blnu_pt_x_trijet_mInv_llr,286.25,from_multivar,6
lep0_pt_x_bjets_dR_x_bjets_pt_bb_x_blnu_mT_x_trijet_mInv_x_trijet_pt_llr,286.25,from_multivar,6
lep0_pt_x_bjets_mbb_x_bjets_pt_bb_x_bjet0_pt_x_blnu_mT_x_blnu_pt_x_trijet_pt_rat_x_trijet_bijet_dR_llr,286.5,from_multivar,8
lep0_pt_x_bjets_dR_x_bjets_pt_bb_x_bjet0_pt_x_blnu_pt_x_trijet_pt_rat_llr,286.5,from_multivar,6
bjets_mbb_x_bjets_pt_bb_x_bjet1_pt_x_blnu_pt_x_trijet_mInv_x_trijet_pt_x_trijet_bijet_dR_llr,286.5,from_multivar,7
bjets_mbb_x_bjets_pt_bb_x_bjet0_pt_x_blnu_mT_x_trijet_mInv_x_trijet_pt_x_trijet_bijet_dR_llr,286.625,from_multivar,7
bjets_mbb_x_bjets_pt_bb_x_bjet0_pt_x_blnu_mT_x_blnu_pt_x_trijet_pt_x_trijet_bijet_dR_llr,286.625,from_multivar,7
bjets_mbb_x_bjets_pt_bb_x_blnu_mT_x_trijet_mInv_x_trijet_bijet_dR_llr,286.625,from_multivar,5
bjets_mbb_x_bjets_pt_bb_x_bjet0_pt_x_bjet1_pt_x_trijet_pt_rat_x_trijet_bijet_dR_llr,286.625,from_multivar,6
lep0_pt_x_bjets_mbb_x_bjets_pt_bb_x_trijet_mInv_x_trijet_pt_rat_x_trijet_bijet_dR_llr,286.625,from_multivar,6
lep0_pt_x_bjets_dR_x_bjets_pt_bb_x_bjet0_pt_x_blnu_pt_x_trijet_mInv_x_trijet_pt_llr,286.75,from_multivar,7
bjets_mbb_x_bjets_pt_bb_x_bjet0_pt_x_blnu_pt_x_trijet_mInv_x_trijet_pt_rat_x_trijet_bijet_dR_llr,286.875,from_multivar,7
lep0_pt_x_bjets_mbb_x_bjets_pt_bb_x_bjet0_pt_x_blnu_mT_x_blnu_pt_x_trijet_pt_x_trijet_bijet_dR_llr,287.0,from_multivar,8
bjets_mbb_x_bjets_pt_bb_x_bjet1_pt_x_blnu_pt_x_trijet_mInv_x_trijet_pt_rat_x_trijet_bijet_dR_llr,287.25,from_multivar,7
bjets_mbb_x_bjets_pt_bb_x_bjet0_pt_x_bjet1_pt_x_trijet_mInv_x_trijet_pt_x_trijet_bijet_dR_llr,287.25,from_multivar,7
bjets_mbb_x_bjets_dR_x_bjets_pt_bb_x_bjet1_pt_x_blnu_mT_x_blnu_pt_x_trijet_pt_x_trijet_pt_rat_x_trijet_bijet_dR_llr,287.25,from_multivar,9
bjets_mbb_x_bjets_pt_bb_x_blnu_mT_x_trijet_pt_rat_x_trijet_bijet_dR_llr,287.25,from_multivar,5
bjets_dR_x_bjets_pt_bb_x_bjet1_pt_x_trijet_pt_llr,287.25,from_multivar,4
bjets_dR_x_bjets_pt_bb_x_blnu_pt_x_trijet_mInv_x_trijet_pt_rat_llr,287.25,from_multivar,5
bjets_mbb_x_bjets_pt_bb_x_bjet0_pt_x_trijet_pt_rat_llr,287.25,from_multivar,4
lep0_pt_x_bjets_dR_x_bjets_pt_bb_x_blnu_pt_x_trijet_mInv_llr,287.25,from_multivar,5
bjets_dR_x_bjets_pt_bb_x_bjet0_pt_x_blnu_mT_x_blnu_pt_x_trijet_pt_rat_llr,287.5,from_multivar,6
bjets_mbb_x_bjets_pt_bb_x_bjet0_pt_x_blnu_mT_x_blnu_pt_x_trijet_mInv_x_trijet_pt_rat_x_trijet_bijet_dR_llr,287.625,from_multivar,8
lep0_pt_x_bjets_mbb_x_bjets_dR_x_bjet0_pt_x_bjet1_pt_x_blnu_pt_x_trijet_mInv_x_trijet_pt_rat_llr,287.625,from_multivar,8
lep0_pt_x_bjets_mbb_x_bjets_pt_bb_x_bjet1_pt_x_blnu_pt_x_trijet_mInv_x_trijet_pt_x_trijet_bijet_dR_llr,287.625,from_multivar,8
bjets_mbb_x_bjets_dR_x_bjet0_pt_x_bjet1_pt_x_blnu_pt_x_trijet_mInv_x_trijet_pt_rat_llr,287.625,from_multivar,7
bjets_dR_x_bjets_pt_bb_x_bjet0_pt_x_bjet1_pt_x_blnu_mT_x_blnu_pt_x_trijet_mInv_x_trijet_pt_x_trijet_bijet_dR_llr,287.625,from_multivar,9
bjets_dR_x_bjets_pt_bb_x_trijet_mInv_x_trijet_pt_llr,287.625,from_multivar,4
lep0_pt_x_bjets_mbb_x_bjets_dR_x_bjet0_pt_x_trijet_pt_rat_llr,287.625,from_multivar,5
lep0_pt_x_bjets_mbb_x_bjets_dR_x_bjets_pt_bb_x_bjet0_pt_x_bjet1_pt_x_blnu_mT_x_trijet_mInv_x_trijet_bijet_dR_llr,287.625,from_multivar,9
lep0_pt_x_bjets_mbb_x_bjets_pt_bb_x_bjet0_pt_x_trijet_mInv_x_trijet_pt_x_trijet_bijet_dR_llr,287.625,from_multivar,7
lep0_pt_x_bjets_mbb_x_bjets_pt_bb_x_blnu_mT_x_trijet_mInv_x_trijet_bijet_dR_llr,287.75,from_multivar,6
lep0_pt_x_bjets_dR_x_bjets_pt_bb_x_blnu_mT_x_blnu_pt_llr,287.75,from_multivar,5
lep0_pt_x_bjets_mbb_x_bjets_pt_bb_x_bjet1_pt_x_blnu_pt_x_trijet_pt_x_trijet_bijet_dR_llr,287.8125,from_multivar,7
lep0_pt_x_bjets_dR_x_bjets_pt_bb_x_bjet0_pt_x_blnu_mT_x_blnu_pt_x_trijet_mInv_x_trijet_pt_x_trijet_bijet_dR_llr,287.8125,from_multivar,9
bjets_mbb_x_bjets_dR_x_bjets_pt_bb_x_bjet0_pt_x_bjet1_pt_x_trijet_mInv_x_trijet_pt_rat_llr,287.8125,from_multivar,7
lep0_pt_x_bjets_mbb_x_bjets_pt_bb_x_bjet0_pt_x_blnu_pt_x_trijet_pt_rat_x_trijet_bijet_dR_llr,287.875,from_multivar,7
lep0_pt_x_bjets_mbb_x_bjets_pt_bb_x_bjet0_pt_x_trijet_pt_rat_x_trijet_bijet_dR_llr,287.9375,from_multivar,6
lep0_pt_x_bjets_mbb_x_bjets_pt_bb_x_trijet_mInv_x_trijet_bijet_dR_llr,288.0,from_multivar,5
lep0_pt_x_bjets_mbb_x_bjets_dR_x_bjets_pt_bb_x_bjet0_pt_x_blnu_mT_x_trijet_mInv_x_trijet_bijet_dR_llr,288.25,from_multivar,8
bjets_mbb_x_bjets_pt_bb_x_bjet1_pt_x_blnu_mT_x_trijet_mInv_x_trijet_bijet_dR_llr,288.25,from_multivar,6
bjets_mbb_x_bjets_dR_x_bjets_pt_bb_x_trijet_mInv_x_trijet_pt_rat_x_trijet_bijet_dR_llr,288.25,from_multivar,6
bjets_mbb_x_bjets_dR_x_bjets_pt_bb_x_bjet0_pt_x_bjet1_pt_x_trijet_bijet_dR_llr,288.25,from_multivar,6
lep0_pt_x_bjets_dR_x_bjets_pt_bb_x_bjet0_pt_x_blnu_mT_x_blnu_pt_x_trijet_pt_llr,288.25,from_multivar,7
bjets_dR_x_bjets_pt_bb_x_bjet0_pt_x_blnu_mT_x_blnu_pt_x_trijet_mInv_x_trijet_pt_x_trijet_bijet_dR_llr,288.25,from_multivar,8
bjets_mbb_x_bjets_dR_x_bjets_pt_bb_x_blnu_mT_x_blnu_pt_x_trijet_mInv_x_trijet_pt_x_trijet_pt_rat_x_trijet_bijet_dR_llr,288.25,from_multivar,9
bjets_mbb_x_bjets_dR_x_bjets_pt_bb_x_blnu_mT_x_trijet_pt_x_trijet_pt_rat_x_trijet_bijet_dR_llr,288.25,from_multivar,7
bjets_dR_x_bjets_pt_bb_x_blnu_pt_x_trijet_pt_rat_llr,288.25,from_multivar,4
bjets_dR_x_bjets_pt_bb_x_bjet1_pt_x_blnu_pt_x_trijet_pt_rat_llr,288.25,from_multivar,5
bjets_mbb_x_bjets_pt_bb_x_bjet0_pt_x_bjet1_pt_x_trijet_mInv_x_trijet_pt_rat_llr,288.5,from_multivar,6
lep0_pt_x_bjets_mbb_x_bjets_pt_bb_x_blnu_pt_x_trijet_mInv_x_trijet_pt_x_trijet_bijet_dR_llr,288.625,from_multivar,7
bjets_mbb_x_bjets_dR_x_bjets_pt_bb_x_blnu_pt_x_trijet_pt_rat_x_trijet_bijet_dR_llr,288.625,from_multivar,6
bjets_mbb_x_bjets_dR_x_bjet0_pt_x_bjet1_pt_x_blnu_mT_x_trijet_pt_rat_llr,288.625,from_multivar,6
bjets_dR_x_bjets_pt_bb_x_bjet1_pt_x_blnu_mT_x_blnu_pt_x_trijet_pt_rat_llr,288.625,from_multivar,6
bjets_mbb_x_bjets_pt_bb_x_bjet1_pt_x_trijet_pt_rat_x_trijet_bijet_dR_llr,288.75,from_multivar,5
lep0_pt_x_bjets_mbb_x_bjets_pt_bb_x_bjet1_pt_x_blnu_mT_x_trijet_mInv_x_trijet_pt_x_trijet_bijet_dR_llr,288.75,from_multivar,8
lep0_pt_x_bjets_mbb_x_bjets_dR_x_bjet0_pt_x_bjet1_pt_x_trijet_mInv_x_trijet_pt_llr,288.75,from_multivar,7
lep0_pt_x_bjets_dR_x_bjets_pt_bb_x_bjet0_pt_x_bjet1_pt_x_blnu_mT_x_blnu_pt_x_trijet_pt_rat_x_trijet_bijet_dR_llr,288.75,from_multivar,9
bjets_mbb_x_bjets_pt_bb_x_bjet0_pt_x_blnu_pt_x_trijet_pt_rat_x_trijet_bijet_dR_llr,288.8125,from_multivar,6
lep0_pt_x_bjets_mbb_x_bjets_pt_bb_x_bjet0_pt_x_bjet1_pt_x_blnu_mT_x_blnu_pt_x_trijet_pt_rat_x_trijet_bijet_dR_llr,288.8125,from_multivar,9
lep0_pt_x_bjets_dR_x_bjets_pt_bb_x_trijet_mInv_x_trijet_pt_llr,288.875,from_multivar,5
lep0_pt_x_bjets_mbb_x_bjets_dR_x_bjet0_pt_x_bjet1_pt_x_blnu_mT_x_trijet_pt_llr,288.875,from_multivar,7
lep0_pt_x_bjets_mbb_x_bjets_dR_x_bjet0_pt_x_bjet1_pt_x_blnu_pt_x_trijet_pt_rat_llr,288.875,from_multivar,7
lep0_pt_x_bjets_dR_x_bjets_pt_bb_x_bjet1_pt_x_trijet_pt_llr,288.9375,from_multivar,5
bjets_mbb_x_bjets_pt_bb_x_bjet0_pt_x_trijet_mInv_x_trijet_pt_rat_llr,288.9375,from_multivar,5
bjets_mbb_x_bjets_pt_bb_x_bjet1_pt_x_blnu_mT_x_trijet_pt_rat_x_trijet_bijet_dR_llr,288.9688,from_multivar,6
bjets_dR_x_bjets_pt_bb_x_bjet0_pt_x_blnu_pt_x_trijet_mInv_x_trijet_pt_rat_llr,289.0,from_multivar,6
bjets_dR_x_bjets_pt_bb_x_bjet1_pt_x_blnu_mT_x_blnu_pt_x_trijet_mInv_llr,289.0,from_multivar,6
lep0_pt_x_bjets_mbb_x_bjets_pt_bb_x_bjet0_pt_x_bjet1_pt_x_blnu_mT_x_trijet_mInv_x_trijet_pt_rat_x_trijet_bijet_dR_llr,289.25,from_multivar,9
bjets_dR_x_bjets_pt_bb_x_bjet0_pt_x_bjet1_pt_x_blnu_mT_x_blnu_pt_x_trijet_mInv_x_trijet_pt_rat_x_trijet_bijet_dR_llr,289.25,from_multivar,9
lep0_pt_x_bjets_dR_x_bjets_pt_bb_x_bjet0_pt_x_blnu_mT_x_blnu_pt_x_trijet_pt_rat_x_trijet_bijet_dR_llr,289.25,from_multivar,8
lep0_pt_x_bjets_mbb_x_bjets_dR_x_bjet0_pt_x_bjet1_pt_x_blnu_pt_x_trijet_pt_llr,289.25,from_multivar,7
lep0_pt_x_bjets_mbb_x_bjets_dR_x_bjets_pt_bb_x_bjet0_pt_x_bjet1_pt_x_blnu_mT_x_trijet_bijet_dR_llr,289.25,from_multivar,8
lep0_pt_x_bjets_mbb_x_bjets_pt_bb_x_blnu_pt_x_trijet_mInv_x_trijet_pt_rat_x_trijet_bijet_dR_llr,289.25,from_multivar,7
bjets_mbb_x_bjets_dR_x_bjets_pt_bb_x_blnu_mT_x_blnu_pt_x_trijet_pt_x_trijet_pt_rat_x_trijet_bijet_dR_llr,289.25,from_multivar,8
bjets_mbb_x_bjets_pt_bb_x_bjet1_pt_x_blnu_mT_x_trijet_bijet_dR_llr,289.25,from_multivar,5
lep0_pt_x_bjets_mbb_x_bjets_dR_x_bjets_pt_bb_x_bjet0_pt_x_trijet_bijet_dR_llr,289.25,from_multivar,6
bjets_dR_x_bjets_pt_bb_x_bjet1_pt_x_blnu_mT_x_trijet_mInv_x_trijet_pt_llr,289.25,from_multivar,6
bjets_mbb_x_bjets_dR_x_bjet0_pt_x_blnu_pt_x_trijet_pt_llr,289.25,from_multivar,5
bjets_mbb_x_bjets_pt_bb_x_blnu_mT_x_trijet_bijet_dR_llr,289.25,from_multivar,4
bjets_dR_x_bjets_pt_bb_x_bjet1_pt_x_trijet_mInv_x_trijet_pt_llr,289.25,from_multivar,5
bjets_mbb_x_bjets_dR_x_bjets_pt_bb_x_bjet0_pt_x_trijet_pt_rat_x_trijet_bijet_dR_llr,289.25,from_multivar,6
bjets_mbb_x_bjets_pt_bb_x_trijet_pt_rat_x_trijet_bijet_dR_llr,289.5,from_multivar,4
bjets_mbb_x_bjets_pt_bb_x_blnu_mT_x_blnu_pt_x_trijet_pt_x_trijet_bijet_dR_llr,289.5,from_multivar,6
lep0_pt_x_bjets_mbb_x_bjets_dR_x_bjets_pt_bb_x_blnu_mT_x_blnu_pt_x_trijet_pt_x_trijet_pt_rat_x_trijet_bijet_dR_llr,289.625,from_multivar,9
bjets_mbb_x_bjets_pt_bb_x_bjet0_pt_x_blnu_mT_x_blnu_pt_x_trijet_pt_rat_x_trijet_bijet_dR_llr,289.625,from_multivar,7
bjets_dR_x_bjets_pt_bb_x_bjet1_pt_x_blnu_mT_x_blnu_pt_x_trijet_mInv_x_trijet_pt_rat_llr,289.625,from_multivar,7
bjets_mbb_x_bjets_dR_x_bjet0_pt_x_blnu_pt_x_trijet_mInv_x_trijet_pt_rat_llr,289.75,from_multivar,6
lep0_pt_x_bjets_mbb_x_bjets_pt_bb_x_bjet1_pt_x_blnu_pt_x_trijet_mInv_x_trijet_pt_rat_x_trijet_bijet_dR_llr,289.8125,from_multivar,8
lep0_pt_x_bjets_mbb_x_bjets_pt_bb_x_bjet0_pt_x_trijet_pt_x_trijet_pt_rat_x_trijet_bijet_dR_llr,289.875,from_multivar,7
lep0_pt_x_bjets_mbb_x_bjets_pt_bb_x_bjet0_pt_x_bjet1_pt_x_blnu_mT_x_trijet_mInv_x_trijet_pt_rat_llr,289.9375,from_multivar,8
lep0_pt_x_bjets_dR_x_bjets_pt_bb_x_bjet1_pt_x_blnu_pt_x_trijet_mInv_x_trijet_pt_llr,290.25,from_multivar,7
lep0_pt_x_bjets_mbb_x_bjets_pt_bb_x_bjet0_pt_x_blnu_mT_x_trijet_mInv_x_trijet_pt_rat_llr,290.25,from_multivar,7
lep0_pt_x_bjets_mbb_x_bjets_pt_bb_x_bjet0_pt_x_blnu_mT_x_trijet_mInv_x_trijet_pt_rat_x_trijet_bijet_dR_llr,290.25,from_multivar,8
bjets_mbb_x_bjets_pt_bb_x_bjet0_pt_x_blnu_mT_x_trijet_pt_rat_x_trijet_bijet_dR_llr,290.25,from_multivar,6
lep0_pt_x_bjets_dR_x_bjets_pt_bb_x_bjet1_pt_x_blnu_pt_x_trijet_mInv_llr,290.25,from_multivar,6
bjets_mbb_x_bjets_pt_bb_x_trijet_mInv_x_trijet_bijet_dR_llr,290.25,from_multivar,4
lep0_pt_x_bjets_mbb_x_bjets_pt_bb_x_bjet1_pt_x_blnu_mT_x_trijet_bijet_dR_llr,290.5,from_multivar,6
bjets_mbb_x_bjets_dR_x_bjet0_pt_x_blnu_mT_x_blnu_pt_x_trijet_pt_rat_llr,290.5,from_multivar,6
bjets_dR_x_bjets_pt_bb_x_blnu_mT_x_blnu_pt_x_trijet_pt_rat_llr,290.625,from_multivar,5
bjets_mbb_x_bjets_pt_bb_x_bjet0_pt_x_trijet_mInv_x_trijet_pt_rat_x_trijet_bijet_dR_llr,290.75,from_multivar,6
bjets_mbb_x_bjets_pt_bb_x_bjet0_pt_x_bjet1_pt_x_blnu_mT_x_trijet_pt_rat_x_trijet_bijet_dR_llr,290.875,from_multivar,7
bjets_mbb_x_bjets_dR_x_bjet0_pt_x_blnu_mT_x_trijet_pt_llr,290.875,from_multivar,5
bjets_mbb_x_bjets_pt_bb_x_bjet1_pt_x_trijet_mInv_x_trijet_bijet_dR_llr,290.9375,from_multivar,5
lep0_pt_x_bjets_mbb_x_bjets_dR_x_bjets_pt_bb_x_bjet0_pt_x_bjet1_pt_x_trijet_mInv_x_trijet_bijet_dR_llr,290.9375,from_multivar,8
lep0_pt_x_bjets_mbb_x_bjets_pt_bb_x_bjet0_pt_x_bjet1_pt_x_blnu_mT_x_trijet_pt_x_trijet_pt_rat_x_trijet_bijet_dR_llr,290.9375,from_multivar,9
lep0_pt_x_bjets_mbb_x_bjets_pt_bb_x_bjet1_pt_x_trijet_mInv_x_trijet_bijet_dR_llr,291.25,from_multivar,6
lep0_pt_x_bjets_mbb_x_bjets_pt_bb_x_bjet1_pt_x_trijet_mInv_x_trijet_pt_rat_x_trijet_bijet_dR_llr,291.25,from_multivar,7
lep0_pt_x_bjets_dR_x_bjets_pt_bb_x_bjet1_pt_x_blnu_mT_x_blnu_pt_llr,291.25,from_multivar,6
bjets_mbb_x_bjets_dR_x_bjets_pt_bb_x_bjet0_pt_x_blnu_mT_x_trijet_bijet_dR_llr,291.25,from_multivar,6
lep0_pt_x_bjets_mbb_x_bjets_pt_bb_x_bjet0_pt_x_bjet1_pt_x_trijet_mInv_x_trijet_pt_rat_llr,291.25,from_multivar,7
lep0_pt_x_bjets_mbb_x_bjets_pt_bb_x_bjet0_pt_x_bjet1_pt_x_blnu_mT_x_trijet_mInv_x_trijet_pt_x_trijet_pt_rat_x_trijet_bijet_dR_llr,291.25,from_multivar,10
lep0_pt_x_bjets_dR_x_bjets_pt_bb_x_blnu_pt_x_trijet_mInv_x_trijet_bijet_dR_llr,291.25,from_multivar,6
bjets_mbb_x_bjets_pt_bb_x_bjet1_pt_x_blnu_mT_x_trijet_mInv_x_trijet_pt_x_trijet_bijet_dR_llr,291.25,from_multivar,7
bjets_mbb_x_bjets_pt_bb_x_bjet1_pt_x_blnu_mT_x_trijet_mInv_x_trijet_pt_rat_x_trijet_bijet_dR_llr,291.625,from_multivar,7
lep0_pt_x_bjets_mbb_x_bjets_dR_x_bjets_pt_bb_x_bjet0_pt_x_bjet1_pt_x_trijet_bijet_dR_llr,291.625,from_multivar,7
lep0_pt_x_bjets_mbb_x_bjets_pt_bb_x_bjet1_pt_x_blnu_mT_x_trijet_pt_x_trijet_bijet_dR_llr,291.625,from_multivar,7
lep0_pt_x_bjets_dR_x_bjets_pt_bb_x_bjet1_pt_x_trijet_mInv_x_trijet_pt_llr,291.625,from_multivar,6
lep0_pt_x_bjets_dR_x_bjets_pt_bb_x_bjet1_pt_x_blnu_pt_x_trijet_pt_rat_llr,291.625,from_multivar,6
lep0_pt_x_bjets_dR_x_bjets_pt_bb_x_bjet1_pt_x_blnu_pt_llr,291.625,from_multivar,5
lep0_pt_x_bjets_mbb_x_bjets_pt_bb_x_bjet0_pt_x_bjet1_pt_x_trijet_pt_rat_x_trijet_bijet_dR_llr,291.625,from_multivar,7
lep0_pt_x_bjets_mbb_x_bjets_dR_x_bjet0_pt_x_blnu_pt_llr,291.75,from_multivar,5
lep0_pt_x_bjets_mbb_x_bjets_dR_x_bjet0_pt_x_bjet1_pt_x_blnu_pt_x_trijet_mInv_llr,291.875,from_multivar,7
bjets_dR_x_bjets_pt_bb_x_bjet0_pt_x_blnu_pt_x_trijet_pt_rat_llr,291.875,from_multivar,5
lep0_pt_x_bjets_mbb_x_bjets_dR_x_bjet0_pt_x_bjet1_pt_x_blnu_mT_x_blnu_pt_x_trijet_mInv_llr,291.9688,from_multivar,8
bjets_mbb_x_bjets_dR_x_bjets_pt_bb_x_bjet0_pt_x_bjet1_pt_x_blnu_mT_x_trijet_mInv_x_trijet_bijet_dR_llr,292.0,from_multivar,8
lep0_pt_x_bjets_mbb_x_bjets_pt_bb_x_bjet1_pt_x_trijet_bijet_dR_llr,292.0,from_multivar,5
lep0_pt_x_bjets_mbb_x_bjets_pt_bb_x_bjet0_pt_x_bjet1_pt_x_trijet_mInv_x_trijet_pt_x_trijet_pt_rat_x_trijet_bijet_dR_llr,292.25,from_multivar,9
lep0_pt_x_bjets_mbb_x_bjets_pt_bb_x_bjet0_pt_x_bjet1_pt_x_blnu_mT_x_trijet_pt_rat_llr,292.25,from_multivar,7
lep0_pt_x_bjets_mbb_x_bjets_dR_x_bjets_pt_bb_x_bjet0_pt_x_blnu_mT_x_trijet_bijet_dR_llr,292.25,from_multivar,7
lep0_pt_x_bjets_dR_x_bjets_pt_bb_x_blnu_mT_x_blnu_pt_x_trijet_mInv_x_trijet_pt_llr,292.25,from_multivar,7
lep0_pt_x_bjets_mbb_x_bjets_pt_bb_x_bjet0_pt_x_bjet1_pt_x_blnu_mT_x_trijet_pt_rat_x_trijet_bijet_dR_llr,292.25,from_multivar,8
lep0_pt_x_bjets_dR_x_bjets_pt_bb_x_blnu_pt_x_trijet_bijet_dR_llr,292.25,from_multivar,5
bjets_mbb_x_bjets_dR_x_bjet0_pt_x_trijet_pt_llr,292.625,from_multivar,4
lep0_pt_x_bjets_dR_x_bjets_pt_bb_x_blnu_pt_x_trijet_pt_rat_llr,292.75,from_multivar,5
bjets_mbb_x_bjets_pt_bb_x_trijet_bijet_dR_llr,292.75,from_multivar,3
bjets_mbb_x_bjets_dR_x_bjet1_pt_x_blnu_pt_x_trijet_mInv_llr,292.75,from_multivar,5
lep0_pt_x_bjets_mbb_x_bjets_dR_x_bjet0_pt_x_trijet_pt_llr,292.75,from_multivar,5
bjets_mbb_x_bjets_dR_x_bjets_pt_bb_x_bjet0_pt_x_trijet_mInv_x_trijet_bijet_dR_llr,292.75,from_multivar,6
lep0_pt_x_bjets_mbb_x_bjets_dR_x_bjet0_pt_x_blnu_pt_x_trijet_mInv_llr,292.875,from_multivar,6
bjets_mbb_x_bjets_dR_x_bjet0_pt_x_bjet1_pt_x_trijet_pt_rat_x_trijet_bijet_dR_llr,292.875,from_multivar,6
bjets_mbb_x_bjets_pt_bb_x_bjet0_pt_x_trijet_pt_rat_x_trijet_bijet_dR_llr,292.875,from_multivar,5
bjets_mbb_x_bjets_pt_bb_x_bjet0_pt_x_bjet1_pt_x_blnu_mT_x_trijet_mInv_x_trijet_pt_x_trijet_pt_rat_x_trijet_bijet_dR_llr,292.875,from_multivar,9
bjets_mbb_x_bjets_pt_bb_x_bjet1_pt_x_blnu_mT_x_blnu_pt_x_trijet_mInv_x_trijet_pt_x_trijet_bijet_dR_llr,292.875,from_multivar,8
lep0_pt_x_bjets_mbb_x_bjets_dR_x_bjet0_pt_x_blnu_pt_x_trijet_mInv_x_trijet_pt_rat_llr,292.875,from_multivar,7
bjets_mbb_x_bjets_pt_bb_x_bjet1_pt_x_blnu_mT_x_blnu_pt_x_trijet_mInv_x_trijet_pt_rat_x_trijet_bijet_dR_llr,292.9375,from_multivar,8
lep0_pt_x_bjets_dR_x_bjets_pt_bb_x_bjet0_pt_x_bjet1_pt_x_blnu_pt_x_trijet_mInv_x_trijet_pt_rat_llr,292.9375,from_multivar,8
bjets_mbb_x_bjets_dR_x_bjet0_pt_x_bjet1_pt_x_blnu_mT_x_blnu_pt_x_trijet_mInv_llr,292.9688,from_multivar,7
bjets_mbb_x_bjets_dR_x_bjets_pt_bb_x_bjet0_pt_x_bjet1_pt_x_blnu_mT_x_trijet_bijet_dR_llr,293.0,from_multivar,7
bjets_dR_x_bjets_pt_bb_x_bjet0_pt_x_bjet1_pt_x_blnu_mT_x_blnu_pt_x_trijet_mInv_x_trijet_pt_rat_llr,293.0,from_multivar,8
bjets_dR_x_bjets_pt_bb_x_bjet0_pt_x_bjet1_pt_x_blnu_pt_x_trijet_pt_rat_llr,293.25,from_multivar,6
bjets_mbb_x_bjets_dR_x_bjet0_pt_x_blnu_pt_x_trijet_mInv_llr,293.25,from_multivar,5
bjets_mbb_x_bjets_pt_bb_x_bjet0_pt_x_bjet1_pt_x_blnu_mT_x_trijet_mInv_x_trijet_pt_rat_x_trijet_bijet_dR_llr,293.25,from_multivar,8
bjets_mbb_x_bjets_dR_x_bjets_pt_bb_x_bjet0_pt_x_blnu_mT_x_trijet_mInv_x_trijet_bijet_dR_llr,293.25,from_multivar,7
bjets_mbb_x_bjets_pt_bb_x_bjet0_pt_x_bjet1_pt_x_blnu_mT_x_trijet_mInv_x_trijet_pt_rat_llr,293.25,from_multivar,7
bjets_mbb_x_bjets_pt_bb_x_bjet0_pt_x_bjet1_pt_x_trijet_pt_x_trijet_pt_rat_x_trijet_bijet_dR_llr,293.25,from_multivar,7
lep0_pt_x_bjets_dR_x_bjets_pt_bb_x_bjet1_pt_x_blnu_mT_x_blnu_pt_x_trijet_mInv_x_trijet_pt_llr,293.25,from_multivar,8
lep0_pt_x_bjets_mbb_x_bjets_dR_x_bjets_pt_bb_x_bjet0_pt_x_trijet_mInv_x_trijet_bijet_dR_llr,293.25,from_multivar,7
lep0_pt_x_bjets_mbb_x_bjets_pt_bb_x_blnu_mT_x_blnu_pt_x_trijet_mInv_x_trijet_pt_rat_x_trijet_bijet_dR_llr,293.25,from_multivar,8
lep0_pt_x_bjets_mbb_x_bjets_pt_bb_x_blnu_mT_x_trijet_mInv_x_trijet_pt_rat_x_trijet_bijet_dR_llr,293.25,from_multivar,7
bjets_dR_x_bjets_pt_bb_x_bjet1_pt_x_blnu_mT_x_blnu_pt_x_trijet_mInv_x_trijet_pt_llr,293.25,from_multivar,7
bjets_mbb_x_bjets_dR_x_bjet0_pt_x_bjet1_pt_x_blnu_mT_x_trijet_mInv_x_trijet_pt_llr,293.5,from_multivar,7
bjets_mbb_x_bjets_pt_bb_x_bjet0_pt_x_bjet1_pt_x_blnu_mT_x_blnu_pt_x_trijet_mInv_x_trijet_pt_x_trijet_pt_rat_x_trijet_bijet_dR_llr,293.5,from_multivar,10
lep0_pt_x_bjets_dR_x_bjets_pt_bb_x_bjet1_pt_x_blnu_mT_x_blnu_pt_x_trijet_pt_llr,293.5,from_multivar,7
lep0_pt_x_bjets_mbb_x_bjets_pt_bb_x_bjet1_pt_x_blnu_mT_x_trijet_pt_rat_x_trijet_bijet_dR_llr,293.5,from_multivar,7
bjets_dR_x_bjets_pt_bb_x_bjet1_pt_x_blnu_mT_x_blnu_pt_x_trijet_bijet_dR_llr,293.625,from_multivar,6
bjets_mbb_x_bjets_dR_x_bjet0_pt_x_bjet1_pt_x_blnu_pt_x_trijet_bijet_dR_llr,293.625,from_multivar,6
bjets_mbb_x_bjets_dR_x_bjet0_pt_x_blnu_pt_llr,293.625,from_multivar,4
bjets_mbb_x_bjets_dR_x_bjet0_pt_x_bjet1_pt_x_blnu_mT_x_blnu_pt_x_trijet_mInv_x_trijet_pt_llr,293.625,from_multivar,8
lep0_pt_x_bjets_mbb_x_bjets_pt_bb_x_bjet1_pt_x_blnu_mT_x_trijet_mInv_x_trijet_bijet_dR_llr,293.75,from_multivar,7
bjets_mbb_x_bjets_pt_bb_x_bjet1_pt_x_blnu_mT_x_blnu_pt_x_trijet_pt_x_trijet_bijet_dR_llr,293.75,from_multivar,7
bjets_mbb_x_bjets_pt_bb_x_bjet0_pt_x_bjet1_pt_x_trijet_mInv_x_trijet_pt_x_trijet_pt_rat_x_trijet_bijet_dR_llr,293.8125,from_multivar,8
bjets_mbb_x_bjets_pt_bb_x_bjet0_pt_x_bjet1_pt_x_trijet_mInv_x_trijet_pt_rat_x_trijet_bijet_dR_llr,294.0,from_multivar,7
bjets_mbb_x_bjets_pt_bb_x_bjet1_pt_x_trijet_bijet_dR_llr,294.0,from_multivar,4
lep0_pt_x_bjets_mbb_x_bjets_dR_x_bjet0_pt_x_blnu_pt_x_trijet_pt_llr,294.0,from_multivar,6
bjets_dR_x_bjets_pt_bb_x_blnu_pt_x_trijet_mInv_x_trijet_bijet_dR_llr,294.25,from_multivar,5
lep0_pt_x_bjets_dR_x_bjets_pt_bb_x_bjet0_pt_x_bjet1_pt_x_blnu_mT_x_blnu_pt_x_trijet_mInv_x_trijet_pt_rat_llr,294.25,from_multivar,9
bjets_mbb_x_bjets_pt_bb_x_bjet0_pt_x_bjet1_pt_x_blnu_pt_x_trijet_pt_x_trijet_pt_rat_x_trijet_bijet_dR_llr,294.25,from_multivar,8
lep0_pt_x_bjets_mbb_x_bjets_pt_bb_x_bjet0_pt_x_blnu_mT_x_trijet_pt_rat_x_trijet_bijet_dR_llr,294.25,from_multivar,7
lep0_pt_x_bjets_mbb_x_bjets_pt_bb_x_bjet1_pt_x_blnu_mT_x_trijet_mInv_x_trijet_pt_rat_x_trijet_bijet_dR_llr,294.25,from_multivar,8
bjets_dR_x_bjets_pt_bb_x_blnu_mT_x_blnu_pt_x_trijet_mInv_x_trijet_bijet_dR_llr,294.25,from_multivar,6
bjets_mbb_x_bjets_dR_x_bjet0_pt_x_blnu_mT_x_blnu_pt_x_trijet_pt_llr,294.25,from_multivar,6
bjets_mbb_x_bjets_pt_bb_x_bjet0_pt_x_trijet_pt_x_trijet_pt_rat_x_trijet_bijet_dR_llr,294.25,from_multivar,6
bjets_mbb_x_bjets_pt_bb_x_bjet0_pt_x_bjet1_pt_x_blnu_pt_x_trijet_mInv_x_trijet_pt_x_trijet_pt_rat_x_trijet_bijet_dR_llr,294.25,from_multivar,9
bjets_dR_x_bjets_pt_bb_x_bjet1_pt_x_blnu_pt_x_trijet_pt_x_trijet_bijet_dR_llr,294.5,from_multivar,6
lep0_pt_x_bjets_mbb_x_bjets_dR_x_bjet0_pt_x_bjet1_pt_x_blnu_mT_x_blnu_pt_x_trijet_mInv_x_trijet_pt_rat_llr,294.5,from_multivar,9
lep0_pt_x_bjets_mbb_x_bjets_pt_bb_x_bjet1_pt_x_blnu_pt_x_trijet_pt_rat_x_trijet_bijet_dR_llr,294.625,from_multivar,7
bjets_mbb_x_bjets_pt_bb_x_bjet1_pt_x_blnu_mT_x_blnu_pt_x_trijet_pt_rat_x_trijet_bijet_dR_llr,294.625,from_multivar,7
lep0_pt_x_bjets_dR_x_bjets_pt_bb_x_blnu_pt_x_trijet_pt_x_trijet_bijet_dR_llr,294.625,from_multivar,6
lep0_pt_x_bjets_dR_x_bjets_pt_bb_x_bjet0_pt_x_bjet1_pt_x_blnu_mT_x_blnu_pt_x_trijet_pt_rat_llr,294.75,from_multivar,8
lep0_pt_x_bjets_dR_x_bjets_pt_bb_x_bjet0_pt_x_blnu_mT_x_blnu_pt_x_trijet_pt_rat_llr,294.75,from_multivar,7
lep0_pt_x_bjets_dR_x_bjets_pt_bb_x_bjet0_pt_x_blnu_pt_x_trijet_mInv_x_trijet_pt_rat_llr,294.75,from_multivar,7
lep0_pt_x_bjets_mbb_x_bjets_dR_x_bjet0_pt_x_bjet1_pt_x_blnu_mT_x_blnu_pt_x_trijet_pt_rat_llr,294.75,from_multivar,8
lep0_pt_x_bjets_mbb_x_bjets_pt_bb_x_bjet0_pt_x_bjet1_pt_x_blnu_pt_x_trijet_mInv_x_trijet_pt_x_trijet_pt_rat_x_trijet_bijet_dR_llr,294.875,from_multivar,10
lep0_pt_x_bjets_dR_x_bjets_pt_bb_x_bjet0_pt_x_blnu_mT_x_trijet_mInv_x_trijet_pt_x_trijet_pt_rat_x_trijet_bijet_dR_llr,294.9375,from_multivar,9
lep0_pt_x_bjets_mbb_x_bjets_pt_bb_x_bjet1_pt_x_blnu_mT_x_blnu_pt_x_trijet_mInv_x_trijet_pt_rat_x_trijet_bijet_dR_llr,294.9375,from_multivar,9
lep0_pt_x_bjets_dR_x_bjets_pt_bb_x_bjet0_pt_x_blnu_mT_x_blnu_pt_x_trijet_mInv_x_trijet_pt_rat_x_trijet_bijet_dR_llr,295.0,from_multivar,9
lep0_pt_x_bjets_mbb_x_bjets_pt_bb_x_bjet0_pt_x_blnu_pt_x_trijet_mInv_x_trijet_pt_x_trijet_pt_rat_x_trijet_bijet_dR_llr,295.25,from_multivar,9
lep0_pt_x_bjets_mbb_x_bjets_pt_bb_x_blnu_mT_x_blnu_pt_x_trijet_mInv_x_trijet_pt_x_trijet_bijet_dR_llr,295.25,from_multivar,8
lep0_pt_x_bjets_mbb_x_bjets_dR_x_bjet0_pt_x_bjet1_pt_x_blnu_mT_x_blnu_pt_llr,295.25,from_multivar,7
lep0_pt_x_bjets_dR_x_bjets_pt_bb_x_bjet0_pt_x_bjet1_pt_x_blnu_pt_x_trijet_mInv_x_trijet_pt_x_trijet_pt_rat_llr,295.25,from_multivar,9
bjets_mbb_x_bjets_dR_x_bjet0_pt_x_bjet1_pt_x_blnu_mT_x_blnu_pt_x_trijet_pt_llr,295.25,from_multivar,7
bjets_dR_x_bjets_pt_bb_x_bjet0_pt_x_bjet1_pt_x_blnu_mT_x_blnu_pt_x_trijet_mInv_x_trijet_pt_x_trijet_pt_rat_llr,295.25,from_multivar,9
bjets_mbb_x_bjets_dR_x_bjets_pt_bb_x_bjet0_pt_x_trijet_bijet_dR_llr,295.625,from_multivar,5
lep0_pt_x_bjets_dR_x_bjets_pt_bb_x_bjet1_pt_x_blnu_pt_x_trijet_mInv_x_trijet_pt_rat_llr,295.75,from_multivar,7
bjets_mbb_x_bjets_dR_x_bjet0_pt_x_blnu_mT_x_trijet_mInv_x_trijet_pt_llr,295.875,from_multivar,6
lep0_pt_x_bjets_dR_x_bjets_pt_bb_x_bjet1_pt_x_trijet_pt_x_trijet_bijet_dR_llr,295.875,from_multivar,6
bjets_mbb_x_bjets_pt_bb_x_bjet0_pt_x_bjet1_pt_x_blnu_mT_x_trijet_pt_x_trijet_pt_rat_x_trijet_bijet_dR_llr,295.875,from_multivar,8
bjets_dR_x_bjets_pt_bb_x_bjet0_pt_x_bjet1_pt_x_blnu_mT_x_blnu_pt_x_trijet_pt_rat_llr,295.9688,from_multivar,7
bjets_mbb_x_bjets_dR_x_bjets_pt_bb_x_bjet0_pt_x_bjet1_pt_x_trijet_mInv_x_trijet_bijet_dR_llr,296.0,from_multivar,7
lep0_pt_x_bjets_dR_x_bjets_pt_bb_x_bjet0_pt_x_bjet1_pt_x_blnu_mT_x_blnu_pt_x_trijet_mInv_x_trijet_pt_x_trijet_bijet_dR_llr,296.0,from_multivar,10
lep0_pt_x_bjets_mbb_x_bjets_pt_bb_x_bjet0_pt_x_blnu_mT_x_trijet_bijet_dR_llr,296.0,from_multivar,6
bjets_mbb_x_bjets_pt_bb_x_trijet_mInv_x_trijet_pt_x_trijet_pt_rat_x_trijet_bijet_dR_llr,296.25,from_multivar,6
lep0_pt_x_bjets_dR_x_bjets_pt_bb_x_blnu_mT_x_blnu_pt_x_trijet_pt_rat_llr,296.25,from_multivar,6
bjets_mbb_x_bjets_pt_bb_x_trijet_pt_x_trijet_pt_rat_x_trijet_bijet_dR_llr,296.25,from_multivar,5
lep0_pt_x_bjets_mbb_x_bjets_dR_x_bjet0_pt_x_bjet1_pt_x_blnu_mT_x_blnu_pt_x_trijet_mInv_x_trijet_pt_llr,296.25,from_multivar,9
lep0_pt_x_bjets_mbb_x_bjets_pt_bb_x_bjet0_pt_x_bjet1_pt_x_blnu_pt_x_trijet_pt_x_trijet_pt_rat_x_trijet_bijet_dR_llr,296.25,from_multivar,9
bjets_mbb_x_bjets_pt_bb_x_bjet0_pt_x_blnu_mT_x_trijet_mInv_x_trijet_pt_rat_x_trijet_bijet_dR_llr,296.25,from_multivar,7
bjets_mbb_x_bjets_pt_bb_x_blnu_mT_x_blnu_pt_x_trijet_mInv_x_trijet_pt_x_trijet_bijet_dR_llr,296.25,from_multivar,7
lep0_pt_x_bjets_dR_x_bjets_pt_bb_x_bjet0_pt_x_bjet1_pt_x_blnu_mT_x_blnu_pt_x_trijet_mInv_x_trijet_pt_rat_x_trijet_bijet_dR_llr,296.25,from_multivar,10
lep0_pt_x_bjets_dR_x_bjets_pt_bb_x_bjet0_pt_x_blnu_mT_x_blnu_pt_x_trijet_mInv_x_trijet_pt_rat_llr,296.25,from_multivar,8
lep0_pt_x_bjets_dR_x_bjets_pt_bb_x_bjet0_pt_x_blnu_pt_x_trijet_mInv_x_trijet_pt_rat_x_trijet_bijet_dR_llr,296.25,from_multivar,8
bjets_mbb_x_bjets_dR_x_bjet0_pt_x_trijet_pt_rat_llr,296.5,from_multivar,4
lep0_pt_x_bjets_mbb_x_bjets_pt_bb_x_bjet0_pt_x_blnu_mT_x_trijet_mInv_x_trijet_pt_x_trijet_pt_rat_x_trijet_bijet_dR_llr,296.5,from_multivar,9
lep0_pt_x_bjets_mbb_x_bjets_pt_bb_x_bjet0_pt_x_blnu_mT_x_trijet_pt_x_trijet_pt_rat_x_trijet_bijet_dR_llr,296.625,from_multivar,8
bjets_dR_x_bjets_pt_bb_x_bjet0_pt_x_bjet1_pt_x_blnu_pt_x_trijet_mInv_x_trijet_pt_rat_llr,296.625,from_multivar,7
bjets_mbb_x_bjets_pt_bb_x_bjet0_pt_x_bjet1_pt_x_blnu_mT_x_blnu_pt_x_trijet_pt_x_trijet_pt_rat_x_trijet_bijet_dR_llr,296.625,from_multivar,9
lep0_pt_x_bjets_mbb_x_bjets_pt_bb_x_bjet0_pt_x_bjet1_pt_x_blnu_mT_x_blnu_pt_x_trijet_mInv_x_trijet_pt_x_trijet_pt_rat_x_trijet_bijet_dR_llr,296.625,from_multivar,11
lep0_pt_x_bjets_mbb_x_bjets_dR_x_bjet0_pt_x_bjet1_pt_x_blnu_mT_x_trijet_mInv_x_trijet_pt_llr,296.625,from_multivar,8
bjets_mbb_x_bjets_dR_x_bjet0_pt_x_bjet1_pt_x_trijet_mInv_x_trijet_pt_rat_llr,296.75,from_multivar,6
bjets_mbb_x_bjets_pt_bb_x_blnu_mT_x_blnu_pt_x_trijet_mInv_x_trijet_pt_rat_x_trijet_bijet_dR_llr,296.75,from_multivar,7
bjets_dR_x_bjets_pt_bb_x_bjet0_pt_x_bjet1_pt_x_blnu_mT_x_blnu_pt_x_trijet_pt_x_trijet_bijet_dR_llr,296.75,from_multivar,8
lep0_pt_x_bjets_dR_x_bjets_pt_bb_x_bjet0_pt_x_blnu_mT_x_blnu_pt_x_trijet_mInv_x_trijet_pt_x_trijet_pt_rat_llr,296.8125,from_multivar,9
lep0_pt_x_bjets_mbb_x_bjets_pt_bb_x_bjet1_pt_x_blnu_mT_x_blnu_pt_x_trijet_mInv_x_trijet_pt_x_trijet_bijet_dR_llr,296.875,from_multivar,9
lep0_pt_x_bjets_mbb_x_bjets_pt_bb_x_bjet0_pt_x_trijet_mInv_x_trijet_pt_x_trijet_pt_rat_x_trijet_bijet_dR_llr,296.875,from_multivar,8
lep0_pt_x_bjets_dR_x_bjets_pt_bb_x_bjet1_pt_x_blnu_mT_x_blnu_pt_x_trijet_mInv_llr,296.9375,from_multivar,7
lep0_pt_x_bjets_dR_x_bjets_pt_bb_x_bjet0_pt_x_bjet1_pt_x_blnu_mT_x_blnu_pt_x_trijet_mInv_x_trijet_pt_x_trijet_pt_rat_llr,296.9375,from_multivar,10
bjets_mbb_x_bjets_dR_x_bjet1_pt_x_blnu_pt_llr,296.9688,from_multivar,4
lep0_pt_x_bjets_mbb_x_bjets_dR_x_bjet0_pt_x_blnu_mT_x_trijet_pt_llr,296.9688,from_multivar,6
lep0_pt_x_bjets_mbb_x_bjets_pt_bb_x_bjet1_pt_x_blnu_mT_x_blnu_pt_x_trijet_pt_x_trijet_bijet_dR_llr,297.25,from_multivar,8
lep0_pt_x_bjets_mbb_x_bjets_pt_bb_x_bjet0_pt_x_blnu_pt_x_trijet_pt_x_trijet_pt_rat_x_trijet_bijet_dR_llr,297.25,from_multivar,8
lep0_pt_x_bjets_dR_x_bjets_pt_bb_x_bjet0_pt_x_bjet1_pt_x_blnu_pt_x_trijet_pt_x_trijet_bijet_dR_llr,297.25,from_multivar,8
bjets_mbb_x_bjets_pt_bb_x_bjet0_pt_x_blnu_pt_x_trijet_mInv_x_trijet_pt_x_trijet_pt_rat_x_trijet_bijet_dR_llr,297.25,from_multivar,8
bjets_mbb_x_bjets_pt_bb_x_bjet0_pt_x_blnu_mT_x_blnu_pt_x_trijet_pt_x_trijet_pt_rat_x_trijet_bijet_dR_llr,297.25,from_multivar,8
bjets_mbb_x_bjets_dR_x_bjet0_pt_x_blnu_mT_x_blnu_pt_llr,297.25,from_multivar,5
bjets_mbb_x_bjets_dR_x_bjet0_pt_x_bjet1_pt_x_trijet_pt_x_trijet_pt_rat_llr,297.25,from_multivar,6
bjets_mbb_x_bjets_dR_x_bjet1_pt_x_trijet_mInv_x_trijet_pt_llr,297.25,from_multivar,5
bjets_dR_x_bjets_pt_bb_x_bjet0_pt_x_blnu_pt_x_trijet_pt_x_trijet_pt_rat_llr,297.25,from_multivar,6
lep0_pt_x_bjets_mbb_x_bjets_pt_bb_x_trijet_pt_x_trijet_pt_rat_x_trijet_bijet_dR_llr,297.5,from_multivar,6
bjets_dR_x_bjets_pt_bb_x_bjet0_pt_x_bjet1_pt_x_blnu_pt_x_trijet_pt_x_trijet_pt_rat_llr,297.5,from_multivar,7
lep0_pt_x_bjets_mbb_x_bjets_dR_x_bjet0_pt_x_bjet1_pt_x_blnu_pt_x_trijet_mInv_x_trijet_pt_rat_x_trijet_bijet_dR_llr,297.5,from_multivar,9
bjets_mbb_x_bjets_dR_x_bjet0_pt_x_blnu_mT_x_blnu_pt_x_trijet_mInv_llr,297.625,from_multivar,6
lep0_pt_x_bjets_mbb_x_bjets_dR_x_bjet0_pt_x_bjet1_pt_x_trijet_bijet_dR_llr,297.625,from_multivar,6
bjets_mbb_x_bjets_dR_x_bjet0_pt_x_blnu_mT_x_blnu_pt_x_trijet_mInv_x_trijet_pt_rat_llr,297.625,from_multivar,7
lep0_pt_x_bjets_mbb_x_bjets_pt_bb_x_bjet0_pt_x_bjet1_pt_x_blnu_mT_x_blnu_pt_x_trijet_pt_x_trijet_pt_rat_x_trijet_bijet_dR_llr,297.625,from_multivar,10
bjets_dR_x_bjets_pt_bb_x_bjet0_pt_x_bjet1_pt_x_blnu_pt_x_trijet_mInv_x_trijet_pt_x_trijet_pt_rat_llr,297.625,from_multivar,8
lep0_pt_x_bjets_mbb_x_bjets_dR_x_bjet0_pt_x_trijet_mInv_x_trijet_pt_llr,297.75,from_multivar,6
bjets_dR_x_bjets_pt_bb_x_bjet0_pt_x_blnu_mT_x_blnu_pt_x_trijet_mInv_x_trijet_pt_x_trijet_pt_rat_llr,297.75,from_multivar,8
bjets_mbb_x_bjets_dR_x_bjet0_pt_x_trijet_mInv_x_trijet_pt_llr,297.75,from_multivar,5
bjets_mbb_x_bjets_dR_x_bjet0_pt_x_blnu_mT_x_trijet_pt_rat_llr,297.75,from_multivar,5
lep0_pt_x_bjets_mbb_x_bjets_dR_x_bjet0_pt_x_bjet1_pt_x_blnu_pt_x_trijet_mInv_x_trijet_bijet_dR_llr,297.8125,from_multivar,8
bjets_mbb_x_bjets_dR_x_bjet1_pt_x_blnu_pt_x_trijet_mInv_x_trijet_pt_llr,297.8125,from_multivar,6
lep0_pt_x_bjets_mbb_x_bjets_pt_bb_x_blnu_mT_x_blnu_pt_x_trijet_pt_rat_x_trijet_bijet_dR_llr,297.875,from_multivar,7
lep0_pt_x_bjets_mbb_x_bjets_dR_x_bjet0_pt_x_blnu_pt_x_trijet_bijet_dR_llr,297.9375,from_multivar,6
lep0_pt_x_bjets_dR_x_bjets_pt_bb_x_bjet0_pt_x_blnu_pt_x_trijet_bijet_dR_llr,297.9375,from_multivar,6
lep0_pt_x_bjets_mbb_x_bjets_dR_x_bjet0_pt_x_trijet_mInv_x_trijet_pt_rat_llr,297.9375,from_multivar,6
bjets_mbb_x_bjets_pt_bb_x_bjet0_pt_x_trijet_mInv_x_trijet_pt_x_trijet_pt_rat_x_trijet_bijet_dR_llr,297.9688,from_multivar,7
bjets_mbb_x_bjets_pt_bb_x_bjet1_pt_x_trijet_pt_x_trijet_pt_rat_x_trijet_bijet_dR_llr,298.25,from_multivar,6
lep0_pt_x_bjets_mbb_x_bjets_dR_x_bjet0_pt_x_bjet1_pt_x_blnu_mT_x_blnu_pt_x_trijet_pt_llr,298.25,from_multivar,8
bjets_mbb_x_bjets_pt_bb_x_bjet0_pt_x_blnu_pt_x_trijet_pt_x_trijet_pt_rat_x_trijet_bijet_dR_llr,298.25,from_multivar,7
bjets_mbb_x_bjets_pt_bb_x_bjet0_pt_x_blnu_mT_x_trijet_mInv_x_trijet_pt_x_trijet_pt_rat_x_trijet_bijet_dR_llr,298.25,from_multivar,8
bjets_dR_x_bjets_pt_bb_x_bjet0_pt_x_blnu_mT_x_blnu_pt_x_trijet_mInv_x_trijet_pt_rat_llr,298.25,from_multivar,7
lep0_pt_x_bjets_mbb_x_bjets_dR_x_bjet0_pt_x_trijet_pt_x_trijet_pt_rat_llr,298.25,from_multivar,6
bjets_dR_x_bjets_pt_bb_x_bjet1_pt_x_blnu_pt_x_trijet_bijet_dR_llr,298.5,from_multivar,5
lep0_pt_x_bjets_mbb_x_bjets_dR_x_bjet0_pt_x_bjet1_pt_x_trijet_pt_x_trijet_pt_rat_llr,298.625,from_multivar,7
lep0_pt_x_bjets_mbb_x_bjets_dR_x_bjet0_pt_x_blnu_mT_x_trijet_pt_rat_llr,298.625,from_multivar,6
lep0_pt_x_bjets_dR_x_bjets_pt_bb_x_bjet0_pt_x_bjet1_pt_x_blnu_mT_x_blnu_pt_x_trijet_mInv_x_trijet_pt_x_trijet_pt_rat_x_trijet_bijet_dR_llr,298.625,from_multivar,11
lep0_pt_x_bjets_dR_x_bjets_pt_bb_x_bjet1_pt_x_blnu_mT_x_trijet_mInv_x_trijet_pt_llr,298.625,from_multivar,7
lep0_pt_x_bjets_dR_x_bjets_pt_bb_x_bjet1_pt_x_blnu_pt_x_trijet_bijet_dR_llr,298.75,from_multivar,6
lep0_pt_x_bjets_dR_x_bjets_pt_bb_x_bjet0_pt_x_bjet1_pt_x_blnu_pt_x_trijet_pt_x_trijet_pt_rat_llr,298.75,from_multivar,8
lep0_pt_x_bjets_mbb_x_bjets_pt_bb_x_bjet0_pt_x_blnu_mT_x_blnu_pt_x_trijet_pt_x_trijet_pt_rat_x_trijet_bijet_dR_llr,298.875,from_multivar,9
lep0_pt_x_bjets_dR_x_bjets_pt_bb_x_bjet0_pt_x_blnu_pt_x_trijet_pt_rat_x_trijet_bijet_dR_llr,298.9375,from_multivar,7
lep0_pt_x_bjets_mbb_x_bjets_pt_bb_x_blnu_mT_x_blnu_pt_x_trijet_pt_x_trijet_bijet_dR_llr,298.9375,from_multivar,7
bjets_dR_x_bjets_pt_bb_x_bjet0_pt_x_bjet1_pt_x_blnu_mT_x_blnu_pt_x_trijet_pt_rat_x_trijet_bijet_dR_llr,298.9688,from_multivar,8
lep0_pt_x_bjets_dR_x_bjets_pt_bb_x_bjet0_pt_x_bjet1_pt_x_blnu_mT_x_blnu_pt_x_trijet_pt_x_trijet_pt_rat_llr,299.0,from_multivar,9
lep0_pt_x_bjets_mbb_x_bjets_pt_bb_x_bjet1_pt_x_blnu_pt_x_trijet_mInv_x_trijet_pt_x_trijet_pt_rat_x_trijet_bijet_dR_llr,299.0,from_multivar,9
bjets_mbb_x_bjets_pt_bb_x_blnu_mT_x_trijet_pt_x_trijet_pt_rat_x_trijet_bijet_dR_llr,299.25,from_multivar,6
lep0_pt_x_bjets_mbb_x_bjets_pt_bb_x_bjet0_pt_x_bjet1_pt_x_trijet_bijet_dR_llr,299.25,from_multivar,6
bjets_mbb_x_bjets_dR_x_bjet1_pt_x_trijet_pt_llr,299.25,from_multivar,4
lep0_pt_x_bjets_dR_x_bjets_pt_bb_x_trijet_pt_x_trijet_bijet_dR_llr,299.25,from_multivar,5
bjets_dR_x_bjets_pt_bb_x_bjet0_pt_x_bjet1_pt_x_blnu_mT_x_blnu_pt_x_trijet_mInv_x_trijet_pt_x_trijet_pt_rat_x_trijet_bijet_dR_llr,299.25,from_multivar,10
bjets_dR_x_bjets_pt_bb_x_bjet0_pt_x_blnu_mT_x_blnu_pt_x_trijet_pt_x_trijet_pt_rat_llr,299.25,from_multivar,7
lep0_pt_x_bjets_dR_x_bjets_pt_bb_x_blnu_mT_x_blnu_pt_x_trijet_mInv_x_trijet_pt_rat_llr,299.25,from_multivar,7
bjets_mbb_x_bjets_pt_bb_x_bjet0_pt_x_blnu_mT_x_trijet_pt_x_trijet_pt_rat_x_trijet_bijet_dR_llr,299.25,from_multivar,7
bjets_dR_x_bjets_pt_bb_x_bjet1_pt_x_blnu_pt_x_trijet_mInv_x_trijet_bijet_dR_llr,299.25,from_multivar,6
lep0_pt_x_bjets_dR_x_bjets_pt_bb_x_bjet1_pt_x_blnu_mT_x_blnu_pt_x_trijet_mInv_x_trijet_pt_rat_llr,299.5,from_multivar,8
lep0_pt_x_bjets_dR_x_bjets_pt_bb_x_bjet0_pt_x_bjet1_pt_x_blnu_pt_x_trijet_pt_rat_llr,299.5,from_multivar,7
lep0_pt_x_bjets_mbb_x_bjets_pt_bb_x_bjet1_pt_x_blnu_mT_x_blnu_pt_x_trijet_pt_rat_x_trijet_bijet_dR_llr,299.625,from_multivar,8
bjets_dR_x_bjets_pt_bb_x_blnu_mT_x_blnu_pt_x_trijet_bijet_dR_llr,299.625,from_multivar,5
lep0_pt_x_bjets_dR_x_bjets_pt_bb_x_bjet0_pt_x_blnu_pt_x_trijet_mInv_x_trijet_pt_x_trijet_pt_rat_llr,299.75,from_multivar,8
lep0_pt_x_bjets_mbb_x_bjets_dR_x_bjet0_pt_x_blnu_mT_x_blnu_pt_llr,299.75,from_multivar,6
lep0_pt_x_bjets_dR_x_bjets_pt_bb_x_bjet0_pt_x_bjet1_pt_x_blnu_mT_x_blnu_pt_x_trijet_mInv_x_trijet_bijet_dR_llr,300.25,from_multivar,9
lep0_pt_x_bjets_dR_x_bjets_pt_bb_x_bjet0_pt_x_bjet1_pt_x_blnu_pt_x_trijet_mInv_x_trijet_bijet_dR_llr,300.25,from_multivar,8
lep0_pt_x_bjets_mbb_x_bjets_pt_bb_x_bjet0_pt_x_trijet_bijet_dR_llr,300.25,from_multivar,5
bjets_mbb_x_bjets_dR_x_bjet0_pt_x_trijet_pt_rat_x_trijet_bijet_dR_llr,300.25,from_multivar,5
lep0_pt_x_bjets_dR_x_bjets_pt_bb_x_blnu_mT_x_trijet_pt_x_trijet_bijet_dR_llr,300.25,from_multivar,6
bjets_dR_x_bjets_pt_bb_x_bjet0_pt_x_bjet1_pt_x_blnu_pt_x_trijet_mInv_x_trijet_pt_x_trijet_bijet_dR_llr,300.25,from_multivar,8
lep0_pt_x_bjets_dR_x_bjets_pt_bb_x_bjet0_pt_x_blnu_mT_x_blnu_pt_x_trijet_mInv_x_trijet_bijet_dR_llr,300.625,from_multivar,8
bjets_dR_x_bjets_pt_bb_x_bjet0_pt_x_blnu_pt_x_trijet_bijet_dR_llr,300.625,from_multivar,5
bjets_dR_x_bjets_pt_bb_x_bjet0_pt_x_bjet1_pt_x_blnu_mT_x_blnu_pt_x_trijet_pt_x_trijet_pt_rat_llr,300.8125,from_multivar,8
bjets_mbb_x_bjets_dR_x_bjet0_pt_x_blnu_mT_x_trijet_mInv_x_trijet_pt_rat_llr,300.875,from_multivar,6
lep0_pt_x_bjets_mbb_x_bjets_pt_bb_x_bjet0_pt_x_blnu_mT_x_blnu_pt_x_trijet_mInv_x_trijet_pt_x_trijet_pt_rat_x_trijet_bijet_dR_llr,300.875,from_multivar,10
bjets_mbb_x_bjets_dR_x_bjet0_pt_x_blnu_pt_x_trijet_mInv_x_trijet_bijet_dR_llr,300.9375,from_multivar,6
bjets_dR_x_bjets_pt_bb_x_bjet0_pt_x_blnu_mT_x_blnu_pt_x_trijet_bijet_dR_llr,301.0,from_multivar,6
bjets_mbb_x_bjets_dR_x_bjet0_pt_x_bjet1_pt_x_blnu_pt_x_trijet_mInv_x_trijet_pt_x_trijet_pt_rat_llr,301.25,from_multivar,8
lep0_pt_x_bjets_dR_x_bjets_pt_bb_x_bjet0_pt_x_bjet1_pt_x_blnu_mT_x_blnu_pt_x_trijet_pt_x_trijet_bijet_dR_llr,301.25,from_multivar,9
lep0_pt_x_bjets_dR_x_bjets_pt_bb_x_bjet0_pt_x_blnu_pt_x_trijet_mInv_x_trijet_bijet_dR_llr,301.25,from_multivar,7
bjets_mbb_x_bjets_dR_x_bjet0_pt_x_bjet1_pt_x_blnu_pt_x_trijet_mInv_x_trijet_bijet_dR_llr,301.25,from_multivar,7
lep0_pt_x_bjets_dR_x_bjets_pt_bb_x_bjet0_pt_x_blnu_pt_x_trijet_pt_x_trijet_pt_rat_llr,301.25,from_multivar,7
lep0_pt_x_bjets_dR_x_bjets_pt_bb_x_bjet0_pt_x_blnu_pt_x_trijet_mInv_x_trijet_pt_x_trijet_bijet_dR_llr,301.25,from_multivar,8
bjets_dR_x_bjets_pt_bb_x_bjet0_pt_x_bjet1_pt_x_blnu_mT_x_blnu_pt_llr,301.25,from_multivar,6
lep0_pt_x_bjets_dR_x_bjets_pt_bb_x_bjet0_pt_x_blnu_mT_x_trijet_pt_llr,301.25,from_multivar,6
bjets_mbb_x_bjets_pt_bb_x_bjet0_pt_x_blnu_mT_x_trijet_bijet_dR_llr,301.25,from_multivar,5
lep0_pt_x_bjets_dR_x_bjets_pt_bb_x_bjet0_pt_x_bjet1_pt_x_blnu_pt_x_trijet_mInv_x_trijet_pt_rat_x_trijet_bijet_dR_llr,301.5,from_multivar,9
lep0_pt_x_bjets_mbb_x_bjets_dR_x_bjet0_pt_x_blnu_pt_x_trijet_mInv_x_trijet_pt_llr,301.625,from_multivar,7
bjets_dR_x_bjets_pt_bb_x_bjet0_pt_x_blnu_pt_x_trijet_mInv_x_trijet_pt_x_trijet_pt_rat_llr,301.625,from_multivar,7
lep0_pt_x_bjets_dR_x_bjets_pt_bb_x_trijet_mInv_x_trijet_pt_x_trijet_pt_rat_llr,301.8125,from_multivar,6
bjets_dR_x_bjets_pt_bb_x_bjet1_pt_x_blnu_pt_x_trijet_pt_x_trijet_pt_rat_llr,301.8125,from_multivar,6
bjets_dR_x_bjets_pt_bb_x_blnu_pt_x_trijet_mInv_x_trijet_pt_x_trijet_pt_rat_llr,301.875,from_multivar,6
lep0_pt_x_bjets_dR_x_bjets_pt_bb_x_bjet1_pt_x_blnu_mT_x_blnu_pt_x_trijet_pt_rat_llr,302.25,from_multivar,7
lep0_pt_x_bjets_dR_x_bjets_pt_bb_x_bjet0_pt_x_bjet1_pt_x_blnu_mT_x_blnu_pt_x_trijet_bijet_dR_llr,302.25,from_multivar,8
bjets_mbb_x_bjets_dR_x_bjet0_pt_x_bjet1_pt_x_blnu_mT_x_trijet_mInv_x_trijet_pt_rat_llr,302.25,from_multivar,7
bjets_dR_x_bjets_pt_bb_x_bjet0_pt_x_blnu_mT_x_blnu_pt_x_trijet_pt_x_trijet_bijet_dR_llr,302.25,from_multivar,7
bjets_dR_x_bjets_pt_bb_x_bjet0_pt_x_blnu_mT_x_blnu_pt_x_trijet_mInv_x_trijet_pt_x_trijet_pt_rat_x_trijet_bijet_dR_llr,302.25,from_multivar,9
bjets_dR_x_bjets_pt_bb_x_bjet0_pt_x_bjet1_pt_x_blnu_mT_x_blnu_pt_x_trijet_pt_x_trijet_pt_rat_x_trijet_bijet_dR_llr,302.25,from_multivar,9
lep0_pt_x_bjets_dR_x_bjets_pt_bb_x_bjet0_pt_x_blnu_mT_x_blnu_pt_x_trijet_pt_x_trijet_bijet_dR_llr,302.25,from_multivar,8
bjets_mbb_x_bjets_pt_bb_x_bjet0_pt_x_bjet1_pt_x_blnu_mT_x_trijet_bijet_dR_llr,302.25,from_multivar,6
lep0_pt_x_bjets_dR_x_bjets_pt_bb_x_bjet0_pt_x_trijet_pt_x_trijet_pt_rat_llr,302.25,from_multivar,6
bjets_mbb_x_bjets_dR_x_bjet0_pt_x_blnu_mT_x_blnu_pt_x_trijet_bijet_dR_llr,302.25,from_multivar,6
bjets_mbb_x_bjets_dR_x_bjet0_pt_x_bjet1_pt_x_trijet_pt_x_trijet_bijet_dR_llr,302.25,from_multivar,6
bjets_dR_x_bjets_pt_bb_x_bjet0_pt_x_blnu_pt_x_trijet_pt_x_trijet_bijet_dR_llr,302.25,from_multivar,6
bjets_mbb_x_bjets_dR_x_bjet0_pt_x_trijet_mInv_x_trijet_pt_rat_llr,302.25,from_multivar,5
lep0_pt_x_bjets_mbb_x_bjets_dR_x_bjet0_pt_x_blnu_mT_x_blnu_pt_x_trijet_mInv_x_trijet_pt_rat_llr,302.5,from_multivar,8
lep0_pt_x_bjets_dR_x_bjets_pt_bb_x_bjet0_pt_x_blnu_mT_x_blnu_pt_x_trijet_mInv_x_trijet_pt_x_trijet_pt_rat_x_trijet_bijet_dR_llr,302.625,from_multivar,10
lep0_pt_x_bjets_dR_x_bjets_pt_bb_x_bjet0_pt_x_blnu_mT_x_blnu_pt_x_trijet_pt_x_trijet_pt_rat_llr,302.625,from_multivar,8
bjets_dR_x_bjets_pt_bb_x_bjet0_pt_x_bjet1_pt_x_blnu_pt_x_trijet_pt_x_trijet_bijet_dR_llr,302.625,from_multivar,7
bjets_mbb_x_bjets_pt_bb_x_bjet1_pt_x_blnu_pt_x_trijet_mInv_x_trijet_pt_x_trijet_pt_rat_x_trijet_bijet_dR_llr,302.625,from_multivar,8
bjets_mbb_x_bjets_pt_bb_x_bjet0_pt_x_blnu_mT_x_blnu_pt_x_trijet_mInv_x_trijet_pt_x_trijet_pt_rat_x_trijet_bijet_dR_llr,302.75,from_multivar,9
bjets_dR_x_bjets_pt_bb_x_bjet0_pt_x_bjet1_pt_x_trijet_pt_x_trijet_pt_rat_llr,302.75,from_multivar,6
lep0_pt_x_bjets_dR_x_bjets_pt_bb_x_bjet0_pt_x_bjet1_pt_x_blnu_pt_x_trijet_mInv_x_trijet_pt_x_trijet_bijet_dR_llr,302.875,from_multivar,9
bjets_dR_x_bjets_pt_bb_x_blnu_pt_x_trijet_mInv_x_trijet_pt_x_trijet_bijet_dR_llr,302.875,from_multivar,6
bjets_mbb_x_bjets_dR_x_bjets_pt_bb_x_trijet_pt_x_trijet_pt_rat_x_trijet_bijet_dR_llr,302.9375,from_multivar,6
lep0_pt_x_bjets_mbb_x_bjets_dR_x_bjet0_pt_x_bjet1_pt_x_blnu_mT_x_trijet_mInv_x_trijet_pt_rat_llr,302.9375,from_multivar,8
lep0_pt_x_bjets_dR_x_bjets_pt_bb_x_bjet0_pt_x_bjet1_pt_x_blnu_pt_x_trijet_bijet_dR_llr,302.9375,from_multivar,7
bjets_mbb_x_bjets_dR_x_bjet0_pt_x_blnu_mT_x_trijet_pt_rat_x_trijet_bijet_dR_llr,303.25,from_multivar,6
bjets_dR_x_bjets_pt_bb_x_blnu_pt_x_trijet_bijet_dR_llr,303.25,from_multivar,4
lep0_pt_x_bjets_dR_x_bjets_pt_bb_x_bjet0_pt_x_blnu_mT_x_trijet_pt_x_trijet_pt_rat_x_trijet_bijet_dR_llr,303.25,from_multivar,8
lep0_pt_x_bjets_mbb_x_bjets_dR_x_bjet0_pt_x_blnu_mT_x_blnu_pt_x_trijet_pt_rat_llr,303.25,from_multivar,7
lep0_pt_x_bjets_mbb_x_bjets_dR_x_bjet0_pt_x_bjet1_pt_x_blnu_mT_x_trijet_pt_rat_llr,303.25,from_multivar,7
lep0_pt_x_bjets_mbb_x_bjets_dR_x_bjet0_pt_x_bjet1_pt_x_blnu_pt_x_trijet_pt_x_trijet_pt_rat_llr,303.25,from_multivar,8
bjets_dR_x_bjets_pt_bb_x_bjet0_pt_x_blnu_mT_x_blnu_pt_x_trijet_pt_rat_x_trijet_bijet_dR_llr,303.25,from_multivar,7
bjets_dR_x_bjets_pt_bb_x_bjet0_pt_x_bjet1_pt_x_blnu_pt_x_trijet_mInv_x_trijet_pt_rat_x_trijet_bijet_dR_llr,303.25,from_multivar,8
bjets_dR_x_bjets_pt_bb_x_bjet0_pt_x_blnu_mT_x_trijet_pt_x_trijet_pt_rat_llr,303.5,from_multivar,6
lep0_pt_x_bjets_mbb_x_bjets_pt_bb_x_bjet1_pt_x_blnu_pt_x_trijet_pt_x_trijet_pt_rat_x_trijet_bijet_dR_llr,303.5,from_multivar,8
bjets_mbb_x_bjets_dR_x_bjet0_pt_x_blnu_mT_x_blnu_pt_x_trijet_mInv_x_trijet_pt_llr,303.5,from_multivar,7
bjets_mbb_x_bjets_dR_x_bjet0_pt_x_bjet1_pt_x_blnu_pt_x_trijet_pt_rat_x_trijet_bijet_dR_llr,303.5,from_multivar,7
lep0_pt_x_bjets_mbb_x_bjets_dR_x_bjet1_pt_x_blnu_pt_x_trijet_mInv_llr,303.5,from_multivar,6
lep0_pt_x_bjets_mbb_x_bjets_pt_bb_x_bjet1_pt_x_trijet_pt_x_trijet_pt_rat_x_trijet_bijet_dR_llr,303.625,from_multivar,7
lep0_pt_x_bjets_dR_x_bjets_pt_bb_x_bjet0_pt_x_blnu_mT_x_blnu_pt_llr,303.75,from_multivar,6
lep0_pt_x_bjets_mbb_x_bjets_dR_x_bjet0_pt_x_trijet_mInv_x_trijet_pt_rat_x_trijet_bijet_dR_llr,303.75,from_multivar,7
bjets_dR_x_bjets_pt_bb_x_bjet0_pt_x_bjet1_pt_x_blnu_mT_x_trijet_pt_llr,303.875,from_multivar,6
lep0_pt_x_bjets_mbb_x_bjets_dR_x_bjet0_pt_x_bjet1_pt_x_blnu_mT_x_blnu_pt_x_trijet_mInv_x_trijet_bijet_dR_llr,303.9688,from_multivar,9
lep0_pt_x_bjets_dR_x_bjets_pt_bb_x_bjet0_pt_x_bjet1_pt_x_blnu_mT_x_blnu_pt_x_trijet_pt_x_trijet_pt_rat_x_trijet_bijet_dR_llr,304.0,from_multivar,10
bjets_dR_x_bjets_pt_bb_x_bjet0_pt_x_bjet1_pt_x_blnu_mT_x_blnu_pt_x_trijet_mInv_x_trijet_bijet_dR_llr,304.25,from_multivar,8
bjets_dR_x_bjets_pt_bb_x_bjet0_pt_x_bjet1_pt_x_blnu_pt_x_trijet_mInv_x_trijet_bijet_dR_llr,304.25,from_multivar,7
bjets_dR_x_bjets_pt_bb_x_bjet0_pt_x_blnu_mT_x_blnu_pt_x_trijet_pt_x_trijet_pt_rat_x_trijet_bijet_dR_llr,304.25,from_multivar,8
bjets_dR_x_bjets_pt_bb_x_bjet0_pt_x_bjet1_pt_x_blnu_pt_x_trijet_bijet_dR_llr,304.25,from_multivar,6
bjets_mbb_x_bjets_dR_x_bjet0_pt_x_trijet_mInv_x_trijet_pt_rat_x_trijet_bijet_dR_llr,304.25,from_multivar,6
bjets_mbb_x_bjets_dR_x_bjet1_pt_x_blnu_mT_x_trijet_mInv_x_trijet_pt_llr,304.25,from_multivar,6
lep0_pt_x_bjets_mbb_x_bjets_pt_bb_x_bjet0_pt_x_trijet_mInv_x_trijet_bijet_dR_llr,304.25,from_multivar,6
bjets_dR_x_bjets_pt_bb_x_bjet0_pt_x_blnu_pt_x_trijet_mInv_x_trijet_pt_x_trijet_bijet_dR_llr,304.5,from_multivar,7
bjets_mbb_x_bjets_dR_x_bjet0_pt_x_trijet_pt_x_trijet_pt_rat_llr,304.5,from_multivar,5
bjets_mbb_x_bjets_dR_x_bjet1_pt_x_blnu_pt_x_trijet_mInv_x_trijet_pt_rat_llr,304.625,from_multivar,6
lep0_pt_x_bjets_dR_x_bjets_pt_bb_x_blnu_mT_x_blnu_pt_x_trijet_bijet_dR_llr,304.625,from_multivar,6
bjets_mbb_x_bjets_pt_bb_x_bjet1_pt_x_trijet_mInv_x_trijet_pt_x_trijet_pt_rat_x_trijet_bijet_dR_llr,304.625,from_multivar,7
bjets_mbb_x_bjets_pt_bb_x_bjet0_pt_x_blnu_mT_x_trijet_mInv_x_trijet_bijet_dR_llr,304.625,from_multivar,6
lep0_pt_x_bjets_dR_x_bjets_pt_bb_x_blnu_mT_x_trijet_pt_rat_x_trijet_bijet_dR_llr,304.75,from_multivar,6
lep0_pt_x_bjets_mbb_x_bjets_dR_x_bjet0_pt_x_bjet1_pt_x_blnu_mT_x_trijet_mInv_x_trijet_pt_rat_x_trijet_bijet_dR_llr,304.75,from_multivar,9
lep0_pt_x_bjets_mbb_x_bjets_pt_bb_x_trijet_mInv_x_trijet_pt_x_trijet_pt_rat_x_trijet_bijet_dR_llr,304.875,from_multivar,7
lep0_pt_x_bjets_dR_x_bjets_pt_bb_x_bjet0_pt_x_trijet_pt_x_trijet_bijet_dR_llr,305.25,from_multivar,6
bjets_dR_x_bjets_pt_bb_x_blnu_pt_x_trijet_pt_x_trijet_pt_rat_llr,305.25,from_multivar,5
bjets_dR_x_bjets_pt_bb_x_blnu_mT_x_trijet_pt_x_trijet_bijet_dR_llr,305.25,from_multivar,5
lep0_pt_x_bjets_dR_x_bjets_pt_bb_x_bjet0_pt_x_blnu_mT_x_blnu_pt_x_trijet_pt_x_trijet_pt_rat_x_trijet_bijet_dR_llr,305.25,from_multivar,9
lep0_pt_x_bjets_dR_x_bjets_pt_bb_x_blnu_mT_x_blnu_pt_x_trijet_mInv_x_trijet_bijet_dR_llr,305.25,from_multivar,7
lep0_pt_x_bjets_mbb_x_bjets_dR_x_bjet0_pt_x_bjet1_pt_x_trijet_mInv_x_trijet_pt_x_trijet_pt_rat_llr,305.25,from_multivar,8
lep0_pt_x_bjets_mbb_x_bjets_pt_bb_x_bjet0_pt_x_bjet1_pt_x_blnu_mT_x_trijet_mInv_x_trijet_bijet_dR_llr,305.25,from_multivar,8
lep0_pt_x_bjets_mbb_x_bjets_pt_bb_x_bjet1_pt_x_blnu_mT_x_trijet_pt_x_trijet_pt_rat_x_trijet_bijet_dR_llr,305.25,from_multivar,8
lep0_pt_x_bjets_mbb_x_bjets_dR_x_bjet1_pt_x_trijet_mInv_x_trijet_pt_llr,305.5,from_multivar,6
bjets_dR_x_bjets_pt_bb_x_bjet0_pt_x_blnu_pt_x_trijet_mInv_x_trijet_bijet_dR_llr,305.5,from_multivar,6
lep0_pt_x_bjets_dR_x_bjets_pt_bb_x_bjet0_pt_x_trijet_pt_x_trijet_pt_rat_x_trijet_bijet_dR_llr,305.625,from_multivar,7
lep0_pt_x_bjets_mbb_x_bjets_pt_bb_x_bjet1_pt_x_trijet_mInv_x_trijet_pt_x_trijet_pt_rat_x_trijet_bijet_dR_llr,305.625,from_multivar,8
bjets_mbb_x_bjets_dR_x_bjet0_pt_x_bjet1_pt_x_blnu_mT_x_blnu_pt_x_trijet_mInv_x_trijet_bijet_dR_llr,305.625,from_multivar,8
lep0_pt_x_bjets_dR_x_bjets_pt_bb_x_bjet1_pt_x_blnu_pt_x_trijet_mInv_x_trijet_bijet_dR_llr,305.625,from_multivar,7
bjets_dR_x_bjets_pt_bb_x_bjet0_pt_x_bjet1_pt_x_blnu_mT_x_blnu_pt_x_trijet_bijet_dR_llr,305.75,from_multivar,7
lep0_pt_x_bjets_dR_x_bjets_pt_bb_x_bjet0_pt_x_blnu_mT_x_blnu_pt_x_trijet_bijet_dR_llr,305.75,from_multivar,7
bjets_mbb_x_bjets_dR_x_bjet0_pt_x_blnu_pt_x_trijet_bijet_dR_llr,305.75,from_multivar,5
bjets_mbb_x_bjets_dR_x_bjet0_pt_x_blnu_pt_x_trijet_pt_x_trijet_pt_rat_llr,305.8125,from_multivar,6
bjets_mbb_x_bjets_pt_bb_x_bjet1_pt_x_blnu_mT_x_trijet_mInv_x_trijet_pt_x_trijet_pt_rat_x_trijet_bijet_dR_llr,305.875,from_multivar,8
lep0_pt_x_bjets_dR_x_bjets_pt_bb_x_bjet0_pt_x_bjet1_pt_x_blnu_mT_x_trijet_pt_x_trijet_bijet_dR_llr,305.875,from_multivar,8
lep0_pt_x_bjets_mbb_x_bjets_dR_x_bjet0_pt_x_bjet1_pt_x_trijet_mInv_x_trijet_pt_rat_llr,305.875,from_multivar,7
lep0_pt_x_bjets_mbb_x_bjets_dR_x_bjet0_pt_x_blnu_pt_x_trijet_mInv_x_trijet_bijet_dR_llr,305.875,from_multivar,7
bjets_mbb_x_bjets_dR_x_bjet0_pt_x_bjet1_pt_x_blnu_pt_x_trijet_pt_x_trijet_pt_rat_llr,305.9375,from_multivar,7
bjets_mbb_x_bjets_pt_bb_x_bjet1_pt_x_blnu_pt_x_trijet_pt_x_trijet_pt_rat_x_trijet_bijet_dR_llr,305.9375,from_multivar,7
lep0_pt_x_bjets_dR_x_bjets_pt_bb_x_bjet0_pt_x_bjet1_pt_x_blnu_mT_x_trijet_mInv_x_trijet_pt_rat_x_trijet_bijet_dR_llr,305.9375,from_multivar,9
lep0_pt_x_bjets_dR_x_bjets_pt_bb_x_blnu_pt_x_trijet_pt_x_trijet_pt_rat_llr,305.9375,from_multivar,6
lep0_pt_x_bjets_mbb_x_bjets_dR_x_bjet0_pt_x_bjet1_pt_x_blnu_pt_x_trijet_mInv_x_trijet_pt_x_trijet_pt_rat_llr,306.25,from_multivar,9
lep0_pt_x_bjets_mbb_x_bjets_dR_x_bjet0_pt_x_trijet_mInv_x_trijet_bijet_dR_llr,306.25,from_multivar,6
lep0_pt_x_bjets_dR_x_bjets_pt_bb_x_bjet0_pt_x_trijet_mInv_x_trijet_pt_llr,306.25,from_multivar,6
bjets_mbb_x_bjets_pt_bb_x_blnu_pt_x_trijet_pt_x_trijet_pt_rat_x_trijet_bijet_dR_llr,306.25,from_multivar,6
bjets_dR_x_bjets_pt_bb_x_bjet1_pt_x_trijet_mInv_x_trijet_pt_x_trijet_pt_rat_llr,306.25,from_multivar,6
bjets_dR_x_bjets_pt_bb_x_bjet0_pt_x_bjet1_pt_x_trijet_pt_x_trijet_bijet_dR_llr,306.25,from_multivar,6
lep0_pt_x_bjets_mbb_x_bjets_dR_x_bjet0_pt_x_blnu_mT_x_blnu_pt_x_trijet_mInv_llr,306.25,from_multivar,7
lep0_pt_x_bjets_mbb_x_bjets_pt_bb_x_bjet0_pt_x_bjet1_pt_x_blnu_mT_x_trijet_bijet_dR_llr,306.25,from_multivar,7
bjets_dR_x_bjets_pt_bb_x_bjet0_pt_x_blnu_pt_x_trijet_mInv_x_trijet_pt_rat_x_trijet_bijet_dR_llr,306.25,from_multivar,7
bjets_dR_x_bjets_pt_bb_x_bjet0_pt_x_bjet1_pt_x_blnu_pt_x_trijet_pt_rat_x_trijet_bijet_dR_llr,306.25,from_multivar,7
lep0_pt_x_bjets_dR_x_bjets_pt_bb_x_bjet0_pt_x_blnu_pt_x_trijet_pt_x_trijet_bijet_dR_llr,306.25,from_multivar,7
bjets_mbb_x_bjets_pt_bb_x_blnu_pt_x_trijet_mInv_x_trijet_pt_x_trijet_pt_rat_x_trijet_bijet_dR_llr,306.25,from_multivar,7
lep0_pt_x_bjets_dR_x_bjets_pt_bb_x_bjet0_pt_x_bjet1_pt_x_blnu_pt_x_trijet_pt_rat_x_trijet_bijet_dR_llr,306.25,from_multivar,8
bjets_dR_x_bjets_pt_bb_x_trijet_mInv_x_trijet_pt_x_trijet_pt_rat_llr,306.25,from_multivar,5
lep0_pt_x_bjets_mbb_x_bjets_dR_x_bjet0_pt_x_trijet_bijet_dR_llr,306.5,from_multivar,5
bjets_dR_x_bjets_pt_bb_x_bjet1_pt_x_trijet_pt_x_trijet_pt_rat_llr,306.5,from_multivar,5
lep0_pt_x_bjets_mbb_x_bjets_dR_x_bjet0_pt_x_bjet1_pt_x_trijet_pt_rat_x_trijet_bijet_dR_llr,306.625,from_multivar,7
lep0_pt_x_bjets_dR_x_bjets_pt_bb_x_bjet1_pt_x_blnu_mT_x_blnu_pt_x_trijet_mInv_x_trijet_bijet_dR_llr,306.625,from_multivar,8
bjets_mbb_x_bjets_dR_x_bjet0_pt_x_bjet1_pt_x_trijet_mInv_x_trijet_pt_x_trijet_pt_rat_llr,306.625,from_multivar,7
bjets_mbb_x_bjets_pt_bb_x_bjet0_pt_x_trijet_bijet_dR_llr,306.625,from_multivar,4
lep0_pt_x_bjets_mbb_x_bjets_dR_x_bjet0_pt_x_blnu_mT_x_trijet_mInv_x_trijet_pt_llr,306.8125,from_multivar,7
bjets_dR_x_bjets_pt_bb_x_bjet0_pt_x_bjet1_pt_x_blnu_mT_x_trijet_pt_x_trijet_pt_rat_llr,306.875,from_multivar,7
lep0_pt_x_bjets_mbb_x_bjets_pt_bb_x_bjet0_pt_x_blnu_mT_x_trijet_mInv_x_trijet_bijet_dR_llr,306.875,from_multivar,7
bjets_dR_x_bjets_pt_bb_x_blnu_pt_x_trijet_pt_x_trijet_bijet_dR_llr,306.875,from_multivar,5
bjets_dR_x_bjets_pt_bb_x_bjet0_pt_x_trijet_mInv_x_trijet_pt_x_trijet_bijet_dR_llr,306.9375,from_multivar,6
lep0_pt_x_bjets_dR_x_bjets_pt_bb_x_bjet0_pt_x_bjet1_pt_x_blnu_mT_x_trijet_mInv_x_trijet_pt_x_trijet_pt_rat_llr,306.9375,from_multivar,9
bjets_dR_x_bjets_pt_bb_x_bjet0_pt_x_bjet1_pt_x_trijet_pt_llr,306.9375,from_multivar,5
lep0_pt_x_bjets_mbb_x_bjets_pt_bb_x_blnu_mT_x_trijet_mInv_x_trijet_pt_x_trijet_pt_rat_x_trijet_bijet_dR_llr,306.9375,from_multivar,8
bjets_dR_x_bjets_pt_bb_x_bjet0_pt_x_trijet_pt_x_trijet_pt_rat_llr,307.25,from_multivar,5
bjets_mbb_x_bjets_pt_bb_x_bjet0_pt_x_bjet1_pt_x_trijet_mInv_x_trijet_bijet_dR_llr,307.25,from_multivar,6
lep0_pt_x_bjets_mbb_x_bjets_dR_x_bjet0_pt_x_bjet1_pt_x_blnu_pt_x_trijet_bijet_dR_llr,307.25,from_multivar,7
lep0_pt_x_bjets_dR_x_bjets_pt_bb_x_bjet0_pt_x_bjet1_pt_x_blnu_mT_x_trijet_pt_x_trijet_pt_rat_x_trijet_bijet_dR_llr,307.25,from_multivar,9
bjets_mbb_x_bjets_pt_bb_x_bjet1_pt_x_blnu_mT_x_trijet_pt_x_trijet_pt_rat_x_trijet_bijet_dR_llr,307.25,from_multivar,7
bjets_dR_x_bjets_pt_bb_x_bjet1_pt_x_blnu_mT_x_blnu_pt_x_trijet_mInv_x_trijet_bijet_dR_llr,307.25,from_multivar,7
bjets_dR_x_bjets_pt_bb_x_bjet0_pt_x_blnu_mT_x_blnu_pt_x_trijet_mInv_llr,307.25,from_multivar,6
bjets_mbb_x_bjets_dR_x_bjet0_pt_x_blnu_mT_x_trijet_pt_x_trijet_bijet_dR_llr,307.25,from_multivar,6
bjets_mbb_x_bjets_pt_bb_x_bjet0_pt_x_bjet1_pt_x_trijet_bijet_dR_llr,307.5,from_multivar,5
bjets_dR_x_bjets_pt_bb_x_bjet0_pt_x_blnu_mT_x_blnu_pt_llr,307.5,from_multivar,5
bjets_dR_x_bjets_pt_bb_x_bjet0_pt_x_blnu_mT_x_trijet_mInv_x_trijet_pt_llr,307.5,from_multivar,6
bjets_mbb_x_bjets_dR_x_bjet0_pt_x_bjet1_pt_x_blnu_mT_x_blnu_pt_x_trijet_bijet_dR_llr,307.5,from_multivar,7
bjets_mbb_x_bjets_dR_x_bjet0_pt_x_bjet1_pt_x_blnu_mT_x_trijet_mInv_x_trijet_pt_rat_x_trijet_bijet_dR_llr,307.625,from_multivar,8
bjets_dR_x_bjets_pt_bb_x_bjet0_pt_x_blnu_mT_x_blnu_pt_x_trijet_mInv_x_trijet_pt_rat_x_trijet_bijet_dR_llr,307.625,from_multivar,8
bjets_mbb_x_bjets_pt_bb_x_blnu_mT_x_trijet_mInv_x_trijet_pt_x_trijet_pt_rat_x_trijet_bijet_dR_llr,307.625,from_multivar,7
lep0_pt_x_bjets_dR_x_bjets_pt_bb_x_blnu_mT_x_trijet_pt_x_trijet_pt_rat_llr,307.625,from_multivar,6
bjets_mbb_x_bjets_dR_x_bjet1_pt_x_blnu_mT_x_trijet_pt_llr,307.625,from_multivar,5
bjets_dR_x_bjets_pt_bb_x_bjet0_pt_x_blnu_mT_x_trijet_pt_llr,307.75,from_multivar,5
bjets_dR_x_bjets_pt_bb_x_bjet0_pt_x_blnu_mT_x_blnu_pt_x_trijet_mInv_x_trijet_bijet_dR_llr,307.875,from_multivar,7
lep0_pt_x_bjets_mbb_x_bjets_pt_bb_x_blnu_pt_x_trijet_pt_x_trijet_pt_rat_x_trijet_bijet_dR_llr,307.9375,from_multivar,7
lep0_pt_x_bjets_mbb_x_bjets_pt_bb_x_bjet0_pt_x_bjet1_pt_x_trijet_mInv_x_trijet_bijet_dR_llr,307.9375,from_multivar,7
lep0_pt_x_bjets_dR_x_bjets_pt_bb_x_trijet_mInv_x_trijet_pt_x_trijet_bijet_dR_llr,307.9375,from_multivar,6
lep0_pt_x_bjets_dR_x_bjets_pt_bb_x_bjet1_pt_x_trijet_pt_x_trijet_pt_rat_llr,307.9375,from_multivar,6
bjets_dR_x_bjets_pt_bb_x_blnu_mT_x_trijet_mInv_x_trijet_pt_x_trijet_bijet_dR_llr,308.0,from_multivar,6
lep0_pt_x_bjets_mbb_x_bjets_pt_bb_x_bjet1_pt_x_blnu_mT_x_trijet_mInv_x_trijet_pt_x_trijet_pt_rat_x_trijet_bijet_dR_llr,308.25,from_multivar,9
lep0_pt_x_bjets_dR_x_bjets_pt_bb_x_bjet0_pt_x_bjet1_pt_x_trijet_pt_llr,308.25,from_multivar,6
bjets_dR_x_bjets_pt_bb_x_bjet0_pt_x_bjet1_pt_x_blnu_pt_llr,308.25,from_multivar,5
bjets_dR_x_bjets_pt_bb_x_bjet0_pt_x_trijet_pt_x_trijet_bijet_dR_llr,308.25,from_multivar,5
bjets_mbb_x_bjets_dR_x_bjet1_pt_x_blnu_pt_x_trijet_pt_llr,308.25,from_multivar,5
lep0_pt_x_bjets_dR_x_bjets_pt_bb_x_bjet0_pt_x_bjet1_pt_x_blnu_pt_llr,308.25,from_multivar,6
bjets_dR_x_bjets_pt_bb_x_bjet0_pt_x_bjet1_pt_x_blnu_pt_x_trijet_mInv_llr,308.25,from_multivar,6
bjets_dR_x_bjets_pt_bb_x_bjet1_pt_x_blnu_mT_x_trijet_pt_x_trijet_bijet_dR_llr,308.25,from_multivar,6
bjets_mbb_x_bjets_dR_x_bjet0_pt_x_trijet_mInv_x_trijet_pt_x_trijet_pt_rat_llr,308.25,from_multivar,6
bjets_dR_x_bjets_pt_bb_x_trijet_pt_x_trijet_bijet_dR_llr,308.5,from_multivar,4
bjets_dR_x_bjets_pt_bb_x_bjet0_pt_x_blnu_pt_llr,308.625,from_multivar,4
lep0_pt_x_bjets_dR_x_bjets_pt_bb_x_bjet0_pt_x_blnu_mT_x_trijet_mInv_x_trijet_pt_x_trijet_pt_rat_llr,308.625,from_multivar,8
lep0_pt_x_bjets_dR_x_bjets_pt_bb_x_bjet0_pt_x_blnu_mT_x_trijet_mInv_x_trijet_pt_x_trijet_bijet_dR_llr,308.625,from_multivar,8
bjets_mbb_x_bjets_pt_bb_x_bjet1_pt_x_blnu_mT_x_blnu_pt_x_trijet_mInv_x_trijet_pt_x_trijet_pt_rat_x_trijet_bijet_dR_llr,308.625,from_multivar,9
lep0_pt_x_bjets_dR_x_bjets_pt_bb_x_bjet0_pt_x_blnu_mT_x_trijet_mInv_x_trijet_pt_rat_x_trijet_bijet_dR_llr,308.625,from_multivar,8
lep0_pt_x_bjets_dR_x_bjets_pt_bb_x_bjet0_pt_x_blnu_pt_llr,308.625,from_multivar,5
bjets_dR_x_bjets_pt_bb_x_bjet0_pt_x_bjet1_pt_x_blnu_mT_x_trijet_mInv_x_trijet_pt_x_trijet_bijet_dR_llr,308.625,from_multivar,8
bjets_dR_x_bjets_pt_bb_x_bjet0_pt_x_bjet1_pt_x_blnu_mT_x_trijet_mInv_x_trijet_pt_x_trijet_pt_rat_llr,308.75,from_multivar,8
lep0_pt_x_bjets_dR_x_bjets_pt_bb_x_bjet1_pt_x_blnu_pt_x_trijet_mInv_x_trijet_pt_x_trijet_pt_rat_llr,308.75,from_multivar,8
lep0_pt_x_bjets_dR_x_bjets_pt_bb_x_bjet0_pt_x_bjet1_pt_x_blnu_mT_x_trijet_mInv_x_trijet_pt_llr,308.8125,from_multivar,8
lep0_pt_x_bjets_dR_x_bjets_pt_bb_x_bjet0_pt_x_blnu_mT_x_trijet_pt_x_trijet_bijet_dR_llr,308.8125,from_multivar,7
lep0_pt_x_bjets_dR_x_bjets_pt_bb_x_trijet_pt_x_trijet_pt_rat_llr,308.875,from_multivar,5
bjets_dR_x_bjets_pt_bb_x_trijet_mInv_x_trijet_pt_x_trijet_bijet_dR_llr,308.875,from_multivar,5
bjets_dR_x_bjets_pt_bb_x_bjet1_pt_x_blnu_pt_x_trijet_mInv_x_trijet_pt_x_trijet_pt_rat_llr,308.875,from_multivar,7
lep0_pt_x_bjets_mbb_x_bjets_dR_x_bjet0_pt_x_blnu_mT_x_trijet_mInv_x_trijet_pt_rat_x_trijet_bijet_dR_llr,308.875,from_multivar,8
bjets_dR_x_bjets_pt_bb_x_bjet0_pt_x_trijet_mInv_x_trijet_pt_x_trijet_pt_rat_llr,308.9375,from_multivar,6
bjets_dR_x_bjets_pt_bb_x_trijet_pt_x_trijet_pt_rat_llr,308.9688,from_multivar,4
bjets_mbb_x_bjets_dR_x_bjet0_pt_x_bjet1_pt_x_blnu_mT_x_trijet_pt_x_trijet_pt_rat_llr,309.25,from_multivar,7
bjets_mbb_x_bjets_dR_x_blnu_pt_x_trijet_mInv_llr,309.625,from_multivar,4
bjets_mbb_x_bjets_dR_x_bjet0_pt_x_bjet1_pt_x_trijet_mInv_x_trijet_bijet_dR_llr,309.625,from_multivar,6
lep0_pt_x_bjets_mbb_x_bjets_dR_x_bjet0_pt_x_bjet1_pt_x_blnu_mT_x_blnu_pt_x_trijet_mInv_x_trijet_pt_rat_x_trijet_bijet_dR_llr,309.625,from_multivar,10
bjets_dR_x_bjets_pt_bb_x_bjet1_pt_x_trijet_mInv_x_trijet_pt_x_trijet_bijet_dR_llr,309.625,from_multivar,6
lep0_pt_x_bjets_mbb_x_bjets_pt_bb_x_blnu_pt_x_trijet_mInv_x_trijet_pt_x_trijet_pt_rat_x_trijet_bijet_dR_llr,309.75,from_multivar,8
bjets_dR_x_bjets_pt_bb_x_bjet1_pt_x_blnu_mT_x_trijet_pt_x_trijet_pt_rat_llr,309.8125,from_multivar,6
lep0_pt_x_bjets_dR_x_bjets_pt_bb_x_bjet1_pt_x_blnu_pt_x_trijet_pt_x_trijet_pt_rat_llr,309.875,from_multivar,7
lep0_pt_x_bjets_mbb_x_bjets_pt_bb_x_bjet1_pt_x_blnu_mT_x_blnu_pt_x_trijet_mInv_x_trijet_pt_x_trijet_pt_rat_x_trijet_bijet_dR_llr,309.875,from_multivar,10
bjets_dR_x_bjets_pt_bb_x_blnu_mT_x_blnu_pt_x_trijet_pt_x_trijet_pt_rat_llr,309.875,from_multivar,6
lep0_pt_x_bjets_dR_x_bjets_pt_bb_x_bjet0_pt_x_trijet_pt_llr,309.875,from_multivar,5
bjets_mbb_x_bjets_dR_x_bjet1_pt_x_blnu_mT_x_blnu_pt_x_trijet_mInv_llr,309.9375,from_multivar,6
lep0_pt_x_bjets_mbb_x_bjets_dR_x_bjet0_pt_x_blnu_pt_x_trijet_mInv_x_trijet_pt_rat_x_trijet_bijet_dR_llr,310.25,from_multivar,8
lep0_pt_x_bjets_mbb_x_bjets_dR_x_bjet0_pt_x_blnu_mT_x_blnu_pt_x_trijet_mInv_x_trijet_pt_llr,310.25,from_multivar,8
lep0_pt_x_bjets_mbb_x_bjets_dR_x_bjet0_pt_x_bjet1_pt_x_trijet_mInv_x_trijet_pt_rat_x_trijet_bijet_dR_llr,310.25,from_multivar,8
lep0_pt_x_bjets_dR_x_bjets_pt_bb_x_bjet0_pt_x_bjet1_pt_x_trijet_mInv_x_trijet_pt_x_trijet_pt_rat_llr,310.25,from_multivar,8
lep0_pt_x_bjets_dR_x_bjets_pt_bb_x_bjet0_pt_x_bjet1_pt_x_blnu_mT_x_trijet_pt_x_trijet_pt_rat_llr,310.25,from_multivar,8
lep0_pt_x_bjets_dR_x_bjets_pt_bb_x_bjet0_pt_x_bjet1_pt_x_blnu_mT_x_trijet_mInv_x_trijet_pt_x_trijet_pt_rat_x_trijet_bijet_dR_llr,310.25,from_multivar,10
bjets_dR_x_bjets_pt_bb_x_bjet0_pt_x_blnu_mT_x_trijet_pt_x_trijet_bijet_dR_llr,310.25,from_multivar,6
lep0_pt_x_bjets_dR_x_bjets_pt_bb_x_bjet0_pt_x_bjet1_pt_x_blnu_mT_x_trijet_mInv_x_trijet_pt_x_trijet_bijet_dR_llr,310.25,from_multivar,9
lep0_pt_x_bjets_dR_x_bjets_pt_bb_x_trijet_pt_rat_x_trijet_bijet_dR_llr,310.25,from_multivar,5
lep0_pt_x_bjets_dR_x_bjets_pt_bb_x_bjet0_pt_x_blnu_pt_x_trijet_mInv_llr,310.25,from_multivar,6
bjets_mbb_x_bjets_dR_x_bjet0_pt_x_blnu_mT_x_trijet_mInv_x_trijet_bijet_dR_llr,310.25,from_multivar,6
bjets_dR_x_bjets_pt_bb_x_bjet1_pt_x_blnu_pt_x_trijet_mInv_x_trijet_pt_rat_x_trijet_bijet_dR_llr,310.25,from_multivar,7
lep0_pt_x_bjets_mbb_x_bjets_dR_x_bjet1_pt_x_blnu_pt_llr,310.25,from_multivar,5
bjets_dR_x_bjets_pt_bb_x_blnu_mT_x_trijet_mInv_x_trijet_pt_x_trijet_pt_rat_llr,310.5,from_multivar,6
lep0_pt_x_bjets_mbb_x_bjets_dR_x_bjet0_pt_x_trijet_pt_rat_x_trijet_bijet_dR_llr,310.625,from_multivar,6
bjets_mbb_x_bjets_dR_x_bjet0_pt_x_trijet_bijet_dR_llr,310.625,from_multivar,4
lep0_pt_x_bjets_dR_x_bjets_pt_bb_x_bjet0_pt_x_bjet1_pt_x_blnu_mT_x_blnu_pt_x_trijet_mInv_llr,310.625,from_multivar,8
bjets_mbb_x_bjets_pt_bb_x_bjet0_pt_x_bjet1_pt_x_blnu_mT_x_trijet_mInv_x_trijet_bijet_dR_llr,310.8125,from_multivar,7
lep0_pt_x_bjets_dR_x_bjets_pt_bb_x_bjet1_pt_x_blnu_mT_x_blnu_pt_x_trijet_bijet_dR_llr,310.8125,from_multivar,7
bjets_mbb_x_bjets_dR_x_bjet0_pt_x_bjet1_pt_x_trijet_bijet_dR_llr,310.875,from_multivar,5
bjets_mbb_x_bjets_dR_x_bjet0_pt_x_bjet1_pt_x_trijet_mInv_x_trijet_pt_rat_x_trijet_bijet_dR_llr,310.875,from_multivar,7
bjets_dR_x_bjets_pt_bb_x_bjet0_pt_x_bjet1_pt_x_trijet_mInv_x_trijet_pt_x_trijet_pt_rat_llr,310.875,from_multivar,7
bjets_mbb_x_bjets_dR_x_bjet0_pt_x_blnu_mT_x_trijet_mInv_x_trijet_pt_rat_x_trijet_bijet_dR_llr,310.9688,from_multivar,7
bjets_mbb_x_bjets_dR_x_bjet0_pt_x_bjet1_pt_x_blnu_mT_x_blnu_pt_x_trijet_pt_x_trijet_pt_rat_llr,311.25,from_multivar,8
bjets_dR_x_bjets_pt_bb_x_bjet1_pt_x_trijet_pt_x_trijet_bijet_dR_llr,311.25,from_multivar,5
lep0_pt_x_bjets_dR_x_bjets_pt_bb_x_bjet0_pt_x_bjet1_pt_x_trijet_pt_x_trijet_pt_rat_llr,311.25,from_multivar,7
lep0_pt_x_bjets_dR_x_bjets_pt_bb_x_bjet0_pt_x_blnu_mT_x_trijet_pt_x_trijet_pt_rat_llr,311.25,from_multivar,7
bjets_mbb_x_bjets_dR_x_bjet0_pt_x_bjet1_pt_x_blnu_mT_x_blnu_pt_x_trijet_pt_rat_x_trijet_bijet_dR_llr,311.25,from_multivar,8
bjets_dR_x_bjets_pt_bb_x_bjet0_pt_x_bjet1_pt_x_blnu_mT_x_trijet_pt_x_trijet_bijet_dR_llr,311.25,from_multivar,7
lep0_pt_x_bjets_dR_x_bjets_pt_bb_x_blnu_pt_x_trijet_mInv_x_trijet_pt_rat_x_trijet_bijet_dR_llr,311.25,from_multivar,7
bjets_dR_x_bjets_pt_bb_x_bjet0_pt_x_blnu_mT_x_trijet_mInv_x_trijet_pt_x_trijet_bijet_dR_llr,311.5,from_multivar,7
lep0_pt_x_bjets_dR_x_bjets_pt_bb_x_bjet0_pt_x_bjet1_pt_x_blnu_mT_x_blnu_pt_llr,311.5,from_multivar,7
lep0_pt_x_bjets_dR_x_bjets_pt_bb_x_bjet0_pt_x_blnu_mT_x_blnu_pt_x_trijet_mInv_llr,311.5,from_multivar,7
bjets_dR_x_bjets_pt_bb_x_blnu_mT_x_trijet_pt_x_trijet_pt_rat_llr,311.5,from_multivar,5
lep0_pt_x_bjets_mbb_x_bjets_dR_x_bjet0_pt_x_blnu_mT_x_trijet_bijet_dR_llr,311.625,from_multivar,6
lep0_pt_x_bjets_dR_x_bjets_pt_bb_x_bjet0_pt_x_bjet1_pt_x_trijet_pt_x_trijet_bijet_dR_llr,311.75,from_multivar,7
lep0_pt_x_bjets_mbb_x_bjets_dR_x_bjet0_pt_x_bjet1_pt_x_trijet_mInv_x_trijet_pt_x_trijet_bijet_dR_llr,311.75,from_multivar,8
bjets_mbb_x_bjets_pt_bb_x_bjet0_pt_x_trijet_mInv_x_trijet_bijet_dR_llr,311.75,from_multivar,5
bjets_mbb_x_bjets_dR_x_blnu_pt_x_trijet_mInv_x_trijet_pt_rat_llr,311.75,from_multivar,5
bjets_mbb_x_bjets_dR_x_bjet0_pt_x_bjet1_pt_x_blnu_mT_x_blnu_pt_x_trijet_mInv_x_trijet_pt_rat_x_trijet_bijet_dR_llr,311.875,from_multivar,9
lep0_pt_x_bjets_mbb_x_bjets_dR_x_bjet0_pt_x_bjet1_pt_x_blnu_mT_x_trijet_pt_rat_x_trijet_bijet_dR_llr,311.875,from_multivar,8
lep0_pt_x_bjets_dR_x_bjets_pt_bb_x_bjet0_pt_x_bjet1_pt_x_blnu_mT_x_trijet_pt_llr,311.9375,from_multivar,7
bjets_dR_x_bjets_pt_bb_x_bjet0_pt_x_bjet1_pt_x_blnu_mT_x_blnu_pt_x_trijet_mInv_llr,311.9375,from_multivar,7
bjets_mbb_x_bjets_dR_x_bjet0_pt_x_blnu_mT_x_trijet_pt_x_trijet_pt_rat_llr,311.9375,from_multivar,6
bjets_mbb_x_bjets_dR_x_bjet1_pt_x_blnu_mT_x_blnu_pt_llr,311.9375,from_multivar,5
lep0_pt_x_bjets_mbb_x_bjets_dR_x_bjet0_pt_x_bjet1_pt_x_blnu_mT_x_blnu_pt_x_trijet_bijet_dR_llr,312.0,from_multivar,8
lep0_pt_x_bjets_dR_x_bjets_pt_bb_x_bjet0_pt_x_bjet1_pt_x_trijet_mInv_x_trijet_pt_x_trijet_bijet_dR_llr,312.0,from_multivar,8
bjets_dR_x_bjets_pt_bb_x_bjet0_pt_x_blnu_mT_x_trijet_mInv_x_trijet_pt_x_trijet_pt_rat_llr,312.25,from_multivar,7
lep0_pt_x_bjets_mbb_x_bjets_dR_x_bjet0_pt_x_blnu_mT_x_trijet_mInv_x_trijet_pt_rat_llr,312.25,from_multivar,7
lep0_pt_x_bjets_mbb_x_bjets_dR_x_bjet0_pt_x_bjet1_pt_x_blnu_pt_x_trijet_pt_rat_x_trijet_bijet_dR_llr,312.25,from_multivar,8
lep0_pt_x_bjets_dR_x_bjets_pt_bb_x_bjet1_pt_x_blnu_pt_x_trijet_mInv_x_trijet_pt_x_trijet_bijet_dR_llr,312.25,from_multivar,8
bjets_dR_x_bjets_pt_bb_x_bjet0_pt_x_bjet1_pt_x_trijet_mInv_x_trijet_pt_x_trijet_bijet_dR_llr,312.25,from_multivar,7
bjets_mbb_x_bjets_dR_x_bjet0_pt_x_bjet1_pt_x_trijet_mInv_x_trijet_pt_x_trijet_bijet_dR_llr,312.25,from_multivar,7
bjets_dR_x_bjets_pt_bb_x_bjet0_pt_x_bjet1_pt_x_blnu_pt_x_trijet_mInv_x_trijet_pt_x_trijet_pt_rat_x_trijet_bijet_dR_llr,312.25,from_multivar,9
lep0_pt_x_bjets_dR_x_bjets_pt_bb_x_blnu_mT_x_blnu_pt_x_trijet_pt_x_trijet_bijet_dR_llr,312.5,from_multivar,7
bjets_dR_x_bjets_pt_bb_x_blnu_mT_x_blnu_pt_x_trijet_pt_x_trijet_bijet_dR_llr,312.5,from_multivar,6
lep0_pt_x_bjets_mbb_x_bjets_dR_x_bjet1_pt_x_trijet_pt_llr,312.5,from_multivar,5
lep0_pt_x_bjets_mbb_x_bjets_dR_x_bjets_pt_bb_x_blnu_mT_llr,312.5,from_multivar,5
lep0_pt_x_bjets_dR_x_bjets_pt_bb_x_bjet0_pt_x_bjet1_pt_x_trijet_mInv_x_trijet_pt_x_trijet_pt_rat_x_trijet_bijet_dR_llr,312.625,from_multivar,9
bjets_mbb_x_bjets_dR_x_bjet0_pt_x_bjet1_pt_x_blnu_mT_x_trijet_mInv_x_trijet_pt_x_trijet_pt_rat_llr,312.625,from_multivar,8
bjets_mbb_x_bjets_dR_x_bjet0_pt_x_blnu_pt_x_trijet_pt_x_trijet_bijet_dR_llr,312.625,from_multivar,6
bjets_dR_x_bjets_pt_bb_x_bjet0_pt_x_bjet1_pt_x_blnu_mT_x_trijet_mInv_x_trijet_pt_llr,312.75,from_multivar,7
bjets_mbb_x_bjets_dR_x_bjet0_pt_x_bjet1_pt_x_blnu_mT_x_trijet_bijet_dR_llr,312.75,from_multivar,6
bjets_dR_x_bjets_pt_bb_x_bjet0_pt_x_bjet1_pt_x_trijet_mInv_x_trijet_pt_llr,312.875,from_multivar,6
bjets_mbb_x_bjets_dR_x_bjet0_pt_x_blnu_pt_x_trijet_mInv_x_trijet_pt_x_trijet_pt_rat_llr,312.9375,from_multivar,7
bjets_dR_x_bjets_pt_bb_x_bjet0_pt_x_blnu_pt_x_trijet_pt_rat_x_trijet_bijet_dR_llr,312.9375,from_multivar,6
lep0_pt_x_bjets_mbb_x_bjets_dR_x_bjet0_pt_x_bjet1_pt_x_blnu_mT_x_trijet_mInv_x_trijet_pt_x_trijet_pt_rat_llr,312.9688,from_multivar,9
lep0_pt_x_bjets_mbb_x_bjets_dR_x_bjets_pt_bb_x_blnu_mT_x_trijet_mInv_llr,313.0,from_multivar,6
lep0_pt_x_bjets_dR_x_bjets_pt_bb_x_bjet0_pt_x_bjet1_pt_x_blnu_pt_x_trijet_pt_x_trijet_pt_rat_x_trijet_bijet_dR_llr,313.0,from_multivar,9
lep0_pt_x_bjets_dR_x_bjets_pt_bb_x_bjet0_pt_x_bjet1_pt_x_blnu_pt_x_trijet_mInv_x_trijet_pt_x_trijet_pt_rat_x_trijet_bijet_dR_llr,313.25,from_multivar,10
lep0_pt_x_bjets_dR_x_bjets_pt_bb_x_bjet0_pt_x_bjet1_pt_x_blnu_pt_x_trijet_mInv_llr,313.25,from_multivar,7
bjets_dR_x_bjets_pt_bb_x_blnu_mT_x_blnu_pt_x_trijet_mInv_x_trijet_pt_x_trijet_bijet_dR_llr,313.25,from_multivar,7
bjets_dR_x_bjets_pt_bb_x_bjet0_pt_x_bjet1_pt_x_blnu_mT_x_trijet_pt_x_trijet_pt_rat_x_trijet_bijet_dR_llr,313.25,from_multivar,8
bjets_dR_x_bjets_pt_bb_x_bjet0_pt_x_bjet1_pt_x_blnu_mT_x_trijet_mInv_x_trijet_pt_x_trijet_pt_rat_x_trijet_bijet_dR_llr,313.25,from_multivar,9
lep0_pt_x_bjets_mbb_x_bjets_pt_bb_x_blnu_mT_x_trijet_pt_x_trijet_pt_rat_x_trijet_bijet_dR_llr,313.25,from_multivar,7
bjets_dR_x_bjets_pt_bb_x_bjet0_pt_x_blnu_pt_x_trijet_mInv_llr,313.25,from_multivar,5
bjets_dR_x_bjets_pt_bb_x_bjet0_pt_x_trijet_pt_llr,313.25,from_multivar,4
lep0_pt_x_bjets_mbb_x_bjets_dR_x_bjet0_pt_x_trijet_pt_x_trijet_bijet_dR_llr,313.25,from_multivar,6
bjets_mbb_x_bjets_dR_x_bjet0_pt_x_trijet_mInv_x_trijet_pt_x_trijet_bijet_dR_llr,313.25,from_multivar,6
lep0_pt_x_bjets_dR_x_bjets_pt_bb_x_bjet0_pt_x_trijet_mInv_x_trijet_pt_x_trijet_pt_rat_llr,313.25,from_multivar,7
bjets_dR_x_bjets_pt_bb_x_blnu_mT_x_trijet_mInv_x_trijet_pt_rat_llr,313.25,from_multivar,5
lep0_pt_x_bjets_mbb_x_bjets_pt_bb_x_bjet1_pt_x_blnu_mT_x_blnu_pt_x_trijet_pt_x_trijet_pt_rat_x_trijet_bijet_dR_llr,313.5,from_multivar,9
lep0_pt_x_bjets_mbb_x_bjets_dR_x_trijet_bijet_dR_llr,313.5,from_multivar,4
bjets_mbb_x_bjets_dR_x_bjet0_pt_x_bjet1_pt_x_blnu_pt_x_trijet_mInv_x_trijet_pt_rat_x_trijet_bijet_dR_llr,313.5,from_multivar,8
bjets_mbb_x_bjets_dR_x_bjet0_pt_x_bjet1_pt_x_blnu_mT_x_trijet_mInv_x_trijet_bijet_dR_llr,313.625,from_multivar,7
lep0_pt_x_bjets_dR_x_bjets_pt_bb_x_bjet0_pt_x_trijet_mInv_x_trijet_pt_x_trijet_bijet_dR_llr,313.625,from_multivar,7
lep0_pt_x_bjets_dR_x_bjets_pt_bb_x_bjet1_pt_x_blnu_pt_x_trijet_mInv_x_trijet_pt_rat_x_trijet_bijet_dR_llr,313.625,from_multivar,8
lep0_pt_x_bjets_mbb_x_bjets_dR_x_bjet0_pt_x_bjet1_pt_x_trijet_pt_x_trijet_bijet_dR_llr,313.625,from_multivar,7
bjets_dR_x_bjets_pt_bb_x_trijet_mInv_x_trijet_pt_rat_x_trijet_bijet_dR_llr,313.625,from_multivar,5
bjets_mbb_x_bjets_pt_bb_x_bjet1_pt_x_blnu_mT_x_blnu_pt_x_trijet_pt_x_trijet_pt_rat_x_trijet_bijet_dR_llr,313.75,from_multivar,8
lep0_pt_x_bjets_dR_x_bjets_pt_bb_x_bjet0_pt_x_blnu_mT_x_trijet_mInv_x_trijet_pt_llr,313.875,from_multivar,7
lep0_pt_x_bjets_mbb_x_bjets_dR_x_bjet0_pt_x_bjet1_pt_x_blnu_mT_x_trijet_pt_x_trijet_pt_rat_llr,313.875,from_multivar,8
bjets_mbb_x_bjets_dR_x_bjet0_pt_x_trijet_pt_x_trijet_bijet_dR_llr,313.9375,from_multivar,5
bjets_dR_x_bjets_pt_bb_x_bjet0_pt_x_trijet_mInv_x_trijet_pt_llr,313.9375,from_multivar,5
bjets_dR_x_bjets_pt_bb_x_bjet0_pt_x_blnu_mT_x_trijet_mInv_x_trijet_pt_x_trijet_pt_rat_x_trijet_bijet_dR_llr,314.25,from_multivar,8
bjets_mbb_x_bjets_dR_x_blnu_pt_llr,314.25,from_multivar,3
bjets_mbb_x_bjets_dR_x_bjet0_pt_x_trijet_mInv_x_trijet_bijet_dR_llr,314.25,from_multivar,5
bjets_mbb_x_bjets_dR_x_bjet0_pt_x_bjet1_pt_x_blnu_mT_x_trijet_pt_rat_x_trijet_bijet_dR_llr,314.25,from_multivar,7
bjets_dR_x_bjets_pt_bb_x_blnu_pt_x_trijet_pt_rat_x_trijet_bijet_dR_llr,314.25,from_multivar,5
bjets_dR_x_bjets_pt_bb_x_bjet1_pt_x_blnu_pt_x_trijet_mInv_x_trijet_pt_x_trijet_bijet_dR_llr,314.5,from_multivar,7
bjets_mbb_x_bjets_dR_x_bjet0_pt_x_blnu_mT_x_blnu_pt_x_trijet_mInv_x_trijet_bijet_dR_llr,314.5,from_multivar,7
lep0_pt_x_bjets_dR_x_bjets_pt_bb_x_bjet0_pt_x_bjet1_pt_x_trijet_mInv_x_trijet_pt_llr,314.5,from_multivar,7
lep0_pt_x_bjets_dR_x_bjets_pt_bb_x_bjet0_pt_x_bjet1_pt_x_trijet_pt_x_trijet_pt_rat_x_trijet_bijet_dR_llr,314.625,from_multivar,8
bjets_mbb_x_bjets_dR_x_bjet0_pt_x_bjet1_pt_x_blnu_mT_x_blnu_pt_x_trijet_mInv_x_trijet_pt_x_trijet_pt_rat_llr,314.625,from_multivar,9
lep0_pt_x_bjets_mbb_x_bjets_dR_x_bjet0_pt_x_blnu_mT_x_blnu_pt_x_trijet_pt_llr,314.625,from_multivar,7
bjets_mbb_x_bjets_dR_x_bjet1_pt_x_trijet_pt_rat_llr,314.625,from_multivar,4
bjets_dR_x_bjets_pt_bb_x_bjet1_pt_x_blnu_mT_x_trijet_pt_rat_x_trijet_bijet_dR_llr,314.625,from_multivar,6
bjets_mbb_x_bjets_dR_x_bjet1_pt_x_blnu_mT_x_trijet_mInv_x_trijet_pt_rat_llr,314.8125,from_multivar,6
lep0_pt_x_bjets_dR_x_bjets_pt_bb_x_bjet1_pt_x_blnu_mT_x_blnu_pt_x_trijet_pt_x_trijet_pt_rat_llr,314.875,from_multivar,8
bjets_dR_x_bjets_pt_bb_x_bjet1_pt_x_blnu_mT_x_blnu_pt_x_trijet_mInv_x_trijet_pt_x_trijet_bijet_dR_llr,314.875,from_multivar,8
bjets_dR_x_bjets_pt_bb_x_bjet1_pt_x_blnu_mT_x_blnu_pt_x_trijet_mInv_x_trijet_pt_x_trijet_pt_rat_llr,314.9375,from_multivar,8
bjets_dR_x_bjets_pt_bb_x_bjet1_pt_x_blnu_mT_x_blnu_pt_x_trijet_pt_x_trijet_bijet_dR_llr,314.9375,from_multivar,7
lep0_pt_x_bjets_mbb_x_bjets_dR_x_bjet0_pt_x_blnu_mT_x_trijet_mInv_x_trijet_bijet_dR_llr,314.9375,from_multivar,7
lep0_pt_x_bjets_mbb_x_bjets_dR_x_blnu_pt_x_trijet_mInv_llr,314.9688,from_multivar,5
lep0_pt_x_bjets_mbb_x_bjets_dR_x_bjet0_pt_x_bjet1_pt_x_blnu_mT_x_trijet_mInv_x_trijet_bijet_dR_llr,315.0,from_multivar,8
lep0_pt_x_bjets_mbb_x_bjets_dR_x_bjet0_pt_x_blnu_mT_x_blnu_pt_x_trijet_mInv_x_trijet_bijet_dR_llr,315.25,from_multivar,8
bjets_dR_x_bjets_pt_bb_x_bjet0_pt_x_blnu_pt_x_trijet_pt_x_trijet_pt_rat_x_trijet_bijet_dR_llr,315.25,from_multivar,7
lep0_pt_x_bjets_dR_x_bjets_pt_bb_x_bjet0_pt_x_trijet_mInv_x_trijet_pt_x_trijet_pt_rat_x_trijet_bijet_dR_llr,315.25,from_multivar,8
lep0_pt_x_bjets_mbb_x_bjets_dR_x_bjet0_pt_x_bjet1_pt_x_trijet_mInv_x_trijet_bijet_dR_llr,315.25,from_multivar,7
lep0_pt_x_bjets_mbb_x_bjets_pt_bb_x_blnu_mT_x_blnu_pt_x_trijet_mInv_x_trijet_pt_x_trijet_pt_rat_x_trijet_bijet_dR_llr,315.25,from_multivar,9
bjets_mbb_x_bjets_dR_x_bjets_pt_bb_x_blnu_mT_x_trijet_mInv_llr,315.25,from_multivar,5
lep0_pt_x_bjets_dR_x_bjets_pt_bb_x_blnu_mT_x_trijet_mInv_x_trijet_pt_rat_llr,315.25,from_multivar,6
bjets_mbb_x_bjets_dR_x_bjets_pt_bb_x_bjet1_pt_x_blnu_mT_x_trijet_mInv_llr,315.625,from_multivar,6
lep0_pt_x_bjets_dR_x_bjets_pt_bb_x_blnu_pt_x_trijet_mInv_x_trijet_pt_x_trijet_pt_rat_llr,315.625,from_multivar,7
bjets_dR_x_bjets_pt_bb_x_bjet0_pt_x_blnu_mT_x_trijet_pt_x_trijet_pt_rat_x_trijet_bijet_dR_llr,315.625,from_multivar,7
lep0_pt_x_bjets_dR_x_bjets_pt_bb_x_bjet1_pt_x_blnu_pt_x_trijet_pt_rat_x_trijet_bijet_dR_llr,315.75,from_multivar,7
bjets_mbb_x_bjets_dR_x_bjet1_pt_x_blnu_pt_x_trijet_pt_rat_llr,315.8125,from_multivar,5
lep0_pt_x_bjets_dR_x_bjets_pt_bb_x_bjet1_pt_x_blnu_mT_x_blnu_pt_x_trijet_mInv_x_trijet_pt_x_trijet_pt_rat_llr,315.875,from_multivar,9
lep0_pt_x_bjets_dR_x_bjets_pt_bb_x_bjet1_pt_x_blnu_mT_x_blnu_pt_x_trijet_mInv_x_trijet_pt_x_trijet_bijet_dR_llr,315.875,from_multivar,9
bjets_mbb_x_bjets_dR_x_bjet0_pt_x_blnu_mT_x_trijet_bijet_dR_llr,315.875,from_multivar,5
bjets_dR_x_bjets_pt_bb_x_blnu_pt_x_trijet_mInv_x_trijet_pt_rat_x_trijet_bijet_dR_llr,315.875,from_multivar,6
lep0_pt_x_bjets_dR_x_bjets_pt_bb_x_bjet0_pt_x_blnu_pt_x_trijet_mInv_x_trijet_pt_x_trijet_pt_rat_x_trijet_bijet_dR_llr,315.9375,from_multivar,9
bjets_dR_x_bjets_pt_bb_x_bjet0_pt_x_bjet1_pt_x_blnu_mT_x_trijet_pt_rat_x_trijet_bijet_dR_llr,315.9375,from_multivar,7
bjets_mbb_x_bjets_dR_x_bjet1_pt_x_trijet_mInv_x_trijet_pt_rat_llr,315.9375,from_multivar,5
bjets_mbb_x_bjets_dR_x_trijet_pt_llr,315.9375,from_multivar,3
bjets_mbb_x_bjets_dR_x_bjet0_pt_x_blnu_pt_x_trijet_pt_rat_x_trijet_bijet_dR_llr,316.25,from_multivar,6
lep0_pt_x_bjets_mbb_x_bjets_dR_x_bjets_pt_bb_x_bjet1_pt_x_blnu_mT_llr,316.25,from_multivar,6
lep0_pt_x_bjets_dR_x_bjets_pt_bb_x_blnu_mT_x_blnu_pt_x_trijet_mInv_x_trijet_pt_x_trijet_bijet_dR_llr,316.25,from_multivar,8
lep0_pt_x_bjets_mbb_x_bjets_dR_x_bjet0_pt_x_trijet_mInv_x_trijet_pt_x_trijet_bijet_dR_llr,316.25,from_multivar,7
lep0_pt_x_bjets_dR_x_bjets_pt_bb_x_bjet1_pt_x_blnu_mT_x_trijet_mInv_x_trijet_pt_x_trijet_pt_rat_llr,316.25,from_multivar,8
lep0_pt_x_bjets_dR_x_bjets_pt_bb_x_blnu_pt_x_trijet_mInv_x_trijet_pt_x_trijet_bijet_dR_llr,316.25,from_multivar,7
lep0_pt_x_bjets_mbb_x_bjets_dR_x_bjet0_pt_x_trijet_mInv_x_trijet_pt_x_trijet_pt_rat_llr,316.625,from_multivar,7
lep0_pt_x_bjets_dR_x_bjets_pt_bb_x_trijet_mInv_x_trijet_pt_rat_x_trijet_bijet_dR_llr,316.625,from_multivar,6
lep0_pt_x_bjets_dR_x_bjets_pt_bb_x_blnu_mT_x_trijet_mInv_x_trijet_pt_x_trijet_pt_rat_llr,316.625,from_multivar,7
lep0_pt_x_bjets_dR_x_bjets_pt_bb_x_blnu_mT_x_blnu_pt_x_trijet_mInv_x_trijet_pt_rat_x_trijet_bijet_dR_llr,316.75,from_multivar,8
bjets_dR_x_bjets_pt_bb_x_blnu_mT_x_trijet_pt_rat_x_trijet_bijet_dR_llr,316.875,from_multivar,5
lep0_pt_x_bjets_dR_x_bjets_pt_bb_x_bjet1_pt_x_trijet_mInv_x_trijet_pt_x_trijet_bijet_dR_llr,316.875,from_multivar,7
lep0_pt_x_bjets_dR_x_bjets_pt_bb_x_bjet0_pt_x_bjet1_pt_x_blnu_mT_x_trijet_pt_rat_x_trijet_bijet_dR_llr,316.9688,from_multivar,8
bjets_dR_x_bjets_pt_bb_x_bjet1_pt_x_trijet_mInv_x_trijet_pt_rat_x_trijet_bijet_dR_llr,316.9688,from_multivar,6
bjets_mbb_x_bjets_dR_x_bjets_pt_bb_x_blnu_mT_llr,317.0,from_multivar,4
lep0_pt_x_bjets_dR_x_bjets_pt_bb_x_blnu_mT_x_trijet_mInv_x_trijet_pt_rat_x_trijet_bijet_dR_llr,317.25,from_multivar,7
bjets_dR_x_bjets_pt_bb_x_bjet1_pt_x_blnu_mT_x_blnu_pt_x_trijet_mInv_x_trijet_pt_rat_x_trijet_bijet_dR_llr,317.25,from_multivar,8
bjets_dR_x_bjets_pt_bb_x_blnu_mT_x_blnu_pt_x_trijet_mInv_x_trijet_pt_x_trijet_pt_rat_llr,317.25,from_multivar,7
bjets_dR_x_bjets_pt_bb_x_bjet0_pt_x_blnu_pt_x_trijet_mInv_x_trijet_pt_x_trijet_pt_rat_x_trijet_bijet_dR_llr,317.5,from_multivar,8
lep0_pt_x_bjets_dR_x_bjets_pt_bb_x_bjet1_pt_x_trijet_pt_rat_x_trijet_bijet_dR_llr,317.5,from_multivar,6
bjets_dR_x_bjets_pt_bb_x_blnu_mT_x_blnu_pt_x_trijet_mInv_x_trijet_pt_rat_x_trijet_bijet_dR_llr,317.625,from_multivar,7
lep0_pt_x_bjets_dR_x_bjets_pt_bb_x_bjet0_pt_x_trijet_mInv_x_trijet_pt_rat_x_trijet_bijet_dR_llr,317.75,from_multivar,7
bjets_dR_x_bjets_pt_bb_x_bjet0_pt_x_bjet1_pt_x_blnu_mT_x_trijet_mInv_x_trijet_pt_rat_x_trijet_bijet_dR_llr,317.8125,from_multivar,8
lep0_pt_x_bjets_dR_x_bjets_pt_bb_x_bjet0_pt_x_blnu_pt_x_trijet_pt_x_trijet_pt_rat_x_trijet_bijet_dR_llr,317.875,from_multivar,8
bjets_dR_x_bjets_pt_bb_x_blnu_mT_x_trijet_mInv_x_trijet_pt_rat_x_trijet_bijet_dR_llr,317.9375,from_multivar,6
lep0_pt_x_bjets_dR_x_bjets_pt_bb_x_bjet1_pt_x_blnu_mT_x_trijet_mInv_x_trijet_pt_rat_x_trijet_bijet_dR_llr,318.0,from_multivar,8
bjets_dR_x_bjets_pt_bb_x_bjet0_pt_x_blnu_mT_x_trijet_mInv_x_trijet_pt_rat_x_trijet_bijet_dR_llr,318.0,from_multivar,7
lep0_pt_x_bjets_mbb_x_bjets_dR_x_bjet1_pt_x_trijet_mInv_x_trijet_pt_rat_llr,318.25,from_multivar,6
bjets_dR_x_bjets_pt_bb_x_bjet1_pt_x_trijet_pt_rat_x_trijet_bijet_dR_llr,318.25,from_multivar,5
lep0_pt_x_bjets_mbb_x_bjets_dR_x_bjet0_pt_x_bjet1_pt_x_blnu_mT_x_trijet_bijet_dR_llr,318.25,from_multivar,7
bjets_mbb_x_bjets_dR_x_bjet0_pt_x_bjet1_pt_x_blnu_mT_x_blnu_pt_x_trijet_mInv_x_trijet_pt_x_trijet_bijet_dR_llr,318.25,from_multivar,9
bjets_dR_x_bjets_pt_bb_x_bjet1_pt_x_blnu_pt_x_trijet_pt_rat_x_trijet_bijet_dR_llr,318.25,from_multivar,6
lep0_pt_x_bjets_mbb_x_bjets_dR_x_bjet0_pt_x_bjet1_pt_x_blnu_mT_x_trijet_pt_x_trijet_bijet_dR_llr,318.25,from_multivar,8
lep0_pt_x_bjets_mbb_x_bjets_dR_x_bjet0_pt_x_bjet1_pt_x_blnu_pt_x_trijet_mInv_x_trijet_pt_x_trijet_bijet_dR_llr,318.25,from_multivar,9
lep0_pt_x_bjets_mbb_x_bjets_dR_x_bjets_pt_bb_x_bjet1_pt_x_blnu_mT_x_trijet_mInv_llr,318.25,from_multivar,7
bjets_dR_x_bjets_pt_bb_x_bjet0_pt_x_bjet1_pt_x_blnu_pt_x_trijet_pt_x_trijet_pt_rat_x_trijet_bijet_dR_llr,318.25,from_multivar,8
lep0_pt_x_bjets_mbb_x_bjets_dR_x_bjet0_pt_x_blnu_mT_x_trijet_pt_rat_x_trijet_bijet_dR_llr,318.625,from_multivar,7
bjets_pt_bb_x_bjet0_pt_x_blnu_mT_x_blnu_pt_x_trijet_pt_llr,318.625,from_multivar,5
bjets_dR_x_bjets_pt_bb_x_trijet_mInv_x_trijet_pt_rat_llr,318.625,from_multivar,4
bjets_dR_x_bjets_pt_bb_x_bjet1_pt_x_blnu_mT_x_trijet_mInv_x_trijet_pt_x_trijet_bijet_dR_llr,318.625,from_multivar,7
lep0_pt_x_bjets_dR_x_bjets_pt_bb_x_bjet1_pt_x_trijet_mInv_x_trijet_pt_x_trijet_pt_rat_llr,318.625,from_multivar,7
bjets_mbb_x_bjets_dR_x_bjet0_pt_x_blnu_mT_x_trijet_mInv_x_trijet_pt_x_trijet_bijet_dR_llr,318.75,from_multivar,7
lep0_pt_x_bjets_dR_x_bjets_pt_bb_x_bjet1_pt_x_blnu_mT_x_trijet_mInv_x_trijet_pt_x_trijet_bijet_dR_llr,318.75,from_multivar,8
bjets_mbb_x_bjets_pt_bb_x_blnu_mT_x_blnu_pt_x_trijet_pt_x_trijet_pt_rat_x_trijet_bijet_dR_llr,318.8125,from_multivar,7
bjets_mbb_x_bjets_dR_x_bjet0_pt_x_blnu_mT_x_blnu_pt_x_trijet_pt_rat_x_trijet_bijet_dR_llr,318.9375,from_multivar,7
lep0_pt_x_bjets_dR_x_bjets_pt_bb_x_bjet1_pt_x_blnu_mT_x_trijet_pt_rat_x_trijet_bijet_dR_llr,318.9375,from_multivar,7
lep0_pt_x_bjets_mbb_x_bjets_dR_x_bjet0_pt_x_bjet1_pt_x_blnu_mT_x_blnu_pt_x_trijet_mInv_x_trijet_pt_x_trijet_pt_rat_llr,318.9375,from_multivar,10
lep0_pt_x_bjets_mbb_x_bjets_dR_x_bjet0_pt_x_blnu_pt_x_trijet_mInv_x_trijet_pt_x_trijet_pt_rat_llr,319.0,from_multivar,8
bjets_dR_x_bjets_pt_bb_x_bjet0_pt_x_bjet1_pt_x_trijet_mInv_x_trijet_pt_x_trijet_pt_rat_x_trijet_bijet_dR_llr,319.25,from_multivar,8
bjets_mbb_x_bjets_dR_x_bjet0_pt_x_bjet1_pt_x_blnu_pt_x_trijet_mInv_x_trijet_pt_x_trijet_bijet_dR_llr,319.25,from_multivar,8
bjets_mbb_x_bjets_pt_bb_x_blnu_mT_x_blnu_pt_x_trijet_mInv_x_trijet_pt_x_trijet_pt_rat_x_trijet_bijet_dR_llr,319.25,from_multivar,8
lep0_pt_x_bjets_dR_x_bjets_pt_bb_x_bjet0_pt_x_bjet1_pt_x_trijet_mInv_x_trijet_pt_rat_x_trijet_bijet_dR_llr,319.25,from_multivar,8
lep0_pt_x_bjets_dR_x_bjets_pt_bb_x_bjet0_pt_x_blnu_mT_x_trijet_pt_rat_x_trijet_bijet_dR_llr,319.25,from_multivar,7
lep0_pt_x_bjets_dR_x_bjets_pt_bb_x_bjet1_pt_x_blnu_pt_x_trijet_pt_x_trijet_bijet_dR_llr,319.25,from_multivar,7
lep0_pt_x_bjets_dR_x_bjets_pt_bb_x_blnu_mT_x_blnu_pt_x_trijet_mInv_x_trijet_pt_x_trijet_pt_rat_llr,319.25,from_multivar,8
bjets_mbb_x_bjets_dR_x_bjet1_pt_x_blnu_pt_x_trijet_mInv_x_trijet_bijet_dR_llr,319.25,from_multivar,6
bjets_dR_x_bjets_pt_bb_x_bjet1_pt_x_blnu_mT_x_trijet_mInv_x_trijet_pt_rat_llr,319.25,from_multivar,6
bjets_dR_x_bjets_pt_bb_x_blnu_mT_x_trijet_bijet_dR_llr,319.25,from_multivar,4
bjets_mbb_x_bjets_pt_bb_x_blnu_mT_llr,319.25,from_multivar,3
bjets_mbb_x_bjets_dR_x_bjets_pt_bb_x_bjet1_pt_x_blnu_mT_llr,319.25,from_multivar,5
bjets_dR_x_bjets_pt_bb_x_bjet1_pt_x_blnu_mT_x_blnu_pt_x_trijet_pt_x_trijet_pt_rat_llr,319.5,from_multivar,7
lep0_pt_x_bjets_mbb_x_bjets_pt_bb_x_blnu_mT_llr,319.5,from_multivar,4
bjets_mbb_x_bjets_dR_x_bjet1_pt_x_blnu_mT_x_trijet_pt_rat_llr,319.5,from_multivar,5
bjets_pt_bb_x_bjet0_pt_x_blnu_pt_x_trijet_pt_llr,319.625,from_multivar,4
lep0_pt_x_bjets_mbb_x_bjets_dR_x_bjet0_pt_x_blnu_pt_x_trijet_mInv_x_trijet_pt_x_trijet_bijet_dR_llr,319.625,from_multivar,8
lep0_pt_x_bjets_dR_x_bjets_pt_bb_x_bjet1_pt_x_blnu_mT_x_trijet_bijet_dR_llr,319.75,from_multivar,6
lep0_pt_x_bjets_mbb_x_bjets_dR_x_bjets_pt_bb_x_bjet1_pt_x_trijet_mInv_llr,319.75,from_multivar,6
bjets_mbb_x_bjets_dR_x_trijet_mInv_x_trijet_pt_llr,319.75,from_multivar,4
lep0_pt_x_bjets_dR_x_bjets_pt_bb_x_bjet1_pt_x_blnu_mT_x_blnu_pt_x_trijet_mInv_x_trijet_pt_rat_x_trijet_bijet_dR_llr,319.75,from_multivar,9
lep0_pt_x_bjets_dR_x_bjets_pt_bb_x_bjet1_pt_x_trijet_mInv_x_trijet_pt_rat_x_trijet_bijet_dR_llr,319.8125,from_multivar,7
bjets_dR_x_bjets_pt_bb_x_bjet1_pt_x_blnu_mT_x_trijet_mInv_x_trijet_pt_rat_x_trijet_bijet_dR_llr,319.875,from_multivar,7
bjets_dR_x_bjets_pt_bb_x_bjet1_pt_x_blnu_mT_x_blnu_pt_x_trijet_pt_rat_x_trijet_bijet_dR_llr,319.9375,from_multivar,7
lep0_pt_x_bjets_mbb_x_bjets_dR_x_bjet1_pt_x_trijet_pt_rat_llr,319.9375,from_multivar,5
lep0_pt_x_bjets_mbb_x_bjets_dR_x_bjet0_pt_x_bjet1_pt_x_blnu_mT_x_trijet_mInv_x_trijet_pt_x_trijet_bijet_dR_llr,319.9688,from_multivar,9
lep0_pt_x_bjets_dR_x_bjets_pt_bb_x_blnu_mT_x_trijet_mInv_x_trijet_pt_x_trijet_bijet_dR_llr,320.0,from_multivar,7
lep0_pt_x_bjets_dR_x_bjets_pt_bb_x_blnu_mT_x_blnu_pt_x_trijet_pt_rat_x_trijet_bijet_dR_llr,320.25,from_multivar,7
lep0_pt_x_bjets_mbb_x_bjets_dR_x_bjet0_pt_x_blnu_pt_x_trijet_pt_rat_x_trijet_bijet_dR_llr,320.25,from_multivar,7
lep0_pt_x_bjets_mbb_x_bjets_pt_bb_x_blnu_mT_x_blnu_pt_x_trijet_pt_x_trijet_pt_rat_x_trijet_bijet_dR_llr,320.25,from_multivar,8
lep0_pt_x_bjets_dR_x_bjets_pt_bb_x_blnu_mT_x_trijet_mInv_x_trijet_bijet_dR_llr,320.25,from_multivar,6
bjets_pt_bb_x_bjet0_pt_x_bjet1_pt_x_blnu_pt_x_trijet_pt_llr,320.25,from_multivar,5
bjets_dR_x_bjets_pt_bb_x_bjet0_pt_x_blnu_mT_x_trijet_pt_rat_x_trijet_bijet_dR_llr,320.25,from_multivar,6
lep0_pt_x_bjets_mbb_x_bjets_dR_x_bjet1_pt_x_blnu_pt_x_trijet_pt_rat_llr,320.25,from_multivar,6
bjets_dR_x_bjets_pt_bb_x_blnu_mT_x_trijet_mInv_x_trijet_bijet_dR_llr,320.25,from_multivar,5
bjets_dR_x_bjets_pt_bb_x_blnu_mT_x_trijet_pt_rat_llr,320.25,from_multivar,4
lep0_pt_x_bjets_mbb_x_bjets_dR_x_bjets_pt_bb_llr,320.25,from_multivar,4
lep0_pt_x_bjets_dR_x_bjets_pt_bb_x_blnu_mT_x_trijet_bijet_dR_llr,320.5,from_multivar,5
lep0_pt_x_bjets_mbb_x_bjets_dR_x_bjets_pt_bb_x_trijet_mInv_llr,320.625,from_multivar,5
lep0_pt_x_bjets_dR_x_bjets_pt_bb_x_blnu_mT_x_trijet_pt_rat_llr,320.625,from_multivar,5
bjets_mbb_x_bjets_dR_x_bjet0_pt_x_bjet1_pt_x_blnu_mT_x_trijet_mInv_x_trijet_pt_x_trijet_bijet_dR_llr,320.625,from_multivar,8
lep0_pt_x_bjets_dR_x_bjets_pt_bb_x_bjet1_pt_x_blnu_mT_x_blnu_pt_x_trijet_pt_rat_x_trijet_bijet_dR_llr,320.625,from_multivar,8
lep0_pt_x_bjets_mbb_x_bjets_dR_x_bjet0_pt_x_bjet1_pt_x_blnu_mT_x_blnu_pt_x_trijet_pt_x_trijet_pt_rat_llr,320.625,from_multivar,9
bjets_pt_bb_x_bjet0_pt_x_bjet1_pt_x_blnu_mT_x_blnu_pt_x_trijet_pt_llr,320.625,from_multivar,6
lep0_pt_x_bjets_mbb_x_bjets_pt_bb_x_blnu_mT_x_trijet_mInv_llr,320.75,from_multivar,5
bjets_mbb_x_bjets_dR_x_bjet0_pt_x_bjet1_pt_x_blnu_mT_x_trijet_pt_x_trijet_bijet_dR_llr,320.75,from_multivar,7
bjets_mbb_x_bjets_dR_x_blnu_mT_x_blnu_pt_x_trijet_mInv_llr,320.8125,from_multivar,5
lep0_pt_x_bjets_dR_x_bjets_pt_bb_x_bjet1_pt_x_blnu_mT_x_blnu_pt_x_trijet_pt_x_trijet_bijet_dR_llr,320.9375,from_multivar,8
lep0_pt_x_bjets_mbb_x_bjets_dR_x_bjet0_pt_x_blnu_mT_x_blnu_pt_x_trijet_bijet_dR_llr,320.9375,from_multivar,7
lep0_pt_x_bjets_dR_x_bjets_pt_bb_x_trijet_mInv_x_trijet_pt_rat_llr,321.25,from_multivar,5
lep0_pt_x_bjets_dR_x_bjets_pt_bb_x_trijet_pt_rat_llr,321.25,from_multivar,4
lep0_pt_x_bjets_dR_x_bjets_pt_bb_x_bjet0_pt_x_trijet_bijet_dR_llr,321.25,from_multivar,5
bjets_mbb_x_bjets_dR_x_bjet0_pt_x_blnu_mT_x_trijet_mInv_x_trijet_pt_x_trijet_pt_rat_llr,321.25,from_multivar,7
lep0_pt_x_bjets_dR_x_bjets_pt_bb_x_bjet0_pt_x_bjet1_pt_x_trijet_pt_rat_x_trijet_bijet_dR_llr,321.25,from_multivar,7
lep0_pt_x_bjets_dR_x_bjets_pt_bb_x_bjet1_pt_x_blnu_mT_x_trijet_pt_x_trijet_pt_rat_llr,321.25,from_multivar,7
lep0_pt_x_bjets_pt_bb_x_bjet0_pt_x_bjet1_pt_x_blnu_pt_x_trijet_pt_llr,321.25,from_multivar,6
lep0_pt_x_bjets_mbb_x_bjets_dR_x_bjet0_pt_x_blnu_mT_x_trijet_pt_x_trijet_pt_rat_llr,321.25,from_multivar,7
bjets_mbb_x_bjets_pt_bb_x_blnu_mT_x_trijet_mInv_llr,321.5,from_multivar,4
lep0_pt_x_bjets_mbb_x_bjets_dR_x_bjet0_pt_x_blnu_pt_x_trijet_pt_x_trijet_pt_rat_llr,321.5,from_multivar,7
lep0_pt_x_bjets_mbb_x_bjets_dR_x_bjet0_pt_x_blnu_mT_x_trijet_mInv_x_trijet_pt_x_trijet_bijet_dR_llr,321.5,from_multivar,8
bjets_dR_x_bjets_pt_bb_x_bjet0_pt_x_trijet_mInv_x_trijet_pt_x_trijet_pt_rat_x_trijet_bijet_dR_llr,321.625,from_multivar,7
bjets_mbb_x_bjets_dR_x_bjet0_pt_x_blnu_pt_x_trijet_mInv_x_trijet_pt_rat_x_trijet_bijet_dR_llr,321.625,from_multivar,7
bjets_dR_x_bjets_pt_bb_x_bjet1_pt_x_blnu_mT_x_trijet_mInv_x_trijet_pt_x_trijet_pt_rat_llr,321.75,from_multivar,7
bjets_dR_x_bjets_pt_bb_x_blnu_mT_x_blnu_pt_x_trijet_mInv_x_trijet_pt_x_trijet_pt_rat_x_trijet_bijet_dR_llr,321.75,from_multivar,8
lep0_pt_x_bjets_mbb_x_bjets_dR_x_bjet0_pt_x_blnu_mT_x_blnu_pt_x_trijet_mInv_x_trijet_pt_rat_x_trijet_bijet_dR_llr,321.75,from_multivar,9
bjets_pt_bb_x_bjet0_pt_x_bjet1_pt_x_blnu_pt_x_trijet_mInv_x_trijet_pt_llr,321.75,from_multivar,6
bjets_dR_x_bjets_pt_bb_x_bjet0_pt_x_bjet1_pt_x_trijet_pt_x_trijet_pt_rat_x_trijet_bijet_dR_llr,321.8125,from_multivar,7
lep0_pt_x_bjets_mbb_x_bjets_pt_bb_x_bjet1_pt_x_blnu_mT_x_trijet_mInv_llr,321.9375,from_multivar,6
lep0_pt_x_bjets_mbb_x_bjets_dR_x_bjet0_pt_x_blnu_mT_x_trijet_mInv_x_trijet_pt_x_trijet_pt_rat_llr,321.9375,from_multivar,8
lep0_pt_x_bjets_mbb_x_bjets_dR_x_trijet_pt_rat_x_trijet_bijet_dR_llr,322.0,from_multivar,5
lep0_pt_x_bjets_dR_x_bjets_pt_bb_x_bjet1_pt_x_blnu_mT_x_trijet_pt_x_trijet_bijet_dR_llr,322.25,from_multivar,7
lep0_pt_x_bjets_dR_x_bjets_pt_bb_x_blnu_mT_x_blnu_pt_x_trijet_mInv_x_trijet_pt_x_trijet_pt_rat_x_trijet_bijet_dR_llr,322.25,from_multivar,9
bjets_dR_x_bjets_pt_bb_x_trijet_mInv_x_trijet_bijet_dR_llr,322.5,from_multivar,4
bjets_mbb_x_bjets_dR_x_bjet1_pt_x_blnu_mT_x_trijet_mInv_x_trijet_bijet_dR_llr,322.8125,from_multivar,6
lep0_pt_x_bjets_mbb_x_bjets_dR_x_bjet0_pt_x_bjet1_pt_x_blnu_mT_x_blnu_pt_x_trijet_pt_rat_x_trijet_bijet_dR_llr,322.8125,from_multivar,9
lep0_pt_x_bjets_mbb_x_bjets_dR_x_bjet1_pt_x_blnu_mT_x_trijet_pt_llr,323.25,from_multivar,6
bjets_dR_x_bjets_pt_bb_x_bjet1_pt_x_blnu_mT_x_trijet_mInv_x_trijet_bijet_dR_llr,323.25,from_multivar,6
bjets_mbb_x_bjets_dR_x_trijet_pt_rat_llr,323.25,from_multivar,3
lep0_pt_x_bjets_dR_x_bjets_pt_bb_x_trijet_mInv_x_trijet_bijet_dR_llr,323.25,from_multivar,5
bjets_mbb_x_bjets_dR_x_bjet0_pt_x_blnu_mT_x_blnu_pt_x_trijet_mInv_x_trijet_pt_x_trijet_pt_rat_llr,323.25,from_multivar,8
bjets_mbb_x_bjets_dR_x_bjet0_pt_x_blnu_mT_x_blnu_pt_x_trijet_pt_x_trijet_pt_rat_llr,323.625,from_multivar,7
lep0_pt_x_bjets_mbb_x_bjets_dR_x_blnu_pt_llr,323.75,from_multivar,4
bjets_pt_bb_x_bjet0_pt_x_blnu_mT_x_blnu_pt_x_trijet_mInv_x_trijet_pt_llr,323.75,from_multivar,6
lep0_pt_x_bjets_mbb_x_bjets_dR_x_trijet_mInv_x_trijet_pt_llr,323.8125,from_multivar,5
bjets_dR_x_bjets_pt_bb_x_bjet0_pt_x_bjet1_pt_x_trijet_pt_rat_x_trijet_bijet_dR_llr,323.875,from_multivar,6
bjets_dR_x_bjets_pt_bb_x_bjet1_pt_x_blnu_mT_x_trijet_pt_rat_llr,323.875,from_multivar,5
lep0_pt_x_bjets_dR_x_bjets_pt_bb_x_blnu_pt_x_trijet_pt_rat_x_trijet_bijet_dR_llr,323.9375,from_multivar,6
lep0_pt_x_bjets_dR_x_bjets_pt_bb_x_bjet1_pt_x_trijet_mInv_x_trijet_pt_rat_llr,324.25,from_multivar,6
lep0_pt_x_bjets_dR_x_bjets_pt_bb_x_bjet1_pt_x_trijet_bijet_dR_llr,324.75,from_multivar,5
lep0_pt_x_bjets_mbb_x_bjets_dR_x_bjet1_pt_x_blnu_pt_x_trijet_mInv_x_trijet_pt_rat_llr,324.8125,from_multivar,7
bjets_mbb_x_bjets_dR_x_bjet0_pt_x_blnu_mT_x_blnu_pt_x_trijet_mInv_x_trijet_pt_rat_x_trijet_bijet_dR_llr,324.875,from_multivar,8
lep0_pt_x_bjets_mbb_x_bjets_dR_x_bjet0_pt_x_blnu_mT_x_blnu_pt_x_trijet_mInv_x_trijet_pt_x_trijet_pt_rat_llr,324.9375,from_multivar,9
lep0_pt_x_bjets_dR_x_bjets_pt_bb_x_blnu_mT_x_blnu_pt_x_trijet_pt_x_trijet_pt_rat_llr,324.9375,from_multivar,7
lep0_pt_x_bjets_mbb_x_bjets_dR_x_trijet_pt_rat_llr,324.9375,from_multivar,4
bjets_mbb_x_bjets_dR_x_trijet_mInv_x_trijet_pt_rat_llr,325.25,from_multivar,4
lep0_pt_x_bjets_mbb_x_bjets_dR_x_bjets_pt_bb_x_bjet1_pt_llr,325.25,from_multivar,5
lep0_pt_x_bjets_dR_x_bjets_pt_bb_x_bjet1_pt_x_trijet_mInv_x_trijet_bijet_dR_llr,325.25,from_multivar,6
lep0_pt_x_bjets_mbb_x_bjets_dR_x_blnu_pt_x_trijet_mInv_x_trijet_bijet_dR_llr,325.25,from_multivar,6
bjets_mbb_x_bjets_dR_x_blnu_mT_x_blnu_pt_llr,325.25,from_multivar,4
lep0_pt_x_bjets_mbb_x_bjets_dR_x_bjet0_pt_x_bjet1_pt_x_trijet_mInv_x_trijet_pt_x_trijet_pt_rat_x_trijet_bijet_dR_llr,325.25,from_multivar,9
lep0_pt_x_bjets_mbb_x_bjets_dR_x_bjet0_pt_x_bjet1_pt_x_blnu_pt_x_trijet_pt_x_trijet_bijet_dR_llr,325.25,from_multivar,8
lep0_pt_x_bjets_dR_x_bjets_pt_bb_x_bjet1_pt_x_blnu_mT_x_trijet_mInv_x_trijet_bijet_dR_llr,325.25,from_multivar,7
lep0_pt_x_bjets_dR_x_bjets_pt_bb_x_bjet1_pt_x_blnu_mT_x_trijet_pt_rat_llr,325.25,from_multivar,6
bjets_mbb_x_bjets_dR_x_bjet1_pt_x_trijet_mInv_x_trijet_pt_x_trijet_pt_rat_llr,325.5,from_multivar,6
bjets_mbb_x_bjets_dR_x_blnu_pt_x_trijet_mInv_x_trijet_pt_llr,325.625,from_multivar,5
bjets_dR_x_bjets_pt_bb_x_bjet1_pt_x_trijet_mInv_x_trijet_pt_rat_llr,325.625,from_multivar,5
lep0_pt_x_bjets_mbb_x_bjets_dR_x_bjet1_pt_x_blnu_pt_x_trijet_bijet_dR_llr,325.625,from_multivar,6
lep0_pt_x_bjets_mbb_x_bjets_dR_x_bjet1_pt_x_blnu_pt_x_trijet_pt_llr,325.625,from_multivar,6
bjets_dR_x_bjets_pt_bb_x_bjet1_pt_x_trijet_mInv_x_trijet_bijet_dR_llr,325.625,from_multivar,5
bjets_mbb_x_bjets_dR_x_bjets_pt_bb_x_bjet1_pt_x_trijet_mInv_llr,325.75,from_multivar,5
bjets_dR_x_bjets_pt_bb_x_bjet0_pt_x_trijet_pt_rat_x_trijet_bijet_dR_llr,325.8125,from_multivar,5
bjets_mbb_x_bjets_dR_x_bjets_pt_bb_x_trijet_mInv_llr,325.875,from_multivar,4
bjets_pt_bb_x_bjet0_pt_x_blnu_pt_x_trijet_mInv_x_trijet_pt_llr,325.875,from_multivar,5
bjets_dR_x_bjets_pt_bb_x_bjet0_pt_x_trijet_mInv_x_trijet_pt_rat_x_trijet_bijet_dR_llr,325.875,from_multivar,6
bjets_mbb_x_bjets_dR_x_bjet0_pt_x_blnu_pt_x_trijet_mInv_x_trijet_pt_x_trijet_bijet_dR_llr,325.9375,from_multivar,7
bjets_mbb_x_bjets_dR_x_trijet_mInv_x_trijet_bijet_dR_llr,326.0,from_multivar,4
lep0_pt_x_bjets_mbb_x_bjets_dR_x_bjet1_pt_x_blnu_mT_x_trijet_pt_rat_llr,326.25,from_multivar,6
bjets_dR_x_bjets_pt_bb_x_bjet0_pt_x_bjet1_pt_x_trijet_mInv_x_trijet_pt_rat_x_trijet_bijet_dR_llr,326.25,from_multivar,7
bjets_mbb_x_bjets_dR_x_bjet1_pt_x_trijet_bijet_dR_llr,326.25,from_multivar,4
lep0_pt_x_bjets_mbb_x_bjets_dR_x_bjet1_pt_x_blnu_mT_x_blnu_pt_llr,326.25,from_multivar,6
bjets_mbb_x_bjets_dR_x_blnu_pt_x_trijet_pt_rat_llr,326.25,from_multivar,4
bjets_mbb_x_bjets_dR_x_bjets_pt_bb_x_bjet1_pt_llr,326.25,from_multivar,4
bjets_dR_x_bjets_pt_bb_x_bjet1_pt_x_blnu_mT_x_trijet_bijet_dR_llr,326.5,from_multivar,5
lep0_pt_x_bjets_mbb_x_bjets_dR_x_bjet1_pt_x_trijet_bijet_dR_llr,326.5,from_multivar,5
lep0_pt_x_bjets_dR_x_bjets_pt_bb_x_trijet_bijet_dR_llr,326.625,from_multivar,4
lep0_pt_x_bjets_mbb_x_bjets_dR_x_blnu_pt_x_trijet_mInv_x_trijet_pt_rat_llr,326.8125,from_multivar,6
bjets_mbb_x_bjets_dR_x_bjets_pt_bb_x_bjet0_pt_x_blnu_mT_x_trijet_mInv_llr,326.8125,from_multivar,6
bjets_dR_x_bjets_pt_bb_x_blnu_mT_x_blnu_pt_x_trijet_pt_rat_x_trijet_bijet_dR_llr,326.875,from_multivar,6
lep0_pt_x_bjets_mbb_x_bjets_dR_x_bjet1_pt_x_blnu_pt_x_trijet_mInv_x_trijet_pt_llr,327.25,from_multivar,7
lep0_pt_x_bjets_mbb_x_bjets_dR_x_bjet0_pt_x_bjet1_pt_x_trijet_pt_x_trijet_pt_rat_x_trijet_bijet_dR_llr,327.25,from_multivar,8
lep0_pt_x_bjets_mbb_x_bjets_pt_bb_x_bjet1_pt_x_blnu_mT_llr,327.25,from_multivar,5
bjets_mbb_x_bjets_pt_bb_x_bjet1_pt_x_blnu_mT_x_trijet_mInv_llr,327.25,from_multivar,5
bjets_mbb_x_bjets_dR_x_trijet_mInv_x_trijet_pt_rat_x_trijet_bijet_dR_llr,327.25,from_multivar,5
bjets_mbb_x_bjets_dR_x_bjet1_pt_x_trijet_mInv_x_trijet_bijet_dR_llr,327.25,from_multivar,5
bjets_mbb_x_bjets_dR_x_bjet1_pt_x_blnu_pt_x_trijet_bijet_dR_llr,327.25,from_multivar,5
bjets_dR_x_bjets_pt_bb_x_bjet1_pt_x_trijet_pt_rat_llr,327.5,from_multivar,4
bjets_dR_x_bjets_pt_bb_x_bjet0_pt_x_trijet_pt_x_trijet_pt_rat_x_trijet_bijet_dR_llr,327.5,from_multivar,6
lep0_pt_x_bjets_mbb_x_bjets_dR_x_bjet1_pt_x_trijet_mInv_x_trijet_bijet_dR_llr,327.625,from_multivar,6
lep0_pt_x_bjets_mbb_x_bjets_dR_x_bjet0_pt_x_blnu_mT_x_trijet_pt_x_trijet_bijet_dR_llr,327.625,from_multivar,7
bjets_mbb_x_bjets_dR_x_bjets_pt_bb_llr,327.75,from_multivar,3
lep0_pt_x_bjets_dR_x_bjets_pt_bb_x_bjet1_pt_x_trijet_pt_rat_llr,327.75,from_multivar,5
lep0_pt_x_bjets_pt_bb_x_bjet0_pt_x_blnu_mT_x_blnu_pt_x_trijet_pt_llr,327.875,from_multivar,6
bjets_mbb_x_bjets_dR_x_bjet1_pt_x_blnu_mT_x_blnu_pt_x_trijet_pt_rat_llr,327.9375,from_multivar,6
lep0_pt_x_bjets_pt_bb_x_bjet0_pt_x_blnu_pt_x_trijet_pt_llr,328.25,from_multivar,5
lep0_pt_x_bjets_dR_x_bjets_pt_bb_x_bjet0_pt_x_bjet1_pt_x_trijet_bijet_dR_llr,328.25,from_multivar,6
lep0_pt_x_bjets_dR_x_bjets_pt_bb_x_bjet0_pt_x_blnu_mT_x_trijet_pt_rat_llr,328.25,from_multivar,6
lep0_pt_x_bjets_mbb_x_bjets_dR_x_bjet0_pt_x_blnu_mT_x_blnu_pt_x_trijet_pt_rat_x_trijet_bijet_dR_llr,328.25,from_multivar,8
lep0_pt_x_bjets_mbb_x_bjets_dR_x_bjet0_pt_x_blnu_mT_x_blnu_pt_x_trijet_mInv_x_trijet_pt_x_trijet_bijet_dR_llr,328.25,from_multivar,9
lep0_pt_x_bjets_mbb_x_bjets_dR_x_bjet0_pt_x_bjet1_pt_x_blnu_mT_x_blnu_pt_x_trijet_mInv_x_trijet_pt_x_trijet_bijet_dR_llr,328.25,from_multivar,10
bjets_dR_x_bjets_pt_bb_x_blnu_mT_x_blnu_pt_x_trijet_pt_x_trijet_pt_rat_x_trijet_bijet_dR_llr,328.25,from_multivar,7
lep0_pt_x_bjets_mbb_x_bjets_dR_x_trijet_mInv_x_trijet_bijet_dR_llr,328.25,from_multivar,5
bjets_mbb_x_bjets_dR_x_blnu_mT_x_trijet_pt_llr,328.5,from_multivar,4
lep0_pt_x_bjets_dR_x_bjets_pt_bb_x_blnu_mT_x_blnu_pt_x_trijet_pt_x_trijet_pt_rat_x_trijet_bijet_dR_llr,328.625,from_multivar,8
lep0_pt_x_bjets_dR_x_bjets_pt_bb_x_bjet0_pt_x_trijet_pt_rat_x_trijet_bijet_dR_llr,328.75,from_multivar,6
lep0_pt_x_bjets_dR_x_bjets_pt_bb_x_bjet1_pt_x_blnu_mT_x_trijet_mInv_x_trijet_pt_rat_llr,328.875,from_multivar,7
lep0_pt_x_bjets_dR_x_bjets_pt_bb_x_bjet0_pt_x_blnu_mT_x_trijet_bijet_dR_llr,329.25,from_multivar,6
bjets_mbb_x_bjets_dR_x_bjet0_pt_x_blnu_mT_x_blnu_pt_x_trijet_mInv_x_trijet_pt_x_trijet_bijet_dR_llr,329.25,from_multivar,8
lep0_pt_x_bjets_mbb_x_bjets_dR_x_bjet0_pt_x_bjet1_pt_x_blnu_mT_x_trijet_mInv_x_trijet_pt_x_trijet_pt_rat_x_trijet_bijet_dR_llr,329.25,from_multivar,10
bjets_pt_bb_x_bjet1_pt_x_blnu_pt_x_trijet_pt_llr,329.25,from_multivar,4
bjets_mbb_x_bjets_dR_x_bjets_pt_bb_x_bjet0_pt_x_bjet1_pt_x_blnu_mT_llr,329.625,from_multivar,6
lep0_pt_x_bjets_mbb_x_bjets_dR_x_bjet1_pt_x_blnu_mT_x_trijet_mInv_x_trijet_pt_llr,329.625,from_multivar,7
bjets_mbb_x_bjets_dR_x_bjet0_pt_x_bjet1_pt_x_blnu_pt_x_trijet_pt_x_trijet_bijet_dR_llr,329.75,from_multivar,7
lep0_pt_x_bjets_pt_bb_x_bjet1_pt_x_blnu_pt_x_trijet_mInv_x_trijet_pt_llr,329.75,from_multivar,6
bjets_mbb_x_bjets_dR_x_blnu_mT_x_trijet_mInv_x_trijet_pt_rat_llr,329.875,from_multivar,5
lep0_pt_x_bjets_mbb_x_bjets_dR_x_trijet_mInv_x_trijet_pt_rat_llr,329.875,from_multivar,5
bjets_mbb_x_bjets_pt_bb_x_bjet1_pt_x_blnu_mT_llr,329.875,from_multivar,4
lep0_pt_x_bjets_mbb_x_bjets_pt_bb_x_trijet_mInv_llr,330.25,from_multivar,4
lep0_pt_x_bjets_mbb_x_bjets_pt_bb_llr,330.25,from_multivar,3
lep0_pt_x_bjets_mbb_x_bjets_dR_x_trijet_pt_llr,330.25,from_multivar,4
bjets_mbb_x_bjets_dR_x_blnu_mT_x_trijet_mInv_x_trijet_pt_llr,330.25,from_multivar,5
lep0_pt_x_bjets_mbb_x_bjets_dR_x_bjet0_pt_x_bjet1_pt_x_blnu_pt_x_trijet_mInv_x_trijet_pt_x_trijet_pt_rat_x_trijet_bijet_dR_llr,330.25,from_multivar,10
bjets_mbb_x_bjets_dR_x_blnu_pt_x_trijet_mInv_x_trijet_bijet_dR_llr,330.25,from_multivar,5
bjets_dR_x_bjets_pt_bb_x_trijet_pt_rat_llr,330.5,from_multivar,3
lep0_pt_x_bjets_mbb_x_bjets_dR_x_blnu_mT_x_trijet_mInv_x_trijet_bijet_dR_llr,330.625,from_multivar,6
lep0_pt_x_bjets_mbb_x_bjets_dR_x_bjet1_pt_x_blnu_mT_x_blnu_pt_x_trijet_mInv_llr,330.625,from_multivar,7
bjets_pt_bb_x_bjet0_pt_x_bjet1_pt_x_blnu_mT_x_blnu_pt_x_trijet_mInv_x_trijet_pt_llr,330.625,from_multivar,7
bjets_mbb_x_bjets_dR_x_bjet0_pt_x_bjet1_pt_x_trijet_mInv_x_trijet_pt_x_trijet_pt_rat_x_trijet_bijet_dR_llr,330.625,from_multivar,8
bjets_mbb_x_bjets_dR_x_bjet1_pt_x_blnu_mT_x_blnu_pt_x_trijet_pt_llr,330.8125,from_multivar,6
bjets_dR_x_bjets_pt_bb_x_bjet1_pt_x_trijet_bijet_dR_llr,330.8125,from_multivar,4
lep0_pt_x_bjets_mbb_x_bjets_dR_x_blnu_mT_x_blnu_pt_x_trijet_mInv_llr,330.9375,from_multivar,6
lep0_pt_x_bjets_dR_x_bjets_pt_bb_x_trijet_mInv_x_trijet_pt_x_trijet_pt_rat_x_trijet_bijet_dR_llr,331.25,from_multivar,7
lep0_pt_x_bjets_pt_bb_x_bjet0_pt_x_blnu_pt_x_trijet_mInv_x_trijet_pt_llr,331.25,from_multivar,6
bjets_dR_x_bjets_pt_bb_x_bjet1_pt_x_blnu_pt_x_trijet_mInv_x_trijet_pt_x_trijet_pt_rat_x_trijet_bijet_dR_llr,331.25,from_multivar,8
bjets_dR_x_bjets_pt_bb_x_bjet1_pt_x_trijet_mInv_x_trijet_pt_x_trijet_pt_rat_x_trijet_bijet_dR_llr,331.25,from_multivar,7
bjets_mbb_x_bjets_dR_x_bjet0_pt_x_bjet1_pt_x_blnu_mT_x_trijet_mInv_x_trijet_pt_x_trijet_pt_rat_x_trijet_bijet_dR_llr,331.25,from_multivar,9
bjets_mbb_x_bjets_dR_x_bjets_pt_bb_x_bjet0_pt_x_bjet1_pt_x_blnu_mT_x_trijet_mInv_llr,331.25,from_multivar,7
lep0_pt_x_bjets_dR_x_bjets_pt_bb_x_blnu_mT_x_trijet_mInv_x_trijet_pt_x_trijet_pt_rat_x_trijet_bijet_dR_llr,331.25,from_multivar,8
lep0_pt_x_bjets_dR_x_bjets_pt_bb_x_blnu_mT_x_trijet_pt_x_trijet_pt_rat_x_trijet_bijet_dR_llr,331.25,from_multivar,7
bjets_mbb_x_bjets_dR_x_bjet1_pt_x_blnu_mT_x_trijet_bijet_dR_llr,331.25,from_multivar,5
bjets_pt_bb_x_bjet1_pt_x_blnu_pt_x_trijet_mInv_x_trijet_pt_llr,331.625,from_multivar,5
bjets_mbb_x_bjets_dR_x_blnu_mT_x_trijet_mInv_x_trijet_pt_rat_x_trijet_bijet_dR_llr,331.625,from_multivar,6
lep0_pt_x_bjets_mbb_x_bjets_dR_x_bjet0_pt_x_blnu_mT_x_blnu_pt_x_trijet_pt_x_trijet_pt_rat_llr,331.75,from_multivar,8
lep0_pt_x_bjets_dR_x_bjets_pt_bb_x_bjet1_pt_x_trijet_mInv_x_trijet_pt_x_trijet_pt_rat_x_trijet_bijet_dR_llr,331.8125,from_multivar,8
bjets_dR_x_bjets_pt_bb_x_bjet0_pt_x_blnu_mT_x_trijet_mInv_x_trijet_pt_rat_llr,331.875,from_multivar,6
bjets_mbb_x_bjets_pt_bb_x_trijet_mInv_llr,332.0,from_multivar,3
lep0_pt_x_bjets_mbb_x_bjets_dR_x_bjets_pt_bb_x_bjet0_pt_x_blnu_mT_llr,332.25,from_multivar,6
lep0_pt_x_bjets_mbb_x_bjets_dR_x_bjet1_pt_x_blnu_mT_x_trijet_mInv_x_trijet_pt_rat_llr,332.25,from_multivar,7
lep0_pt_x_bjets_mbb_x_bjets_dR_x_bjets_pt_bb_x_bjet0_pt_x_blnu_mT_x_trijet_mInv_llr,332.5,from_multivar,7
lep0_pt_x_bjets_pt_bb_x_bjet0_pt_x_bjet1_pt_x_blnu_pt_x_trijet_mInv_x_trijet_pt_llr,332.625,from_multivar,7
bjets_dR_x_bjets_pt_bb_x_bjet1_pt_x_blnu_mT_x_blnu_pt_x_trijet_mInv_x_trijet_pt_x_trijet_pt_rat_x_trijet_bijet_dR_llr,332.75,from_multivar,9
lep0_pt_x_bjets_dR_x_bjets_pt_bb_x_bjet0_pt_x_bjet1_pt_x_blnu_mT_x_trijet_mInv_x_trijet_bijet_dR_llr,332.75,from_multivar,8
lep0_pt_x_bjets_dR_x_bjets_pt_bb_x_bjet1_pt_x_blnu_pt_x_trijet_mInv_x_trijet_pt_x_trijet_pt_rat_x_trijet_bijet_dR_llr,332.75,from_multivar,9
bjets_mbb_x_bjets_dR_x_blnu_pt_x_trijet_bijet_dR_llr,332.75,from_multivar,4
lep0_pt_x_bjets_mbb_x_bjets_dR_x_bjets_pt_bb_x_bjet0_pt_x_bjet1_pt_x_blnu_mT_x_trijet_mInv_llr,332.8125,from_multivar,8
bjets_mbb_x_bjets_dR_x_blnu_mT_x_trijet_mInv_x_trijet_bijet_dR_llr,332.8125,from_multivar,5
bjets_pt_bb_x_trijet_pt_llr,332.875,from_multivar,2
bjets_mbb_x_bjets_dR_x_bjet1_pt_x_trijet_mInv_x_trijet_pt_rat_x_trijet_bijet_dR_llr,332.9688,from_multivar,6
lep0_pt_x_bjets_mbb_x_bjets_dR_x_bjet1_pt_x_blnu_pt_x_trijet_mInv_x_trijet_bijet_dR_llr,333.0,from_multivar,7
lep0_pt_x_bjets_pt_bb_x_bjet0_pt_x_bjet1_pt_x_blnu_mT_x_blnu_pt_x_trijet_pt_llr,333.25,from_multivar,7
lep0_pt_x_bjets_mbb_x_bjets_dR_x_bjet0_pt_x_blnu_mT_x_blnu_pt_x_trijet_mInv_x_trijet_pt_x_trijet_pt_rat_x_trijet_bijet_dR_llr,333.25,from_multivar,10
lep0_pt_x_bjets_mbb_x_bjets_dR_x_bjet0_pt_x_bjet1_pt_x_blnu_mT_x_trijet_pt_x_trijet_pt_rat_x_trijet_bijet_dR_llr,333.25,from_multivar,9
lep0_pt_x_bjets_mbb_x_bjets_dR_x_bjet0_pt_x_bjet1_pt_x_blnu_pt_x_trijet_pt_x_trijet_pt_rat_x_trijet_bijet_dR_llr,333.25,from_multivar,9
lep0_pt_x_bjets_dR_x_bjets_pt_bb_x_bjet1_pt_x_blnu_mT_x_blnu_pt_x_trijet_pt_x_trijet_pt_rat_x_trijet_bijet_dR_llr,333.25,from_multivar,9
bjets_mbb_x_bjets_dR_x_bjet0_pt_x_bjet1_pt_x_trijet_pt_x_trijet_pt_rat_x_trijet_bijet_dR_llr,333.25,from_multivar,7
bjets_dR_x_bjets_pt_bb_x_blnu_mT_x_trijet_mInv_x_trijet_pt_x_trijet_pt_rat_x_trijet_bijet_dR_llr,333.25,from_multivar,7
bjets_dR_x_bjets_pt_bb_x_trijet_pt_x_trijet_pt_rat_x_trijet_bijet_dR_llr,333.25,from_multivar,5
lep0_pt_x_bjets_mbb_x_bjets_dR_x_bjet1_pt_x_trijet_pt_rat_x_trijet_bijet_dR_llr,333.25,from_multivar,6
bjets_mbb_x_bjets_dR_x_bjet1_pt_x_trijet_pt_x_trijet_pt_rat_llr,333.25,from_multivar,5
bjets_mbb_x_bjets_dR_x_bjets_pt_bb_x_bjet0_pt_x_blnu_mT_llr,333.5,from_multivar,5
bjets_mbb_x_bjets_dR_x_bjet0_pt_x_trijet_mInv_x_trijet_pt_x_trijet_pt_rat_x_trijet_bijet_dR_llr,333.5,from_multivar,7
bjets_mbb_x_bjets_dR_x_bjet1_pt_x_blnu_pt_x_trijet_pt_x_trijet_pt_rat_llr,333.5,from_multivar,6
lep0_pt_x_bjets_mbb_x_bjets_dR_x_bjets_pt_bb_x_bjet0_pt_x_trijet_mInv_llr,333.5,from_multivar,6
bjets_mbb_x_bjets_dR_x_blnu_mT_x_blnu_pt_x_trijet_mInv_x_trijet_pt_rat_llr,333.625,from_multivar,6
bjets_pt_bb_x_blnu_mT_x_trijet_pt_llr,333.75,from_multivar,3
bjets_mbb_x_bjets_dR_x_bjet1_pt_x_blnu_mT_x_blnu_pt_x_trijet_mInv_x_trijet_bijet_dR_llr,333.75,from_multivar,7
lep0_pt_x_bjets_pt_bb_x_bjet0_pt_x_bjet1_pt_x_blnu_mT_x_blnu_pt_x_trijet_mInv_x_trijet_pt_llr,333.75,from_multivar,8
lep0_pt_x_bjets_mbb_x_bjets_dR_x_bjet1_pt_x_blnu_mT_x_trijet_mInv_x_trijet_bijet_dR_llr,333.8125,from_multivar,7
lep0_pt_x_bjets_dR_x_bjets_pt_bb_x_bjet1_pt_x_blnu_mT_x_trijet_mInv_x_trijet_pt_x_trijet_pt_rat_x_trijet_bijet_dR_llr,333.8125,from_multivar,9
lep0_pt_x_bjets_dR_x_bjets_pt_bb_x_bjet1_pt_x_blnu_pt_x_trijet_pt_x_trijet_pt_rat_x_trijet_bijet_dR_llr,333.875,from_multivar,8
bjets_mbb_x_bjets_dR_x_bjet1_pt_x_trijet_mInv_x_trijet_pt_x_trijet_bijet_dR_llr,334.25,from_multivar,6
lep0_pt_x_bjets_dR_x_bjets_pt_bb_x_bjet0_pt_x_blnu_mT_x_trijet_mInv_x_trijet_bijet_dR_llr,334.25,from_multivar,7
lep0_pt_x_bjets_mbb_x_bjets_dR_x_bjet0_pt_x_trijet_mInv_x_trijet_pt_x_trijet_pt_rat_x_trijet_bijet_dR_llr,334.25,from_multivar,8
bjets_mbb_x_bjets_dR_x_blnu_pt_x_trijet_pt_llr,334.25,from_multivar,4
bjets_dR_x_bjets_pt_bb_x_trijet_mInv_x_trijet_pt_x_trijet_pt_rat_x_trijet_bijet_dR_llr,334.25,from_multivar,6
bjets_pt_bb_x_bjet1_pt_x_blnu_mT_x_blnu_pt_x_trijet_pt_llr,334.25,from_multivar,5
lep0_pt_x_bjets_mbb_x_bjets_pt_bb_x_bjet1_pt_x_trijet_mInv_llr,334.25,from_multivar,5
bjets_mbb_x_bjets_dR_x_blnu_mT_x_trijet_pt_rat_llr,334.25,from_multivar,4
bjets_pt_bb_x_blnu_pt_x_trijet_mInv_x_trijet_pt_llr,334.625,from_multivar,4
bjets_dR_x_bjets_pt_bb_x_bjet0_pt_x_bjet1_pt_x_blnu_mT_x_trijet_bijet_dR_llr,334.625,from_multivar,6
bjets_pt_bb_x_blnu_pt_x_trijet_pt_llr,334.875,from_multivar,3
lep0_pt_x_bjets_mbb_x_bjets_dR_x_bjet1_pt_x_blnu_mT_x_trijet_bijet_dR_llr,334.875,from_multivar,6
lep0_pt_x_bjets_mbb_x_bjets_dR_x_trijet_mInv_x_trijet_pt_rat_x_trijet_bijet_dR_llr,335.0,from_multivar,6
lep0_pt_x_bjets_mbb_x_bjets_dR_x_blnu_pt_x_trijet_mInv_x_trijet_pt_llr,335.25,from_multivar,6
lep0_pt_x_bjets_mbb_x_bjets_pt_bb_x_bjet1_pt_llr,335.25,from_multivar,4
lep0_pt_x_bjets_mbb_x_bjets_dR_x_bjet0_pt_x_blnu_pt_x_trijet_pt_x_trijet_bijet_dR_llr,335.25,from_multivar,7
bjets_dR_x_bjets_pt_bb_x_bjet0_pt_x_bjet1_pt_x_blnu_mT_x_trijet_pt_rat_llr,335.625,from_multivar,6
bjets_dR_x_bjets_pt_bb_x_bjet0_pt_x_blnu_mT_x_trijet_mInv_x_trijet_bijet_dR_llr,335.625,from_multivar,6
bjets_pt_bb_x_blnu_mT_x_blnu_pt_x_trijet_mInv_x_trijet_pt_llr,335.625,from_multivar,5
bjets_mbb_x_bjets_dR_x_bjet0_pt_x_trijet_pt_x_trijet_pt_rat_x_trijet_bijet_dR_llr,335.75,from_multivar,6
lep0_pt_x_bjets_pt_bb_x_bjet1_pt_x_blnu_pt_x_trijet_pt_llr,335.75,from_multivar,5
bjets_mbb_x_bjets_pt_bb_llr,335.75,from_multivar,2
bjets_mbb_x_bjets_dR_x_bjets_pt_bb_x_bjet0_pt_x_bjet1_pt_x_trijet_mInv_llr,335.8125,from_multivar,6
bjets_dR_x_bjets_pt_bb_x_bjet0_pt_x_blnu_mT_x_trijet_pt_rat_llr,335.8125,from_multivar,5
bjets_mbb_x_bjets_dR_x_bjet0_pt_x_bjet1_pt_x_blnu_mT_x_trijet_pt_x_trijet_pt_rat_x_trijet_bijet_dR_llr,335.8125,from_multivar,8
bjets_mbb_x_bjets_dR_x_trijet_bijet_dR_llr,335.875,from_multivar,3
bjets_dR_x_bjets_pt_bb_x_bjet1_pt_x_blnu_mT_x_trijet_mInv_x_trijet_pt_x_trijet_pt_rat_x_trijet_bijet_dR_llr,335.875,from_multivar,8
lep0_pt_x_bjets_dR_x_bjets_pt_bb_x_bjet1_pt_x_trijet_pt_x_trijet_pt_rat_x_trijet_bijet_dR_llr,335.875,from_multivar,7
lep0_pt_x_bjets_mbb_x_bjets_dR_x_blnu_pt_x_trijet_pt_rat_llr,335.9375,from_multivar,5
lep0_pt_x_bjets_mbb_x_bjets_dR_x_bjet0_pt_x_trijet_pt_x_trijet_pt_rat_x_trijet_bijet_dR_llr,335.9375,from_multivar,7
bjets_mbb_x_bjets_dR_x_bjet0_pt_x_bjet1_pt_x_blnu_pt_x_trijet_mInv_x_trijet_pt_x_trijet_pt_rat_x_trijet_bijet_dR_llr,336.25,from_multivar,9
lep0_pt_x_bjets_mbb_x_bjets_dR_x_blnu_mT_x_trijet_mInv_x_trijet_pt_rat_llr,336.25,from_multivar,6
lep0_pt_x_bjets_dR_x_bjets_pt_bb_x_bjet1_pt_x_blnu_mT_x_trijet_pt_x_trijet_pt_rat_x_trijet_bijet_dR_llr,336.25,from_multivar,8
lep0_pt_x_bjets_mbb_x_bjets_dR_x_bjet0_pt_x_bjet1_pt_x_blnu_mT_x_blnu_pt_x_trijet_pt_x_trijet_bijet_dR_llr,336.25,from_multivar,9
lep0_pt_x_bjets_dR_x_bjets_pt_bb_x_bjet0_pt_x_blnu_mT_x_trijet_mInv_x_trijet_pt_rat_llr,336.625,from_multivar,7
lep0_pt_x_bjets_dR_x_bjets_pt_bb_x_bjet0_pt_x_bjet1_pt_x_blnu_mT_x_trijet_mInv_x_trijet_pt_rat_llr,336.625,from_multivar,8
bjets_mbb_x_bjets_dR_x_bjet1_pt_x_blnu_mT_x_blnu_pt_x_trijet_mInv_x_trijet_pt_rat_llr,336.75,from_multivar,7
lep0_pt_x_bjets_mbb_x_bjets_dR_x_bjet0_pt_x_blnu_pt_x_trijet_mInv_x_trijet_pt_x_trijet_pt_rat_x_trijet_bijet_dR_llr,336.75,from_multivar,9
lep0_pt_x_bjets_mbb_x_bjets_dR_x_bjets_pt_bb_x_bjet0_pt_x_bjet1_pt_x_blnu_mT_llr,336.875,from_multivar,7
bjets_pt_bb_x_bjet0_pt_x_blnu_mT_x_blnu_pt_x_trijet_pt_x_trijet_pt_rat_llr,336.875,from_multivar,6
bjets_dR_x_bjets_pt_bb_x_blnu_pt_x_trijet_mInv_x_trijet_pt_x_trijet_pt_rat_x_trijet_bijet_dR_llr,336.9375,from_multivar,7
lep0_pt_x_bjets_dR_x_bjets_pt_bb_x_bjet0_pt_x_trijet_mInv_x_trijet_bijet_dR_llr,336.9375,from_multivar,6
lep0_pt_x_bjets_dR_x_bjets_pt_bb_x_bjet0_pt_x_trijet_pt_rat_llr,337.25,from_multivar,5
lep0_pt_x_bjets_mbb_x_bjets_dR_x_blnu_mT_x_trijet_bijet_dR_llr,337.25,from_multivar,5
bjets_dR_x_bjets_pt_bb_x_bjet0_pt_x_bjet1_pt_x_trijet_mInv_x_trijet_pt_rat_llr,337.25,from_multivar,6
bjets_mbb_x_bjets_dR_x_bjet1_pt_x_blnu_mT_x_blnu_pt_x_trijet_mInv_x_trijet_pt_llr,337.25,from_multivar,7
lep0_pt_x_bjets_dR_x_bjets_pt_bb_x_blnu_pt_x_trijet_mInv_x_trijet_pt_x_trijet_pt_rat_x_trijet_bijet_dR_llr,337.25,from_multivar,8
lep0_pt_x_bjets_dR_x_bjets_pt_bb_x_bjet1_pt_x_blnu_mT_x_blnu_pt_x_trijet_mInv_x_trijet_pt_x_trijet_pt_rat_x_trijet_bijet_dR_llr,337.25,from_multivar,10
bjets_mbb_x_bjets_dR_x_bjet1_pt_x_blnu_mT_x_blnu_pt_x_trijet_bijet_dR_llr,337.25,from_multivar,6
bjets_mbb_x_bjets_dR_x_bjet0_pt_x_blnu_mT_x_trijet_mInv_x_trijet_pt_x_trijet_pt_rat_x_trijet_bijet_dR_llr,337.5,from_multivar,8
bjets_mbb_x_bjets_pt_bb_x_bjet1_pt_x_trijet_mInv_llr,337.625,from_multivar,4
lep0_pt_x_bjets_mbb_x_bjets_dR_x_blnu_pt_x_trijet_bijet_dR_llr,337.625,from_multivar,5
bjets_mbb_x_bjets_dR_x_bjet0_pt_x_bjet1_pt_x_blnu_mT_x_blnu_pt_x_trijet_pt_x_trijet_bijet_dR_llr,337.75,from_multivar,8
lep0_pt_x_bjets_mbb_x_bjets_dR_x_bjets_pt_bb_x_bjet0_pt_x_bjet1_pt_llr,337.75,from_multivar,6
lep0_pt_x_bjets_dR_x_bjets_pt_bb_x_blnu_pt_x_trijet_pt_x_trijet_pt_rat_x_trijet_bijet_dR_llr,338.25,from_multivar,7
bjets_pt_bb_x_blnu_mT_x_blnu_pt_x_trijet_pt_llr,338.25,from_multivar,4
lep0_pt_x_bjets_mbb_x_bjets_dR_x_bjet1_pt_x_trijet_mInv_x_trijet_pt_rat_x_trijet_bijet_dR_llr,338.25,from_multivar,7
bjets_mbb_x_bjets_dR_x_bjets_pt_bb_x_bjet0_pt_x_trijet_mInv_llr,338.5,from_multivar,5
lep0_pt_x_bjets_mbb_x_bjets_dR_x_bjet0_pt_x_blnu_mT_x_trijet_mInv_x_trijet_pt_x_trijet_pt_rat_x_trijet_bijet_dR_llr,338.75,from_multivar,9
lep0_pt_x_bjets_dR_x_bjet0_pt_x_blnu_mT_x_trijet_pt_rat_x_trijet_bijet_dR_llr,338.75,from_multivar,6
bjets_pt_bb_x_bjet1_pt_x_blnu_mT_x_blnu_pt_x_trijet_mInv_x_trijet_pt_llr,338.875,from_multivar,6
bjets_dR_x_bjets_pt_bb_x_bjet0_pt_x_blnu_mT_x_trijet_bijet_dR_llr,338.875,from_multivar,5
lep0_pt_x_bjets_dR_x_bjets_pt_bb_x_bjet0_pt_x_trijet_mInv_x_trijet_pt_rat_llr,338.875,from_multivar,6
lep0_pt_x_bjets_mbb_x_bjets_dR_x_bjets_pt_bb_x_bjet0_pt_llr,339.25,from_multivar,5
lep0_pt_x_bjets_mbb_x_bjets_dR_x_blnu_mT_x_trijet_pt_rat_x_trijet_bijet_dR_llr,339.25,from_multivar,6
lep0_pt_x_bjets_mbb_x_bjets_dR_x_blnu_mT_x_trijet_mInv_x_trijet_pt_llr,339.25,from_multivar,6
bjets_mbb_x_bjets_dR_x_bjet0_pt_x_blnu_pt_x_trijet_mInv_x_trijet_pt_x_trijet_pt_rat_x_trijet_bijet_dR_llr,339.25,from_multivar,8
lep0_pt_x_bjets_dR_x_bjets_pt_bb_x_trijet_pt_x_trijet_pt_rat_x_trijet_bijet_dR_llr,339.5,from_multivar,6
bjets_dR_x_bjets_pt_bb_x_bjet1_pt_x_trijet_pt_x_trijet_pt_rat_x_trijet_bijet_dR_llr,339.625,from_multivar,6
bjets_dR_x_bjets_pt_bb_x_bjet1_pt_x_blnu_pt_x_trijet_pt_x_trijet_pt_rat_x_trijet_bijet_dR_llr,339.75,from_multivar,7
lep0_pt_x_bjets_dR_x_bjets_pt_bb_x_bjet0_pt_x_bjet1_pt_x_blnu_mT_x_trijet_bijet_dR_llr,339.875,from_multivar,7
bjets_mbb_x_bjets_dR_x_bjet1_pt_x_trijet_pt_rat_x_trijet_bijet_dR_llr,339.9375,from_multivar,5
lep0_pt_x_bjets_dR_x_bjets_pt_bb_x_bjet0_pt_x_bjet1_pt_x_trijet_mInv_x_trijet_bijet_dR_llr,339.9375,from_multivar,7
lep0_pt_x_bjets_mbb_x_bjets_dR_x_bjet1_pt_x_blnu_mT_x_blnu_pt_x_trijet_mInv_x_trijet_bijet_dR_llr,340.25,from_multivar,8
lep0_pt_x_bjets_mbb_x_bjets_dR_x_bjets_pt_bb_x_bjet0_pt_x_bjet1_pt_x_trijet_mInv_llr,340.25,from_multivar,7
lep0_pt_x_bjets_pt_bb_x_bjet0_pt_x_blnu_mT_x_blnu_pt_x_trijet_mInv_x_trijet_pt_llr,340.25,from_multivar,7
lep0_pt_x_bjets_mbb_x_bjets_dR_x_bjet1_pt_x_trijet_pt_x_trijet_pt_rat_llr,340.25,from_multivar,6
bjets_mbb_x_bjets_dR_x_blnu_mT_x_trijet_bijet_dR_llr,340.25,from_multivar,4
bjets_mbb_x_bjets_dR_x_trijet_pt_rat_x_trijet_bijet_dR_llr,340.25,from_multivar,4
lep0_pt_x_bjets_dR_x_bjets_pt_bb_x_bjet0_pt_x_bjet1_pt_x_trijet_pt_rat_llr,340.25,from_multivar,6
lep0_pt_x_bjets_pt_bb_x_blnu_pt_x_trijet_mInv_x_trijet_pt_llr,340.25,from_multivar,5
bjets_mbb_x_bjets_dR_x_blnu_mT_x_blnu_pt_x_trijet_mInv_x_trijet_bijet_dR_llr,340.5,from_multivar,6
lep0_pt_x_bjets_mbb_x_bjets_dR_x_bjet1_pt_x_trijet_pt_x_trijet_bijet_dR_llr,340.625,from_multivar,6
bjets_mbb_x_bjets_dR_x_bjet0_pt_x_bjet1_pt_x_blnu_mT_x_blnu_pt_x_trijet_mInv_x_trijet_pt_x_trijet_pt_rat_x_trijet_bijet_dR_llr,340.8125,from_multivar,10
lep0_pt_x_bjets_dR_x_bjets_pt_bb_x_bjet0_pt_x_bjet1_pt_x_blnu_mT_x_trijet_pt_rat_llr,340.8125,from_multivar,7
bjets_dR_x_bjets_pt_bb_x_bjet0_pt_x_trijet_mInv_x_trijet_pt_rat_llr,340.9375,from_multivar,5
lep0_pt_x_bjets_mbb_x_bjets_dR_x_bjet1_pt_x_blnu_mT_x_blnu_pt_x_trijet_mInv_x_trijet_pt_rat_llr,341.0,from_multivar,8
lep0_pt_x_bjets_pt_bb_x_blnu_mT_x_trijet_pt_llr,341.25,from_multivar,4
bjets_pt_bb_x_bjet1_pt_x_blnu_pt_x_trijet_mInv_x_trijet_pt_rat_llr,341.25,from_multivar,5
bjets_pt_bb_x_bjet1_pt_x_blnu_mT_x_trijet_pt_llr,341.25,from_multivar,4
lep0_pt_x_bjets_pt_bb_x_bjet1_pt_x_blnu_mT_x_blnu_pt_x_trijet_pt_llr,341.25,from_multivar,6
bjets_dR_x_bjets_pt_bb_x_bjet1_pt_x_blnu_mT_x_trijet_pt_x_trijet_pt_rat_x_trijet_bijet_dR_llr,341.25,from_multivar,7
bjets_mbb_x_bjets_dR_x_blnu_mT_x_blnu_pt_x_trijet_mInv_x_trijet_pt_llr,341.625,from_multivar,6
bjets_dR_x_bjets_pt_bb_x_trijet_pt_rat_x_trijet_bijet_dR_llr,341.75,from_multivar,4
bjets_mbb_x_bjets_dR_x_bjet0_pt_x_blnu_mT_x_blnu_pt_x_trijet_pt_x_trijet_bijet_dR_llr,341.875,from_multivar,7
bjets_pt_bb_x_bjet0_pt_x_bjet1_pt_x_blnu_pt_x_trijet_pt_x_trijet_pt_rat_llr,342.0,from_multivar,6
bjets_dR_x_bjets_pt_bb_x_bjet0_pt_x_bjet1_pt_x_blnu_mT_x_trijet_mInv_x_trijet_pt_rat_llr,342.0,from_multivar,7
bjets_dR_x_bjets_pt_bb_x_bjet0_pt_x_bjet1_pt_x_trijet_pt_rat_llr,342.25,from_multivar,5
lep0_pt_x_bjets_mbb_x_bjets_dR_x_bjet0_pt_x_bjet1_pt_x_blnu_mT_x_blnu_pt_x_trijet_mInv_x_trijet_pt_x_trijet_pt_rat_x_trijet_bijet_dR_llr,342.25,from_multivar,11
bjets_dR_x_bjets_pt_bb_x_bjet0_pt_x_bjet1_pt_x_trijet_mInv_x_trijet_bijet_dR_llr,342.25,from_multivar,6
lep0_pt_x_bjets_mbb_x_bjets_dR_x_blnu_mT_x_trijet_pt_rat_llr,342.25,from_multivar,5
bjets_mbb_x_bjets_dR_x_bjet0_pt_x_bjet1_pt_x_blnu_pt_x_trijet_pt_x_trijet_pt_rat_x_trijet_bijet_dR_llr,342.25,from_multivar,8
lep0_pt_x_bjets_mbb_x_bjets_dR_x_bjet0_pt_x_blnu_mT_x_trijet_pt_x_trijet_pt_rat_x_trijet_bijet_dR_llr,342.5,from_multivar,8
lep0_pt_x_bjets_pt_bb_x_blnu_pt_x_trijet_pt_llr,342.625,from_multivar,4
bjets_pt_bb_x_bjet1_pt_x_trijet_pt_llr,342.875,from_multivar,3
bjets_mbb_x_bjets_dR_x_bjet1_pt_x_blnu_mT_x_trijet_pt_x_trijet_pt_rat_llr,342.875,from_multivar,6
lep0_pt_x_bjets_pt_bb_x_trijet_pt_llr,342.9375,from_multivar,3
bjets_mbb_x_bjets_dR_x_bjet1_pt_x_blnu_mT_x_trijet_pt_rat_x_trijet_bijet_dR_llr,343.0,from_multivar,6
bjets_pt_bb_x_bjet0_pt_x_blnu_pt_x_trijet_mInv_x_trijet_pt_x_trijet_pt_rat_llr,343.0,from_multivar,6
bjets_mbb_x_bjets_pt_bb_x_bjet1_pt_llr,343.0,from_multivar,3
bjets_dR_x_bjets_pt_bb_x_bjet1_pt_x_blnu_mT_x_blnu_pt_x_trijet_pt_x_trijet_pt_rat_x_trijet_bijet_dR_llr,343.25,from_multivar,8
bjets_pt_bb_x_trijet_mInv_x_trijet_pt_llr,343.25,from_multivar,3
bjets_dR_x_bjets_pt_bb_x_bjet0_pt_x_bjet1_pt_x_blnu_mT_x_trijet_mInv_x_trijet_bijet_dR_llr,343.25,from_multivar,7
lep0_pt_x_bjets_dR_x_bjets_pt_bb_x_bjet0_pt_x_bjet1_pt_x_trijet_mInv_x_trijet_pt_rat_llr,343.25,from_multivar,7
lep0_pt_x_bjets_mbb_x_bjets_dR_x_bjet0_pt_x_blnu_pt_x_trijet_pt_x_trijet_pt_rat_x_trijet_bijet_dR_llr,343.25,from_multivar,8
bjets_mbb_x_bjets_dR_x_bjets_pt_bb_x_bjet0_pt_x_bjet1_pt_llr,343.25,from_multivar,5
bjets_pt_bb_x_blnu_pt_x_trijet_mInv_x_trijet_pt_rat_llr,343.5,from_multivar,4
bjets_dR_x_bjets_pt_bb_x_blnu_mT_x_trijet_pt_x_trijet_pt_rat_x_trijet_bijet_dR_llr,343.5,from_multivar,6
bjets_mbb_x_bjets_dR_x_bjet1_pt_x_blnu_mT_x_trijet_mInv_x_trijet_pt_rat_x_trijet_bijet_dR_llr,344.25,from_multivar,7
bjets_mbb_x_bjets_dR_x_bjet0_pt_x_blnu_mT_x_blnu_pt_x_trijet_mInv_x_trijet_pt_x_trijet_pt_rat_x_trijet_bijet_dR_llr,344.625,from_multivar,9
bjets_mbb_x_bjets_dR_x_bjets_pt_bb_x_bjet0_pt_llr,344.625,from_multivar,4
lep0_pt_x_bjets_mbb_x_bjets_dR_x_bjet0_pt_x_blnu_mT_x_blnu_pt_x_trijet_pt_x_trijet_bijet_dR_llr,344.75,from_multivar,8
bjets_mbb_x_bjets_pt_bb_x_bjet0_pt_x_bjet1_pt_x_blnu_mT_x_trijet_mInv_llr,344.875,from_multivar,6
lep0_pt_x_bjets_mbb_x_bjets_dR_x_bjet1_pt_x_trijet_mInv_x_trijet_pt_x_trijet_bijet_dR_llr,344.9688,from_multivar,7
bjets_dR_x_bjets_pt_bb_x_bjet0_pt_x_trijet_pt_rat_llr,345.25,from_multivar,4
bjets_pt_bb_x_blnu_mT_x_trijet_mInv_x_trijet_pt_llr,345.25,from_multivar,4
lep0_pt_x_bjets_mbb_x_bjets_dR_x_bjet0_pt_x_bjet1_pt_x_blnu_mT_x_blnu_pt_x_trijet_pt_x_trijet_pt_rat_x_trijet_bijet_dR_llr,345.25,from_multivar,10
bjets_mbb_x_bjets_dR_x_bjet0_pt_x_blnu_mT_x_trijet_pt_x_trijet_pt_rat_x_trijet_bijet_dR_llr,345.25,from_multivar,7
lep0_pt_x_bjets_pt_bb_x_blnu_mT_x_blnu_pt_x_trijet_mInv_x_trijet_pt_llr,345.25,from_multivar,6
bjets_pt_bb_x_bjet1_pt_x_blnu_mT_x_blnu_pt_x_trijet_mInv_x_trijet_pt_rat_llr,345.25,from_multivar,6
lep0_pt_x_bjets_mbb_x_bjets_dR_x_blnu_mT_x_blnu_pt_llr,345.25,from_multivar,5
bjets_pt_bb_x_bjet0_pt_x_bjet1_pt_x_blnu_pt_x_trijet_mInv_x_trijet_pt_x_trijet_pt_rat_llr,345.25,from_multivar,7
lep0_pt_x_bjets_pt_bb_x_blnu_pt_x_trijet_mInv_x_trijet_pt_rat_llr,345.25,from_multivar,5
lep0_pt_x_bjets_mbb_x_bjets_dR_x_bjet1_pt_x_blnu_mT_x_trijet_mInv_x_trijet_pt_rat_x_trijet_bijet_dR_llr,345.25,from_multivar,8
bjets_mbb_x_bjets_dR_x_blnu_pt_x_trijet_mInv_x_trijet_pt_rat_x_trijet_bijet_dR_llr,345.625,from_multivar,6
bjets_pt_bb_x_blnu_mT_x_blnu_pt_x_trijet_mInv_x_trijet_pt_rat_llr,345.75,from_multivar,5
bjets_dR_x_bjets_pt_bb_x_bjet0_pt_x_trijet_mInv_x_trijet_bijet_dR_llr,345.75,from_multivar,5
bjets_pt_bb_x_blnu_mT_x_blnu_pt_llr,345.875,from_multivar,3
bjets_dR_x_bjets_pt_bb_x_bjet0_pt_x_bjet1_pt_x_trijet_bijet_dR_llr,346.0,from_multivar,5
bjets_mbb_x_bjet0_pt_x_bjet1_pt_x_trijet_pt_rat_llr,346.25,from_multivar,4
lep0_pt_x_bjets_pt_bb_x_bjet1_pt_x_blnu_pt_x_trijet_mInv_x_trijet_pt_rat_llr,346.5,from_multivar,6
bjets_mbb_x_bjet0_pt_x_bjet1_pt_x_blnu_pt_x_trijet_pt_rat_llr,346.5,from_multivar,5
bjets_mbb_x_bjets_dR_x_blnu_mT_x_blnu_pt_x_trijet_pt_rat_llr,346.625,from_multivar,5
lep0_pt_x_bjets_mbb_x_bjets_dR_x_blnu_mT_x_trijet_mInv_x_trijet_pt_rat_x_trijet_bijet_dR_llr,346.625,from_multivar,7
bjets_mbb_x_bjets_pt_bb_x_bjet0_pt_x_blnu_mT_x_trijet_mInv_llr,346.875,from_multivar,5
lep0_pt_x_bjets_pt_bb_x_blnu_mT_x_blnu_pt_x_trijet_pt_llr,346.9375,from_multivar,5
lep0_pt_x_bjets_mbb_x_bjets_pt_bb_x_bjet0_pt_x_blnu_mT_x_trijet_mInv_llr,346.9375,from_multivar,6
lep0_pt_x_bjets_mbb_x_bjets_dR_x_blnu_mT_x_trijet_pt_llr,346.9688,from_multivar,5
lep0_pt_x_bjets_mbb_x_bjet0_pt_x_bjet1_pt_x_trijet_pt_rat_llr,347.0,from_multivar,5
lep0_pt_x_bjets_mbb_x_bjets_dR_x_bjet1_pt_x_blnu_pt_x_trijet_mInv_x_trijet_pt_rat_x_trijet_bijet_dR_llr,347.25,from_multivar,8
lep0_pt_x_bjets_pt_bb_x_bjet0_pt_x_blnu_pt_x_trijet_mInv_x_trijet_pt_rat_llr,347.25,from_multivar,6
bjets_pt_bb_x_bjet0_pt_x_blnu_mT_x_blnu_pt_x_trijet_pt_rat_llr,347.625,from_multivar,5
lep0_pt_x_bjets_pt_bb_x_bjet1_pt_x_blnu_mT_x_trijet_pt_llr,347.625,from_multivar,5
lep0_pt_x_bjets_mbb_x_bjets_dR_x_trijet_mInv_x_trijet_pt_x_trijet_bijet_dR_llr,347.625,from_multivar,6
bjets_mbb_x_bjets_dR_x_blnu_mT_x_blnu_pt_x_trijet_bijet_dR_llr,347.75,from_multivar,5
lep0_pt_x_bjets_mbb_x_bjets_dR_x_bjet1_pt_x_trijet_mInv_x_trijet_pt_x_trijet_pt_rat_llr,347.875,from_multivar,7
lep0_pt_x_bjets_pt_bb_x_bjet1_pt_x_trijet_pt_llr,347.9375,from_multivar,4
bjets_mbb_x_bjets_dR_x_bjet1_pt_x_blnu_pt_x_trijet_mInv_x_trijet_pt_rat_x_trijet_bijet_dR_llr,347.9375,from_multivar,7
bjets_pt_bb_x_bjet0_pt_x_blnu_pt_x_trijet_mInv_x_trijet_pt_rat_llr,348.0,from_multivar,5
bjets_mbb_x_bjets_dR_x_bjet1_pt_x_blnu_pt_x_trijet_pt_rat_x_trijet_bijet_dR_llr,348.25,from_multivar,6
bjets_pt_bb_x_bjet0_pt_x_blnu_mT_x_blnu_pt_x_trijet_mInv_x_trijet_pt_rat_llr,348.25,from_multivar,6
bjets_pt_bb_x_bjet0_pt_x_blnu_pt_x_trijet_pt_x_trijet_pt_rat_llr,348.25,from_multivar,5
bjets_mbb_x_bjets_dR_x_blnu_pt_x_trijet_mInv_x_trijet_pt_x_trijet_pt_rat_llr,348.25,from_multivar,6
lep0_pt_x_bjets_mbb_x_bjets_dR_x_bjet1_pt_x_blnu_mT_x_blnu_pt_x_trijet_mInv_x_trijet_pt_llr,348.5,from_multivar,8
bjets_pt_bb_x_bjet0_pt_x_bjet1_pt_x_blnu_pt_x_trijet_mInv_x_trijet_pt_rat_llr,348.625,from_multivar,6
bjets_mbb_x_bjets_dR_x_trijet_mInv_x_trijet_pt_x_trijet_bijet_dR_llr,348.625,from_multivar,5
bjets_mbb_x_bjets_dR_x_bjet0_pt_x_bjet1_pt_x_blnu_mT_x_trijet_mInv_llr,348.75,from_multivar,6
bjets_mbb_x_bjets_dR_x_bjet1_pt_x_blnu_mT_x_trijet_mInv_x_trijet_pt_x_trijet_pt_rat_llr,348.875,from_multivar,7
lep0_pt_x_bjets_mbb_x_bjets_dR_x_blnu_mT_x_blnu_pt_x_trijet_mInv_x_trijet_bijet_dR_llr,348.9375,from_multivar,7
lep0_pt_x_bjets_pt_bb_x_bjet1_pt_x_blnu_mT_x_trijet_mInv_x_trijet_pt_llr,348.9688,from_multivar,6
bjets_pt_bb_x_bjet0_pt_x_bjet1_pt_x_blnu_mT_x_trijet_pt_x_trijet_pt_rat_llr,349.25,from_multivar,6
lep0_pt_x_bjets_pt_bb_x_blnu_mT_x_trijet_mInv_x_trijet_pt_llr,349.25,from_multivar,5
lep0_pt_x_bjets_pt_bb_x_bjet0_pt_x_blnu_pt_x_trijet_pt_x_trijet_pt_rat_llr,349.25,from_multivar,6
lep0_pt_x_bjets_pt_bb_x_bjet0_pt_x_blnu_mT_x_trijet_pt_x_trijet_pt_rat_llr,349.25,from_multivar,6
bjets_mbb_x_bjets_dR_x_trijet_mInv_x_trijet_pt_x_trijet_pt_rat_llr,349.25,from_multivar,5
lep0_pt_x_bjets_mbb_x_bjets_dR_x_trijet_mInv_x_trijet_pt_x_trijet_pt_rat_llr,349.25,from_multivar,6
bjets_pt_bb_x_bjet0_pt_x_bjet1_pt_x_blnu_mT_x_blnu_pt_x_trijet_pt_rat_llr,349.5,from_multivar,6
bjets_mbb_x_bjet0_pt_x_bjet1_pt_x_blnu_pt_x_trijet_mInv_x_trijet_pt_rat_llr,349.875,from_multivar,6
lep0_pt_x_bjets_mbb_x_bjets_dR_x_bjet1_pt_x_blnu_mT_x_blnu_pt_x_trijet_pt_rat_llr,349.875,from_multivar,7
lep0_pt_x_bjets_mbb_x_bjets_dR_x_blnu_pt_x_trijet_mInv_x_trijet_pt_rat_x_trijet_bijet_dR_llr,349.9375,from_multivar,7
bjets_pt_bb_x_bjet0_pt_x_bjet1_pt_x_blnu_mT_x_blnu_pt_x_trijet_mInv_x_trijet_pt_x_trijet_pt_rat_llr,349.9375,from_multivar,8
lep0_pt_x_bjets_mbb_x_bjets_dR_x_blnu_pt_x_trijet_pt_llr,350.25,from_multivar,5
lep0_pt_x_bjets_mbb_x_bjets_dR_x_blnu_pt_x_trijet_pt_rat_x_trijet_bijet_dR_llr,350.25,from_multivar,6
bjets_pt_bb_x_bjet0_pt_x_blnu_mT_x_blnu_pt_x_trijet_pt_x_trijet_bijet_dR_llr,350.25,from_multivar,6
lep0_pt_x_bjets_pt_bb_x_bjet1_pt_x_blnu_pt_x_trijet_pt_rat_llr,350.25,from_multivar,5
bjets_pt_bb_x_bjet1_pt_x_blnu_pt_x_trijet_pt_rat_llr,350.625,from_multivar,4
bjets_pt_bb_x_bjet1_pt_x_blnu_mT_x_blnu_pt_llr,350.625,from_multivar,4
bjets_mbb_x_bjets_dR_x_blnu_mT_x_trijet_pt_rat_x_trijet_bijet_dR_llr,350.625,from_multivar,5
bjets_mbb_x_bjets_dR_x_bjet1_pt_x_blnu_pt_x_trijet_mInv_x_trijet_pt_x_trijet_pt_rat_llr,350.875,from_multivar,7
bjets_pt_bb_x_blnu_pt_x_trijet_pt_rat_llr,350.9375,from_multivar,3
bjets_pt_bb_x_bjet1_pt_x_blnu_mT_x_blnu_pt_x_trijet_pt_rat_llr,351.0,from_multivar,5
lep0_pt_x_bjets_pt_bb_x_trijet_mInv_x_trijet_pt_llr,351.25,from_multivar,4
lep0_pt_x_bjets_mbb_x_bjets_dR_x_trijet_pt_x_trijet_bijet_dR_llr,351.25,from_multivar,5
bjets_pt_bb_x_bjet0_pt_x_blnu_mT_x_trijet_pt_x_trijet_pt_rat_llr,351.625,from_multivar,5
bjets_mbb_x_bjet0_pt_x_trijet_mInv_x_trijet_pt_rat_llr,351.625,from_multivar,4
lep0_pt_x_bjets_mbb_x_bjets_dR_x_bjet1_pt_x_blnu_pt_x_trijet_mInv_x_trijet_pt_x_trijet_pt_rat_llr,351.75,from_multivar,8
bjets_mbb_x_bjets_dR_x_blnu_mT_llr,351.75,from_multivar,3
bjets_pt_bb_x_bjet1_pt_x_blnu_mT_x_trijet_mInv_x_trijet_pt_llr,351.75,from_multivar,5
bjets_mbb_x_bjets_dR_x_bjet1_pt_x_blnu_mT_llr,351.875,from_multivar,4
bjets_pt_bb_x_bjet1_pt_x_trijet_mInv_x_trijet_pt_llr,351.875,from_multivar,4
bjets_mbb_x_bjets_dR_x_bjet0_pt_x_blnu_pt_x_trijet_pt_x_trijet_pt_rat_x_trijet_bijet_dR_llr,351.9375,from_multivar,7
lep0_pt_x_bjets_pt_bb_x_bjet0_pt_x_bjet1_pt_x_blnu_pt_x_trijet_mInv_x_trijet_pt_x_trijet_pt_rat_llr,352.0,from_multivar,8
bjets_pt_bb_x_blnu_pt_llr,352.0,from_multivar,2
lep0_pt_x_bjets_mbb_x_bjets_dR_x_bjet0_pt_x_bjet1_pt_x_trijet_mInv_llr,352.25,from_multivar,6
bjets_pt_bb_x_bjet0_pt_x_blnu_pt_x_trijet_pt_rat_llr,352.25,from_multivar,4
bjets_mbb_x_bjets_dR_x_bjet0_pt_x_bjet1_pt_x_blnu_mT_x_blnu_pt_x_trijet_pt_x_trijet_pt_rat_x_trijet_bijet_dR_llr,352.25,from_multivar,9
bjets_mbb_x_bjets_dR_x_blnu_mT_x_trijet_mInv_x_trijet_pt_x_trijet_bijet_dR_llr,352.5,from_multivar,6
bjets_dR_x_bjet0_pt_x_blnu_mT_x_blnu_pt_x_trijet_mInv_x_trijet_bijet_dR_llr,352.5,from_multivar,6
bjets_mbb_x_bjets_dR_x_bjet1_pt_x_blnu_mT_x_trijet_pt_x_trijet_bijet_dR_llr,352.625,from_multivar,6
lep0_pt_x_bjets_pt_bb_x_bjet0_pt_x_bjet1_pt_x_blnu_pt_x_trijet_pt_x_trijet_pt_rat_llr,352.625,from_multivar,7
bjets_mbb_x_bjets_dR_x_blnu_pt_x_trijet_pt_rat_x_trijet_bijet_dR_llr,352.625,from_multivar,5
bjets_mbb_x_bjets_dR_x_blnu_mT_x_blnu_pt_x_trijet_pt_llr,352.625,from_multivar,5
lep0_pt_x_bjets_mbb_x_bjets_dR_x_blnu_mT_x_blnu_pt_x_trijet_mInv_x_trijet_pt_rat_llr,352.75,from_multivar,7
bjets_mbb_x_bjets_dR_x_bjet1_pt_x_trijet_pt_x_trijet_bijet_dR_llr,352.9375,from_multivar,5
lep0_pt_x_bjets_pt_bb_x_bjet0_pt_x_bjet1_pt_x_blnu_mT_x_blnu_pt_x_trijet_mInv_x_trijet_pt_x_trijet_pt_rat_llr,353.25,from_multivar,9
lep0_pt_x_bjets_mbb_x_bjets_dR_x_bjet0_pt_x_bjet1_pt_x_blnu_mT_llr,353.25,from_multivar,6
bjets_pt_bb_x_bjet0_pt_x_blnu_mT_x_trijet_mInv_x_trijet_pt_x_trijet_pt_rat_llr,353.25,from_multivar,6
lep0_pt_x_bjets_pt_bb_x_bjet1_pt_x_blnu_mT_x_blnu_pt_x_trijet_mInv_x_trijet_pt_llr,353.25,from_multivar,7
bjets_pt_bb_x_bjet0_pt_x_bjet1_pt_x_blnu_pt_x_trijet_pt_rat_llr,353.25,from_multivar,5
bjets_dR_x_bjets_pt_bb_x_bjet0_pt_x_trijet_bijet_dR_llr,353.625,from_multivar,4
bjets_pt_bb_x_bjet0_pt_x_bjet1_pt_x_blnu_mT_x_blnu_pt_x_trijet_pt_x_trijet_pt_rat_llr,353.625,from_multivar,7
lep0_pt_x_bjets_mbb_x_bjet0_pt_x_bjet1_pt_x_trijet_mInv_x_trijet_pt_rat_llr,353.625,from_multivar,6
lep0_pt_x_bjets_pt_bb_x_bjet0_pt_x_blnu_mT_x_blnu_pt_x_trijet_pt_rat_llr,353.9375,from_multivar,6
lep0_pt_x_bjets_pt_bb_x_bjet0_pt_x_bjet1_pt_x_blnu_pt_x_trijet_pt_rat_llr,353.9375,from_multivar,6
bjets_pt_bb_x_bjet1_pt_x_blnu_mT_x_blnu_pt_x_trijet_mInv_llr,354.0,from_multivar,5
lep0_pt_x_bjets_mbb_x_bjets_dR_x_bjet1_pt_x_blnu_mT_x_trijet_pt_rat_x_trijet_bijet_dR_llr,354.25,from_multivar,7
bjets_mbb_x_bjets_dR_x_bjet1_pt_x_blnu_pt_x_trijet_mInv_x_trijet_pt_x_trijet_bijet_dR_llr,354.25,from_multivar,7
lep0_pt_x_bjets_pt_bb_x_blnu_pt_x_trijet_pt_rat_llr,354.25,from_multivar,4
lep0_pt_x_bjets_pt_bb_x_blnu_pt_x_trijet_mInv_llr,354.25,from_multivar,4
bjets_pt_bb_x_bjet1_pt_x_blnu_pt_llr,354.25,from_multivar,3
bjets_pt_bb_x_blnu_mT_x_blnu_pt_x_trijet_pt_rat_llr,354.25,from_multivar,4
lep0_pt_x_bjets_mbb_x_bjets_pt_bb_x_bjet0_pt_x_blnu_mT_llr,354.25,from_multivar,5
bjets_dR_x_bjet0_pt_x_blnu_mT_x_trijet_pt_rat_x_trijet_bijet_dR_llr,354.25,from_multivar,5
bjets_mbb_x_bjet0_pt_x_trijet_pt_rat_llr,354.25,from_multivar,3
bjets_mbb_x_bjet0_pt_x_bjet1_pt_x_trijet_mInv_x_trijet_pt_rat_llr,354.625,from_multivar,5
bjets_mbb_x_bjets_dR_x_bjet0_pt_x_bjet1_pt_x_blnu_mT_llr,354.75,from_multivar,5
lep0_pt_x_bjets_dR_x_bjet0_pt_x_trijet_pt_rat_x_trijet_bijet_dR_llr,354.75,from_multivar,5
bjets_pt_bb_x_bjet0_pt_x_bjet1_pt_x_blnu_mT_x_blnu_pt_x_trijet_mInv_x_trijet_pt_rat_llr,354.75,from_multivar,7
lep0_pt_x_bjets_pt_bb_x_bjet0_pt_x_bjet1_pt_x_blnu_pt_x_trijet_mInv_x_trijet_pt_rat_llr,354.8125,from_multivar,7
lep0_pt_x_bjets_mbb_x_bjets_dR_x_bjet1_pt_x_blnu_mT_llr,354.9375,from_multivar,5
lep0_pt_x_bjets_pt_bb_x_blnu_pt_llr,354.9375,from_multivar,3
bjets_pt_bb_x_blnu_pt_x_trijet_mInv_llr,355.25,from_multivar,3
lep0_pt_x_bjets_dR_x_bjet0_pt_x_blnu_pt_x_trijet_pt_rat_llr,355.25,from_multivar,5
bjets_mbb_x_bjets_dR_x_bjet1_pt_x_blnu_mT_x_trijet_mInv_x_trijet_pt_x_trijet_bijet_dR_llr,355.25,from_multivar,7
bjets_mbb_x_bjets_dR_x_bjet1_pt_x_blnu_pt_x_trijet_pt_x_trijet_bijet_dR_llr,355.25,from_multivar,6
lep0_pt_x_bjets_dR_x_bjet0_pt_x_trijet_mInv_x_trijet_pt_rat_x_trijet_bijet_dR_llr,355.25,from_multivar,6
lep0_pt_x_bjets_mbb_x_bjet0_pt_x_blnu_pt_x_trijet_pt_rat_llr,355.5,from_multivar,5
lep0_pt_x_bjets_pt_bb_x_blnu_mT_x_blnu_pt_x_trijet_mInv_llr,355.625,from_multivar,5
lep0_pt_x_bjets_pt_bb_x_bjet0_pt_x_blnu_pt_x_trijet_pt_rat_llr,355.625,from_multivar,5
bjets_pt_bb_x_blnu_mT_x_blnu_pt_x_trijet_mInv_llr,355.625,from_multivar,4
lep0_pt_x_bjets_pt_bb_x_bjet1_pt_x_trijet_mInv_x_trijet_pt_llr,355.625,from_multivar,5
lep0_pt_x_bjets_dR_x_bjet0_pt_x_blnu_pt_x_trijet_mInv_x_trijet_pt_rat_llr,355.75,from_multivar,6
bjets_pt_bb_x_bjet0_pt_x_blnu_mT_x_blnu_pt_x_trijet_mInv_x_trijet_pt_x_trijet_bijet_dR_llr,355.75,from_multivar,7
lep0_pt_x_bjets_pt_bb_x_bjet1_pt_x_blnu_pt_llr,355.75,from_multivar,4
lep0_pt_x_bjets_dR_x_bjet0_pt_x_blnu_pt_x_trijet_mInv_x_trijet_bijet_dR_llr,355.9375,from_multivar,6
bjets_mbb_x_bjets_pt_bb_x_bjet0_pt_x_bjet1_pt_x_blnu_mT_llr,355.9375,from_multivar,5
lep0_pt_x_bjets_mbb_x_bjets_dR_x_bjet0_pt_x_blnu_mT_x_trijet_mInv_llr,356.0,from_multivar,6
lep0_pt_x_bjets_mbb_x_bjets_pt_bb_x_bjet0_pt_x_bjet1_pt_x_blnu_mT_llr,356.0,from_multivar,6
bjets_mbb_x_bjets_dR_x_trijet_pt_x_trijet_pt_rat_llr,356.0,from_multivar,4
bjets_dR_x_bjets_pt_bb_x_trijet_bijet_dR_llr,356.0,from_multivar,3
lep0_pt_x_bjets_pt_bb_x_bjet0_pt_x_bjet1_pt_x_blnu_mT_x_blnu_pt_x_trijet_mInv_x_trijet_pt_rat_llr,356.25,from_multivar,8
lep0_pt_x_bjets_pt_bb_x_bjet1_pt_x_blnu_mT_x_blnu_pt_llr,356.25,from_multivar,5
bjets_mbb_x_bjets_pt_bb_x_bjet0_pt_x_blnu_mT_llr,356.25,from_multivar,4
bjets_mbb_x_bjets_dR_x_bjet1_pt_x_blnu_mT_x_trijet_mInv_llr,356.25,from_multivar,5
bjets_pt_bb_x_bjet0_pt_x_bjet1_pt_x_blnu_pt_x_trijet_pt_x_trijet_bijet_dR_llr,356.25,from_multivar,6
lep0_pt_x_bjets_pt_bb_x_bjet0_pt_x_blnu_mT_x_blnu_pt_x_trijet_mInv_x_trijet_pt_rat_llr,356.5,from_multivar,7
lep0_pt_x_bjets_mbb_x_bjets_dR_x_blnu_mT_x_blnu_pt_x_trijet_bijet_dR_llr,356.5,from_multivar,6
lep0_pt_x_bjets_dR_x_bjet0_pt_x_bjet1_pt_x_trijet_pt_rat_x_trijet_bijet_dR_llr,356.5,from_multivar,6
bjets_mbb_x_bjets_dR_x_bjet1_pt_x_blnu_mT_x_blnu_pt_x_trijet_mInv_x_trijet_pt_x_trijet_pt_rat_llr,356.625,from_multivar,8
lep0_pt_x_bjets_mbb_x_bjets_dR_x_bjet0_pt_x_blnu_mT_x_blnu_pt_x_trijet_pt_x_trijet_pt_rat_x_trijet_bijet_dR_llr,356.75,from_multivar,9
bjets_pt_bb_x_bjet0_pt_x_blnu_mT_x_blnu_pt_x_trijet_mInv_x_trijet_pt_x_trijet_pt_rat_llr,356.9375,from_multivar,7
lep0_pt_x_bjets_mbb_x_bjets_dR_x_bjet1_pt_x_blnu_mT_x_trijet_mInv_x_trijet_pt_x_trijet_bijet_dR_llr,357.0,from_multivar,8
bjets_dR_x_bjet0_pt_x_bjet1_pt_x_blnu_pt_x_trijet_mInv_x_trijet_pt_rat_llr,357.0,from_multivar,6
lep0_pt_x_bjets_mbb_x_bjets_pt_bb_x_bjet0_pt_x_bjet1_pt_x_blnu_mT_x_trijet_mInv_llr,357.25,from_multivar,7
lep0_pt_x_bjets_mbb_x_bjets_dR_x_bjet1_pt_x_blnu_mT_x_blnu_pt_x_trijet_bijet_dR_llr,357.25,from_multivar,7
bjets_mbb_x_bjets_dR_x_bjet1_pt_x_blnu_mT_x_blnu_pt_x_trijet_mInv_x_trijet_pt_rat_x_trijet_bijet_dR_llr,357.25,from_multivar,8
bjets_mbb_x_bjets_dR_x_blnu_pt_x_trijet_pt_x_trijet_bijet_dR_llr,357.25,from_multivar,5
bjets_mbb_x_bjet0_pt_x_blnu_pt_x_trijet_mInv_x_trijet_pt_rat_llr,357.25,from_multivar,5
lep0_pt_x_bjets_mbb_x_bjet0_pt_x_trijet_pt_rat_llr,357.25,from_multivar,4
bjets_pt_bb_x_bjet0_pt_x_blnu_mT_x_trijet_mInv_x_trijet_pt_x_trijet_bijet_dR_llr,357.25,from_multivar,6
lep0_pt_x_bjets_pt_bb_x_blnu_mT_x_blnu_pt_llr,357.25,from_multivar,4
bjets_pt_bb_x_bjet0_pt_x_bjet1_pt_x_blnu_mT_x_blnu_pt_x_trijet_mInv_x_trijet_pt_x_trijet_bijet_dR_llr,357.5,from_multivar,8
bjets_pt_bb_x_bjet0_pt_x_bjet1_pt_x_trijet_mInv_x_trijet_pt_x_trijet_pt_rat_llr,357.625,from_multivar,6
lep0_pt_x_bjets_mbb_x_bjets_dR_x_bjet1_pt_llr,357.75,from_multivar,4
lep0_pt_x_bjets_mbb_x_bjets_dR_x_bjet1_pt_x_blnu_pt_x_trijet_mInv_x_trijet_pt_x_trijet_bijet_dR_llr,357.75,from_multivar,8
lep0_pt_x_bjets_pt_bb_x_bjet0_pt_x_blnu_pt_x_trijet_mInv_x_trijet_pt_x_trijet_pt_rat_llr,358.25,from_multivar,7
bjets_mbb_x_bjets_dR_x_bjet0_pt_x_bjet1_pt_x_trijet_mInv_llr,358.25,from_multivar,5
lep0_pt_x_bjets_mbb_x_bjet0_pt_x_trijet_mInv_x_trijet_pt_rat_llr,358.25,from_multivar,5
lep0_pt_x_bjets_mbb_x_bjets_dR_x_bjet0_pt_x_bjet1_pt_x_blnu_mT_x_trijet_mInv_llr,358.25,from_multivar,7
lep0_pt_x_bjets_dR_x_bjet0_pt_x_bjet1_pt_x_blnu_pt_x_trijet_mInv_x_trijet_pt_rat_llr,358.25,from_multivar,7
bjets_mbb_x_bjets_dR_x_blnu_pt_x_trijet_pt_x_trijet_pt_rat_llr,358.5,from_multivar,5
lep0_pt_x_bjets_mbb_x_bjets_dR_x_blnu_mT_x_blnu_pt_x_trijet_pt_rat_llr,358.625,from_multivar,6
bjets_pt_bb_x_bjet1_pt_x_blnu_pt_x_trijet_mInv_x_trijet_pt_x_trijet_pt_rat_llr,358.625,from_multivar,6
lep0_pt_x_bjets_pt_bb_x_blnu_mT_x_blnu_pt_x_trijet_mInv_x_trijet_pt_rat_llr,358.625,from_multivar,6
bjets_mbb_x_bjets_dR_x_bjet0_pt_x_blnu_mT_x_blnu_pt_x_trijet_pt_x_trijet_pt_rat_x_trijet_bijet_dR_llr,358.75,from_multivar,8
lep0_pt_x_bjets_mbb_x_bjets_pt_bb_x_bjet0_pt_x_bjet1_pt_x_trijet_mInv_llr,358.875,from_multivar,6
bjets_mbb_x_bjets_dR_llr,358.9375,from_multivar,2
bjets_dR_vs_pt_bb_llr,358.9688,from_2D,2
bjets_mbb_x_bjets_dR_x_blnu_mT_x_trijet_mInv_x_trijet_pt_x_trijet_pt_rat_llr,359.25,from_multivar,6
lep0_pt_x_bjets_pt_bb_x_bjet1_pt_x_blnu_mT_x_blnu_pt_x_trijet_pt_rat_llr,359.25,from_multivar,6
lep0_pt_x_bjets_mbb_x_bjet0_pt_x_trijet_pt_rat_x_trijet_bijet_dR_llr,359.25,from_multivar,5
bjets_pt_bb_x_bjet0_pt_x_blnu_pt_x_trijet_mInv_x_trijet_pt_x_trijet_bijet_dR_llr,359.25,from_multivar,6
lep0_pt_x_bjets_pt_bb_x_bjet0_pt_x_trijet_pt_x_trijet_pt_rat_llr,359.5,from_multivar,5
lep0_pt_x_bjets_mbb_x_bjets_dR_x_bjet1_pt_x_blnu_mT_x_trijet_mInv_llr,359.625,from_multivar,6
bjets_mbb_x_bjets_dR_x_trijet_pt_x_trijet_bijet_dR_llr,359.625,from_multivar,4
lep0_pt_x_bjets_pt_bb_x_bjet0_pt_x_bjet1_pt_x_blnu_mT_x_blnu_pt_x_trijet_pt_rat_llr,359.625,from_multivar,7
bjets_mbb_x_bjets_dR_x_bjet0_pt_x_blnu_mT_x_trijet_mInv_llr,359.875,from_multivar,5
lep0_pt_x_bjets_mbb_x_bjets_dR_x_blnu_mT_x_blnu_pt_x_trijet_mInv_x_trijet_pt_llr,359.875,from_multivar,7
bjets_mbb_x_bjets_dR_x_blnu_pt_x_trijet_mInv_x_trijet_pt_x_trijet_bijet_dR_llr,359.9375,from_multivar,6
lep0_pt_x_bjets_mbb_x_bjets_dR_x_blnu_pt_x_trijet_mInv_x_trijet_pt_x_trijet_bijet_dR_llr,360.25,from_multivar,7
bjets_mbb_x_bjets_dR_x_bjet1_pt_llr,360.25,from_multivar,3
lep0_pt_x_bjets_pt_bb_x_bjet0_pt_x_blnu_mT_x_blnu_pt_x_trijet_mInv_x_trijet_pt_x_trijet_bijet_dR_llr,360.25,from_multivar,8
lep0_pt_x_bjets_mbb_x_bjets_dR_x_blnu_mT_llr,360.25,from_multivar,4
bjets_dR_x_bjet0_pt_x_blnu_mT_x_trijet_mInv_x_trijet_pt_x_trijet_bijet_dR_llr,360.25,from_multivar,6
lep0_pt_x_bjets_pt_bb_x_bjet0_pt_x_bjet1_pt_x_blnu_mT_x_blnu_pt_x_trijet_pt_x_trijet_pt_rat_llr,360.25,from_multivar,8
bjets_mbb_x_bjets_pt_bb_x_bjet0_pt_x_trijet_mInv_llr,360.625,from_multivar,4
lep0_pt_x_bjets_mbb_x_bjets_dR_x_bjet0_pt_x_blnu_mT_llr,360.625,from_multivar,5
bjets_mbb_x_bjets_dR_x_bjet0_pt_x_bjet1_pt_llr,360.625,from_multivar,4
lep0_pt_x_bjets_pt_bb_x_bjet0_pt_x_bjet1_pt_x_blnu_pt_x_trijet_mInv_x_trijet_pt_x_trijet_bijet_dR_llr,360.75,from_multivar,8
bjets_pt_bb_x_bjet0_pt_x_bjet1_pt_x_blnu_mT_x_trijet_pt_x_trijet_bijet_dR_llr,360.75,from_multivar,6
lep0_pt_x_bjets_mbb_x_bjets_dR_llr,360.875,from_multivar,3
lep0_pt_x_bjets_pt_bb_x_bjet0_pt_x_trijet_mInv_x_trijet_pt_x_trijet_pt_rat_llr,360.9375,from_multivar,6
lep0_pt_x_bjets_pt_bb_x_bjet0_pt_x_blnu_pt_x_trijet_pt_x_trijet_bijet_dR_llr,360.9375,from_multivar,6
bjets_mbb_x_bjets_dR_x_bjet1_pt_x_trijet_mInv_llr,360.9375,from_multivar,4
lep0_pt_x_bjets_mbb_x_bjet0_pt_x_bjet1_pt_x_blnu_pt_x_trijet_pt_rat_llr,360.9375,from_multivar,6
bjets_mbb_x_bjet0_pt_x_bjet1_pt_x_trijet_mInv_x_trijet_pt_llr,361.25,from_multivar,5
lep0_pt_x_bjets_pt_bb_x_bjet0_pt_x_bjet1_pt_x_blnu_mT_x_blnu_pt_x_trijet_mInv_x_trijet_pt_x_trijet_bijet_dR_llr,361.25,from_multivar,9
lep0_pt_x_bjets_mbb_x_bjets_dR_x_bjet0_pt_x_bjet1_pt_llr,361.25,from_multivar,5
lep0_pt_x_bjets_mbb_x_bjets_dR_x_trijet_pt_x_trijet_pt_rat_llr,361.25,from_multivar,5
lep0_pt_x_bjets_pt_bb_x_bjet1_pt_x_blnu_mT_x_blnu_pt_x_trijet_mInv_llr,361.8125,from_multivar,6
lep0_pt_x_bjets_pt_bb_x_bjet0_pt_x_blnu_mT_x_blnu_pt_x_trijet_mInv_x_trijet_pt_x_trijet_pt_rat_llr,361.875,from_multivar,8
lep0_pt_x_bjets_pt_bb_x_bjet0_pt_x_bjet1_pt_x_trijet_pt_x_trijet_pt_rat_llr,361.875,from_multivar,6
bjets_dR_x_bjets_pt_bb_x_blnu_pt_x_trijet_pt_x_trijet_pt_rat_x_trijet_bijet_dR_llr,362.25,from_multivar,6
lep0_pt_x_bjets_dR_x_bjet0_pt_x_bjet1_pt_x_blnu_pt_x_trijet_mInv_llr,362.25,from_multivar,6
lep0_pt_x_bjets_pt_bb_x_bjet0_pt_x_bjet1_pt_x_blnu_mT_x_blnu_pt_x_trijet_pt_rat_x_trijet_bijet_dR_llr,362.25,from_multivar,8
lep0_pt_x_bjets_dR_x_bjet0_pt_x_bjet1_pt_x_blnu_pt_x_trijet_mInv_x_trijet_bijet_dR_llr,362.25,from_multivar,7
bjets_pt_bb_x_bjet0_pt_x_bjet1_pt_x_blnu_pt_x_trijet_mInv_x_trijet_pt_x_trijet_bijet_dR_llr,362.5,from_multivar,7
lep0_pt_x_bjets_pt_bb_x_blnu_mT_x_blnu_pt_x_trijet_pt_rat_llr,362.625,from_multivar,5
bjets_pt_bb_x_bjet0_pt_x_blnu_pt_x_trijet_pt_x_trijet_bijet_dR_llr,362.75,from_multivar,5
lep0_pt_x_bjets_mbb_x_bjets_dR_x_bjet1_pt_x_blnu_pt_x_trijet_pt_rat_x_trijet_bijet_dR_llr,362.8125,from_multivar,7
lep0_pt_x_bjets_mbb_x_bjets_dR_x_bjet1_pt_x_blnu_pt_x_trijet_pt_x_trijet_pt_rat_llr,362.875,from_multivar,7
bjets_pt_bb_x_bjet0_pt_x_trijet_pt_x_trijet_pt_rat_llr,362.875,from_multivar,4
bjets_pt_bb_x_bjet0_pt_x_bjet1_pt_x_blnu_mT_x_blnu_pt_x_trijet_pt_x_trijet_bijet_dR_llr,362.875,from_multivar,7
bjets_mbb_x_bjets_pt_bb_x_bjet0_pt_x_bjet1_pt_x_trijet_mInv_llr,362.875,from_multivar,5
bjets_mbb_x_bjets_dR_x_blnu_mT_x_trijet_mInv_llr,363.0,from_multivar,4
lep0_pt_x_bjets_mbb_x_bjets_pt_bb_x_bjet0_pt_x_trijet_mInv_llr,363.0,from_multivar,5
lep0_pt_x_bjets_pt_bb_x_bjet0_pt_x_bjet1_pt_x_blnu_pt_x_trijet_pt_x_trijet_bijet_dR_llr,363.25,from_multivar,7
lep0_pt_x_bjets_mbb_x_bjets_dR_x_blnu_pt_x_trijet_mInv_x_trijet_pt_x_trijet_pt_rat_llr,363.25,from_multivar,7
lep0_pt_x_bjets_mbb_x_bjets_dR_x_bjet1_pt_x_trijet_mInv_x_trijet_pt_x_trijet_pt_rat_x_trijet_bijet_dR_llr,363.25,from_multivar,8
lep0_pt_x_bjets_mbb_x_bjets_dR_x_bjet1_pt_x_blnu_mT_x_blnu_pt_x_trijet_mInv_x_trijet_pt_rat_x_trijet_bijet_dR_llr,363.25,from_multivar,9
bjets_dR_x_bjet0_pt_x_bjet1_pt_x_trijet_mInv_x_trijet_pt_rat_x_trijet_bijet_dR_llr,363.25,from_multivar,6
lep0_pt_x_bjets_pt_bb_x_bjet0_pt_x_blnu_mT_x_trijet_mInv_x_trijet_pt_llr,363.25,from_multivar,6
bjets_mbb_x_bjets_dR_x_bjet0_pt_x_blnu_mT_llr,363.25,from_multivar,4
bjets_pt_bb_x_bjet1_pt_x_blnu_pt_x_trijet_mInv_llr,363.25,from_multivar,4
lep0_pt_x_bjets_mbb_x_bjets_dR_x_bjet0_pt_x_trijet_mInv_llr,363.25,from_multivar,5
bjets_mbb_x_bjet0_pt_x_bjet1_pt_x_trijet_mInv_x_trijet_pt_rat_x_trijet_bijet_dR_llr,363.5,from_multivar,6
lep0_pt_x_bjets_mbb_x_bjets_dR_x_bjet1_pt_x_trijet_mInv_llr,363.625,from_multivar,5
bjets_mbb_x_bjet0_pt_x_bjet1_pt_x_trijet_pt_rat_x_trijet_bijet_dR_llr,363.625,from_multivar,5
lep0_pt_x_bjets_mbb_x_bjets_dR_x_bjet1_pt_x_blnu_mT_x_blnu_pt_x_trijet_pt_llr,363.75,from_multivar,7
bjets_mbb_x_bjets_dR_x_bjet0_pt_x_trijet_mInv_llr,363.75,from_multivar,4
bjets_pt_bb_x_bjet0_pt_x_trijet_mInv_x_trijet_pt_x_trijet_pt_rat_llr,363.875,from_multivar,5
bjets_pt_bb_x_blnu_pt_x_trijet_mInv_x_trijet_pt_x_trijet_pt_rat_llr,363.875,from_multivar,5
lep0_pt_x_bjets_pt_bb_x_bjet1_pt_x_blnu_pt_x_trijet_mInv_llr,364.25,from_multivar,5
bjets_pt_bb_x_bjet0_pt_x_bjet1_pt_x_trijet_pt_x_trijet_pt_rat_llr,364.25,from_multivar,5
bjets_dR_x_bjet0_pt_x_bjet1_pt_x_blnu_pt_x_trijet_mInv_llr,364.25,from_multivar,5
lep0_pt_x_bjets_pt_bb_x_bjet0_pt_x_blnu_pt_x_trijet_mInv_x_trijet_pt_x_trijet_bijet_dR_llr,364.25,from_multivar,7
bjets_pt_bb_x_bjet0_pt_x_bjet1_pt_x_blnu_pt_x_trijet_pt_rat_x_trijet_bijet_dR_llr,364.25,from_multivar,6
bjets_pt_bb_x_bjet1_pt_x_blnu_pt_x_trijet_pt_x_trijet_bijet_dR_llr,364.5,from_multivar,5
lep0_pt_x_bjets_pt_bb_x_bjet1_pt_x_blnu_mT_x_blnu_pt_x_trijet_mInv_x_trijet_pt_rat_llr,364.5,from_multivar,7
lep0_pt_x_bjets_dR_x_bjet0_pt_x_bjet1_pt_x_trijet_mInv_x_trijet_pt_llr,364.5,from_multivar,6
bjets_mbb_x_bjets_dR_x_blnu_mT_x_trijet_pt_x_trijet_pt_rat_llr,364.75,from_multivar,5
bjets_dR_x_bjet0_pt_x_bjet1_pt_x_blnu_pt_x_trijet_mInv_x_trijet_bijet_dR_llr,364.75,from_multivar,6
bjets_dR_x_bjet0_pt_x_bjet1_pt_x_blnu_mT_x_trijet_pt_rat_x_trijet_bijet_dR_llr,364.875,from_multivar,6
bjets_pt_bb_x_bjet0_pt_x_bjet1_pt_x_blnu_mT_x_blnu_pt_x_trijet_mInv_x_trijet_pt_rat_x_trijet_bijet_dR_llr,364.875,from_multivar,8
bjets_pt_bb_x_bjet0_pt_x_blnu_mT_x_blnu_pt_x_trijet_pt_x_trijet_pt_rat_x_trijet_bijet_dR_llr,364.9688,from_multivar,7
lep0_pt_x_bjets_mbb_x_bjets_dR_x_trijet_mInv_llr,365.25,from_multivar,4
bjets_pt_bb_x_bjet0_pt_x_bjet1_pt_x_blnu_mT_x_trijet_pt_llr,365.25,from_multivar,5
bjets_mbb_x_bjet0_pt_x_trijet_mInv_x_trijet_pt_rat_x_trijet_bijet_dR_llr,365.25,from_multivar,5
lep0_pt_x_bjets_mbb_x_bjets_dR_x_bjet1_pt_x_blnu_mT_x_trijet_mInv_x_trijet_pt_x_trijet_pt_rat_llr,365.25,from_multivar,8
bjets_pt_bb_x_bjet0_pt_x_bjet1_pt_x_blnu_mT_x_trijet_mInv_x_trijet_pt_x_trijet_pt_rat_llr,365.25,from_multivar,7
bjets_mbb_x_bjet0_pt_x_trijet_pt_rat_x_trijet_bijet_dR_llr,365.5,from_multivar,4
lep0_pt_x_bjets_pt_bb_x_bjet0_pt_x_blnu_mT_x_blnu_pt_x_trijet_pt_x_trijet_pt_rat_llr,365.625,from_multivar,7
lep0_pt_x_bjets_pt_bb_x_bjet0_pt_x_bjet1_pt_x_blnu_mT_x_trijet_mInv_x_trijet_pt_x_trijet_pt_rat_llr,365.75,from_multivar,8
lep0_pt_x_bjets_dR_x_bjet0_pt_x_bjet1_pt_x_trijet_mInv_x_trijet_pt_rat_x_trijet_bijet_dR_llr,365.75,from_multivar,7
lep0_pt_x_bjets_dR_x_bjet0_pt_x_bjet1_pt_x_blnu_pt_x_trijet_mInv_x_trijet_pt_rat_x_trijet_bijet_dR_llr,365.75,from_multivar,8
lep0_pt_x_bjets_mbb_x_bjets_dR_x_blnu_mT_x_trijet_mInv_x_trijet_pt_x_trijet_bijet_dR_llr,365.875,from_multivar,7
bjets_mbb_x_bjet0_pt_x_blnu_mT_x_trijet_mInv_x_trijet_pt_rat_llr,365.875,from_multivar,5
bjets_mbb_x_bjet0_pt_x_blnu_pt_x_trijet_pt_rat_llr,365.875,from_multivar,4
bjets_pt_bb_x_bjet0_pt_x_blnu_pt_x_trijet_pt_rat_x_trijet_bijet_dR_llr,365.9375,from_multivar,5
lep0_pt_x_bjets_pt_bb_x_bjet1_pt_x_blnu_pt_x_trijet_mInv_x_trijet_pt_x_trijet_pt_rat_llr,366.0,from_multivar,7
bjets_pt_bb_x_bjet1_pt_x_blnu_pt_x_trijet_bijet_dR_llr,366.25,from_multivar,4
lep0_pt_x_bjets_pt_bb_x_bjet0_pt_x_bjet1_pt_x_blnu_mT_x_blnu_pt_x_trijet_pt_x_trijet_bijet_dR_llr,366.25,from_multivar,8
bjets_mbb_x_bjets_dR_x_trijet_mInv_llr,366.25,from_multivar,3
bjets_pt_bb_x_bjet0_pt_x_blnu_mT_x_trijet_mInv_x_trijet_pt_llr,366.25,from_multivar,5
bjets_dR_x_bjet0_pt_x_blnu_mT_x_trijet_mInv_x_trijet_pt_rat_x_trijet_bijet_dR_llr,366.25,from_multivar,6
lep0_pt_x_bjets_mbb_x_bjet0_pt_x_trijet_mInv_x_trijet_pt_rat_x_trijet_bijet_dR_llr,366.25,from_multivar,6
lep0_pt_x_bjets_mbb_x_bjets_dR_x_trijet_pt_x_trijet_pt_rat_x_trijet_bijet_dR_llr,366.25,from_multivar,6
lep0_pt_x_bjets_mbb_x_bjets_pt_bb_x_bjet0_pt_x_bjet1_pt_llr,366.25,from_multivar,5
bjets_pt_bb_x_bjet1_pt_x_blnu_pt_x_trijet_pt_x_trijet_pt_rat_llr,366.25,from_multivar,5
lep0_pt_x_bjets_dR_x_bjet0_pt_x_trijet_bijet_dR_llr,366.5,from_multivar,4
lep0_pt_x_bjets_mbb_x_bjet0_pt_x_bjet1_pt_x_trijet_pt_rat_x_trijet_bijet_dR_llr,366.625,from_multivar,6
bjets_mbb_x_bjets_dR_x_blnu_mT_x_blnu_pt_x_trijet_mInv_x_trijet_pt_rat_x_trijet_bijet_dR_llr,366.625,from_multivar,7
lep0_pt_x_bjets_pt_bb_x_bjet0_pt_x_blnu_mT_x_trijet_pt_llr,366.625,from_multivar,5
lep0_pt_x_bjets_pt_bb_x_bjet0_pt_x_bjet1_pt_x_blnu_mT_x_blnu_pt_x_trijet_mInv_x_trijet_pt_rat_x_trijet_bijet_dR_llr,366.75,from_multivar,9
lep0_pt_x_bjets_mbb_x_bjets_dR_x_blnu_mT_x_trijet_mInv_llr,366.75,from_multivar,5
bjets_mbb_x_bjets_dR_x_bjet1_pt_x_blnu_mT_x_blnu_pt_x_trijet_mInv_x_trijet_pt_x_trijet_bijet_dR_llr,366.8125,from_multivar,8
lep0_pt_x_bjets_pt_bb_x_blnu_pt_x_trijet_mInv_x_trijet_pt_x_trijet_pt_rat_llr,366.875,from_multivar,6
lep0_pt_x_bjets_pt_bb_x_bjet0_pt_x_blnu_mT_x_trijet_pt_x_trijet_bijet_dR_llr,366.875,from_multivar,6
bjets_mbb_x_bjet0_pt_x_bjet1_pt_x_trijet_mInv_x_trijet_pt_x_trijet_pt_rat_llr,366.875,from_multivar,6
bjets_mbb_x_bjet0_pt_x_bjet1_pt_x_blnu_pt_x_trijet_mInv_x_trijet_pt_llr,366.875,from_multivar,6
lep0_pt_x_bjets_pt_bb_x_bjet0_pt_x_blnu_mT_x_blnu_pt_x_trijet_pt_x_trijet_pt_rat_x_trijet_bijet_dR_llr,367.25,from_multivar,8
lep0_pt_x_bjets_pt_bb_x_trijet_mInv_x_trijet_pt_x_trijet_pt_rat_llr,367.25,from_multivar,5
lep0_pt_x_bjets_pt_bb_x_bjet0_pt_x_bjet1_pt_x_trijet_mInv_x_trijet_pt_x_trijet_pt_rat_llr,367.25,from_multivar,7
lep0_pt_x_bjets_dR_x_bjet0_pt_x_blnu_pt_x_trijet_mInv_llr,367.5,from_multivar,5
lep0_pt_x_bjets_pt_bb_x_bjet0_pt_x_bjet1_pt_x_trijet_pt_x_trijet_bijet_dR_llr,367.5,from_multivar,6
lep0_pt_x_bjets_mbb_x_bjets_dR_x_blnu_mT_x_trijet_pt_x_trijet_bijet_dR_llr,367.5,from_multivar,6
bjets_pt_bb_x_bjet1_pt_x_blnu_mT_x_blnu_pt_x_trijet_pt_x_trijet_pt_rat_llr,367.625,from_multivar,6
lep0_pt_x_bjets_mbb_x_bjet0_pt_x_blnu_pt_x_trijet_mInv_x_trijet_pt_rat_llr,367.75,from_multivar,6
lep0_pt_x_bjets_mbb_x_bjets_dR_x_blnu_mT_x_blnu_pt_x_trijet_mInv_x_trijet_pt_rat_x_trijet_bijet_dR_llr,367.8125,from_multivar,8
bjets_dR_x_bjet0_pt_x_bjet1_pt_x_blnu_mT_x_trijet_mInv_x_trijet_pt_llr,367.875,from_multivar,6
lep0_pt_x_bjets_mbb_x_bjets_pt_bb_x_bjet0_pt_llr,367.9375,from_multivar,4
bjets_pt_bb_x_bjet1_pt_x_trijet_mInv_x_trijet_pt_x_trijet_pt_rat_llr,368.0,from_multivar,5
lep0_pt_x_bjets_pt_bb_x_bjet1_pt_x_blnu_pt_x_trijet_pt_x_trijet_pt_rat_llr,368.25,from_multivar,6
lep0_pt_x_bjets_mbb_x_bjets_dR_x_bjet0_pt_llr,368.25,from_multivar,4
bjets_mbb_x_bjet0_pt_x_bjet1_pt_x_blnu_mT_x_trijet_pt_rat_llr,368.25,from_multivar,5
lep0_pt_x_bjets_mbb_x_bjets_dR_x_bjet1_pt_x_blnu_mT_x_trijet_pt_x_trijet_pt_rat_llr,368.25,from_multivar,7
lep0_pt_x_bjets_pt_bb_x_bjet1_pt_x_trijet_mInv_x_trijet_pt_x_trijet_pt_rat_llr,368.25,from_multivar,6
bjets_dR_x_bjet0_pt_x_blnu_pt_x_trijet_mInv_x_trijet_pt_rat_llr,368.25,from_multivar,5
lep0_pt_x_bjets_mbb_x_bjets_dR_x_blnu_pt_x_trijet_pt_x_trijet_pt_rat_llr,368.5,from_multivar,6
lep0_pt_x_bjets_pt_bb_x_bjet0_pt_x_blnu_mT_x_trijet_mInv_x_trijet_pt_x_trijet_pt_rat_llr,368.625,from_multivar,7
lep0_pt_x_bjets_dR_x_bjet0_pt_x_blnu_pt_x_trijet_mInv_x_trijet_pt_rat_x_trijet_bijet_dR_llr,368.75,from_multivar,7
bjets_dR_x_bjet0_pt_x_bjet1_pt_x_trijet_mInv_x_trijet_pt_llr,368.8125,from_multivar,5
lep0_pt_x_bjets_pt_bb_x_bjet0_pt_x_bjet1_pt_x_blnu_pt_x_trijet_mInv_x_trijet_pt_rat_x_trijet_bijet_dR_llr,368.875,from_multivar,8
lep0_pt_x_bjets_pt_bb_x_bjet0_pt_x_blnu_mT_x_blnu_pt_x_trijet_mInv_x_trijet_pt_x_trijet_pt_rat_x_trijet_bijet_dR_llr,368.875,from_multivar,9
lep0_pt_x_bjets_dR_x_bjet0_pt_x_bjet1_pt_x_blnu_mT_x_trijet_mInv_x_trijet_pt_rat_x_trijet_bijet_dR_llr,368.9375,from_multivar,8
bjets_pt_bb_x_bjet0_pt_x_blnu_mT_x_trijet_pt_llr,368.9375,from_multivar,4
bjets_dR_x_bjet0_pt_x_trijet_mInv_x_trijet_pt_rat_x_trijet_bijet_dR_llr,369.25,from_multivar,5
bjets_pt_bb_x_bjet0_pt_x_blnu_mT_x_trijet_pt_x_trijet_bijet_dR_llr,369.25,from_multivar,5
lep0_pt_x_bjets_mbb_x_bjet0_pt_x_bjet1_pt_x_trijet_mInv_x_trijet_pt_llr,369.25,from_multivar,6
bjets_dR_x_bjet0_pt_x_blnu_mT_x_blnu_pt_x_trijet_mInv_x_trijet_pt_rat_llr,369.5,from_multivar,6
bjets_pt_bb_x_bjet0_pt_x_blnu_mT_x_blnu_pt_x_trijet_mInv_x_trijet_bijet_dR_llr,369.5,from_multivar,6
bjets_mbb_x_bjets_dR_x_bjet1_pt_x_trijet_mInv_x_trijet_pt_x_trijet_pt_rat_x_trijet_bijet_dR_llr,369.625,from_multivar,7
lep0_pt_x_bjets_mbb_x_bjet0_pt_x_bjet1_pt_x_blnu_pt_x_trijet_mInv_x_trijet_pt_rat_llr,369.625,from_multivar,7
bjets_mbb_x_bjet0_pt_x_bjet1_pt_x_blnu_mT_x_trijet_mInv_x_trijet_pt_rat_llr,369.625,from_multivar,6
lep0_pt_x_bjets_pt_bb_x_bjet0_pt_x_blnu_pt_x_trijet_pt_rat_x_trijet_bijet_dR_llr,369.625,from_multivar,6
bjets_mbb_x_bjets_dR_x_trijet_mInv_x_trijet_pt_x_trijet_pt_rat_x_trijet_bijet_dR_llr,369.625,from_multivar,6
lep0_pt_x_bjets_dR_x_bjet0_pt_x_trijet_mInv_x_trijet_bijet_dR_llr,369.625,from_multivar,5
lep0_pt_x_bjets_dR_x_bjets_pt_bb_x_blnu_mT_x_trijet_mInv_llr,369.625,from_multivar,5
bjets_pt_bb_x_bjet0_pt_x_blnu_mT_x_blnu_pt_x_trijet_mInv_x_trijet_pt_x_trijet_pt_rat_x_trijet_bijet_dR_llr,369.75,from_multivar,8
lep0_pt_x_bjets_dR_x_bjet0_pt_x_blnu_mT_x_trijet_bijet_dR_llr,369.75,from_multivar,5
bjets_dR_x_bjet0_pt_x_bjet1_pt_x_blnu_mT_x_blnu_pt_x_trijet_mInv_x_trijet_bijet_dR_llr,369.75,from_multivar,7
lep0_pt_x_bjets_pt_bb_x_bjet0_pt_x_blnu_mT_x_blnu_pt_x_trijet_mInv_x_trijet_pt_rat_x_trijet_bijet_dR_llr,369.75,from_multivar,8
bjets_pt_bb_x_bjet0_pt_x_blnu_mT_x_blnu_pt_x_trijet_pt_rat_x_trijet_bijet_dR_llr,369.875,from_multivar,6
bjets_pt_bb_x_bjet0_pt_x_blnu_pt_x_trijet_mInv_x_trijet_pt_rat_x_trijet_bijet_dR_llr,369.875,from_multivar,6
lep0_pt_x_bjets_pt_bb_x_bjet0_pt_x_blnu_mT_x_blnu_pt_x_trijet_pt_x_trijet_bijet_dR_llr,369.875,from_multivar,7
bjets_pt_bb_x_bjet0_pt_x_bjet1_pt_x_blnu_pt_x_trijet_mInv_x_trijet_pt_rat_x_trijet_bijet_dR_llr,369.875,from_multivar,7
bjets_pt_bb_x_bjet0_pt_x_bjet1_pt_x_blnu_mT_x_blnu_pt_x_trijet_mInv_x_trijet_pt_x_trijet_pt_rat_x_trijet_bijet_dR_llr,369.9375,from_multivar,9
bjets_dR_x_bjets_pt_bb_x_blnu_mT_x_trijet_mInv_llr,370.0,from_multivar,4
lep0_pt_x_bjets_dR_x_bjet0_pt_x_blnu_pt_x_trijet_bijet_dR_llr,370.0,from_multivar,5
bjets_dR_x_bjet0_pt_x_blnu_pt_x_trijet_mInv_llr,370.25,from_multivar,4
bjets_mbb_x_bjets_pt_bb_x_bjet0_pt_llr,370.25,from_multivar,3
lep0_pt_x_bjets_dR_x_bjets_pt_bb_x_blnu_mT_llr,370.25,from_multivar,4
lep0_pt_x_bjets_mbb_x_bjets_dR_x_blnu_pt_x_trijet_pt_x_trijet_bijet_dR_llr,370.25,from_multivar,6
lep0_pt_x_bjets_dR_x_bjet0_pt_x_bjet1_pt_x_trijet_mInv_x_trijet_bijet_dR_llr,370.25,from_multivar,6
bjets_pt_bb_x_bjet0_pt_x_bjet1_pt_x_blnu_mT_x_blnu_pt_x_trijet_bijet_dR_llr,370.25,from_multivar,6
bjets_mbb_x_bjet0_pt_x_bjet1_pt_x_trijet_pt_llr,370.625,from_multivar,4
bjets_mbb_x_bjets_pt_bb_x_bjet0_pt_x_bjet1_pt_llr,370.625,from_multivar,4
lep0_pt_x_bjets_pt_bb_x_bjet0_pt_x_blnu_mT_x_blnu_pt_x_trijet_bijet_dR_llr,370.625,from_multivar,6
lep0_pt_x_bjets_mbb_x_bjets_dR_x_bjet1_pt_x_blnu_mT_x_blnu_pt_x_trijet_mInv_x_trijet_pt_x_trijet_bijet_dR_llr,370.625,from_multivar,9
bjets_pt_bb_x_bjet0_pt_x_bjet1_pt_x_blnu_mT_x_trijet_mInv_x_trijet_pt_llr,370.625,from_multivar,6
bjets_pt_bb_x_bjet1_pt_x_blnu_mT_x_trijet_mInv_x_trijet_pt_x_trijet_pt_rat_llr,370.625,from_multivar,6
bjets_mbb_x_bjet0_pt_x_blnu_mT_x_trijet_pt_rat_llr,370.75,from_multivar,4
lep0_pt_x_bjets_pt_bb_x_bjet0_pt_x_blnu_mT_x_blnu_pt_x_trijet_pt_rat_x_trijet_bijet_dR_llr,370.75,from_multivar,7
lep0_pt_x_bjets_pt_bb_x_bjet0_pt_x_blnu_pt_x_trijet_mInv_x_trijet_bijet_dR_llr,370.9375,from_multivar,6
lep0_pt_x_bjets_pt_bb_x_bjet0_pt_x_bjet1_pt_x_blnu_mT_x_trijet_pt_x_trijet_pt_rat_llr,371.25,from_multivar,7
lep0_pt_x_bjets_pt_bb_x_bjet0_pt_x_blnu_pt_x_trijet_mInv_x_trijet_pt_rat_x_trijet_bijet_dR_llr,371.25,from_multivar,7
lep0_pt_x_bjets_mbb_x_bjets_dR_x_bjet1_pt_x_blnu_mT_x_trijet_pt_x_trijet_bijet_dR_llr,371.25,from_multivar,7
lep0_pt_x_bjets_dR_x_bjet0_pt_x_bjet1_pt_x_blnu_pt_x_trijet_pt_rat_llr,371.25,from_multivar,6
bjets_dR_x_bjet0_pt_x_bjet1_pt_x_blnu_pt_llr,371.25,from_multivar,4
lep0_pt_x_bjets_dR_x_bjet0_pt_x_trijet_mInv_x_trijet_pt_x_trijet_bijet_dR_llr,371.25,from_multivar,6
lep0_pt_x_bjets_mbb_x_bjets_dR_x_blnu_mT_x_blnu_pt_x_trijet_pt_llr,371.5,from_multivar,6
lep0_pt_x_bjets_dR_x_bjet0_pt_x_blnu_mT_x_trijet_mInv_x_trijet_bijet_dR_llr,371.5,from_multivar,6
lep0_pt_x_bjets_pt_bb_x_bjet0_pt_x_trijet_pt_x_trijet_bijet_dR_llr,371.625,from_multivar,5
bjets_mbb_x_bjets_dR_x_bjet0_pt_llr,371.625,from_multivar,3
bjets_mbb_x_bjet0_pt_x_bjet1_pt_x_trijet_pt_x_trijet_pt_rat_llr,371.625,from_multivar,5
bjets_dR_x_bjet0_pt_x_blnu_mT_x_trijet_mInv_x_trijet_bijet_dR_llr,371.625,from_multivar,5
lep0_pt_x_bjets_dR_x_bjet0_pt_x_blnu_pt_x_trijet_pt_rat_x_trijet_bijet_dR_llr,371.625,from_multivar,6
bjets_mbb_x_bjets_dR_x_bjet1_pt_x_trijet_pt_x_trijet_pt_rat_x_trijet_bijet_dR_llr,371.625,from_multivar,6
lep0_pt_x_bjets_mbb_x_bjets_dR_x_trijet_mInv_x_trijet_pt_x_trijet_pt_rat_x_trijet_bijet_dR_llr,371.625,from_multivar,7
lep0_pt_x_bjets_dR_x_bjet0_pt_x_bjet1_pt_x_blnu_pt_x_trijet_bijet_dR_llr,371.75,from_multivar,6
bjets_pt_bb_x_blnu_pt_x_trijet_pt_x_trijet_bijet_dR_llr,371.8125,from_multivar,4
bjets_dR_x_bjet0_pt_x_bjet1_pt_x_blnu_pt_x_trijet_mInv_x_trijet_pt_llr,371.875,from_multivar,6
lep0_pt_x_bjets_dR_x_bjet0_pt_x_bjet1_pt_x_trijet_mInv_x_trijet_pt_rat_llr,372.25,from_multivar,6
bjets_mbb_x_bjets_dR_x_blnu_mT_x_blnu_pt_x_trijet_pt_rat_x_trijet_bijet_dR_llr,372.25,from_multivar,6
bjets_dR_x_bjet0_pt_x_blnu_pt_x_trijet_mInv_x_trijet_pt_rat_x_trijet_bijet_dR_llr,372.25,from_multivar,6
bjets_dR_x_bjet0_pt_x_blnu_pt_x_trijet_mInv_x_trijet_bijet_dR_llr,372.25,from_multivar,5
lep0_pt_x_bjets_pt_bb_x_bjet0_pt_x_bjet1_pt_x_blnu_mT_x_trijet_mInv_x_trijet_pt_llr,372.25,from_multivar,7
lep0_pt_x_bjets_pt_bb_x_bjet1_pt_x_trijet_pt_x_trijet_bijet_dR_llr,372.25,from_multivar,5
bjets_mbb_x_bjets_dR_x_blnu_mT_x_trijet_pt_x_trijet_bijet_dR_llr,372.25,from_multivar,5
bjets_mbb_x_bjets_dR_x_blnu_mT_x_blnu_pt_x_trijet_pt_x_trijet_pt_rat_llr,372.5,from_multivar,6
lep0_pt_x_bjets_pt_bb_x_bjet0_pt_x_bjet1_pt_x_blnu_mT_x_trijet_pt_llr,372.625,from_multivar,6
lep0_pt_x_bjets_mbb_x_bjets_dR_x_bjet1_pt_x_blnu_mT_x_trijet_mInv_x_trijet_pt_x_trijet_pt_rat_x_trijet_bijet_dR_llr,372.75,from_multivar,9
bjets_pt_bb_x_bjet1_pt_x_blnu_mT_x_blnu_pt_x_trijet_bijet_dR_llr,372.875,from_multivar,5
bjets_pt_bb_x_bjet0_pt_x_bjet1_pt_x_trijet_pt_x_trijet_pt_rat_x_trijet_bijet_dR_llr,372.9375,from_multivar,6
bjets_pt_bb_x_blnu_mT_x_trijet_mInv_x_trijet_pt_x_trijet_pt_rat_llr,372.9688,from_multivar,5
lep0_pt_x_bjets_mbb_x_bjets_dR_x_bjet1_pt_x_blnu_mT_x_blnu_pt_x_trijet_mInv_x_trijet_pt_x_trijet_pt_rat_llr,373.0,from_multivar,9
lep0_pt_x_bjets_mbb_x_bjets_dR_x_blnu_mT_x_trijet_mInv_x_trijet_pt_x_trijet_pt_rat_llr,373.0,from_multivar,7
lep0_pt_x_bjets_pt_bb_x_bjet0_pt_x_blnu_mT_x_trijet_mInv_x_trijet_pt_x_trijet_pt_rat_x_trijet_bijet_dR_llr,373.0,from_multivar,8
bjets_dR_x_bjet0_pt_x_blnu_mT_x_trijet_mInv_x_trijet_pt_llr,373.0,from_multivar,5
bjets_pt_bb_x_bjet1_pt_x_blnu_pt_x_trijet_mInv_x_trijet_bijet_dR_llr,373.25,from_multivar,5
lep0_pt_x_bjets_pt_bb_x_bjet0_pt_x_blnu_pt_x_trijet_bijet_dR_llr,373.25,from_multivar,5
bjets_pt_bb_x_bjet0_pt_x_bjet1_pt_x_blnu_mT_x_blnu_pt_llr,373.25,from_multivar,5
bjets_dR_x_bjet0_pt_x_bjet1_pt_x_blnu_pt_x_trijet_pt_rat_llr,373.25,from_multivar,5
bjets_dR_x_bjet0_pt_x_bjet1_pt_x_blnu_mT_x_trijet_mInv_x_trijet_bijet_dR_llr,373.25,from_multivar,6
bjets_pt_bb_x_blnu_mT_x_blnu_pt_x_trijet_mInv_x_trijet_pt_x_trijet_pt_rat_llr,373.25,from_multivar,6
bjets_pt_bb_x_bjet0_pt_x_trijet_mInv_x_trijet_pt_x_trijet_pt_rat_x_trijet_bijet_dR_llr,373.625,from_multivar,6
lep0_pt_x_bjets_mbb_x_bjet0_pt_x_bjet1_pt_x_blnu_mT_x_trijet_pt_rat_llr,373.625,from_multivar,6
lep0_pt_x_bjets_mbb_x_bjets_dR_x_bjet1_pt_x_blnu_pt_x_trijet_pt_x_trijet_bijet_dR_llr,373.625,from_multivar,7
bjets_dR_vs_mbb_llr,373.625,from_2D,2
lep0_pt_x_bjets_pt_bb_x_bjet0_pt_x_bjet1_pt_x_blnu_pt_x_trijet_pt_rat_x_trijet_bijet_dR_llr,373.625,from_multivar,7
bjets_pt_bb_x_blnu_mT_x_blnu_pt_x_trijet_mInv_x_trijet_pt_rat_x_trijet_bijet_dR_llr,373.75,from_multivar,6
lep0_pt_x_bjets_dR_x_bjets_pt_bb_x_bjet1_pt_x_blnu_mT_x_trijet_mInv_llr,373.75,from_multivar,6
lep0_pt_x_bjets_pt_bb_x_bjet0_pt_x_bjet1_pt_x_blnu_mT_x_blnu_pt_x_trijet_mInv_x_trijet_pt_x_trijet_pt_rat_x_trijet_bijet_dR_llr,373.75,from_multivar,10
lep0_pt_x_bjets_pt_bb_x_bjet0_pt_x_bjet1_pt_x_blnu_pt_x_trijet_bijet_dR_llr,373.8125,from_multivar,6
bjets_pt_bb_x_trijet_mInv_x_trijet_pt_x_trijet_pt_rat_llr,373.875,from_multivar,4
bjets_pt_bb_x_bjet1_pt_x_trijet_pt_x_trijet_pt_rat_llr,374.0,from_multivar,4
bjets_pt_bb_x_bjet0_pt_x_bjet1_pt_x_blnu_pt_x_trijet_mInv_x_trijet_bijet_dR_llr,374.0,from_multivar,6
bjets_pt_bb_x_bjet0_pt_x_bjet1_pt_x_blnu_mT_x_blnu_pt_x_trijet_pt_rat_x_trijet_bijet_dR_llr,374.25,from_multivar,7
bjets_pt_bb_x_blnu_pt_x_trijet_pt_x_trijet_pt_rat_llr,374.25,from_multivar,4
bjets_dR_x_bjet0_pt_x_bjet1_pt_x_blnu_mT_x_blnu_pt_x_trijet_pt_rat_llr,374.25,from_multivar,6
lep0_pt_x_bjets_dR_x_bjet0_pt_x_trijet_mInv_x_trijet_pt_rat_llr,374.25,from_multivar,5
bjets_pt_bb_x_bjet1_pt_x_blnu_mT_x_blnu_pt_x_trijet_mInv_x_trijet_bijet_dR_llr,374.5,from_multivar,6
bjets_dR_x_bjets_pt_bb_x_blnu_mT_llr,374.5,from_multivar,3
lep0_pt_x_bjets_pt_bb_x_bjet0_pt_x_trijet_pt_x_trijet_pt_rat_x_trijet_bijet_dR_llr,374.625,from_multivar,6
bjets_mbb_x_bjet0_pt_x_blnu_mT_x_trijet_mInv_x_trijet_pt_rat_x_trijet_bijet_dR_llr,374.625,from_multivar,6
bjets_dR_x_bjet0_pt_x_blnu_mT_x_blnu_pt_x_trijet_bijet_dR_llr,374.625,from_multivar,5
bjets_mbb_x_bjets_dR_x_blnu_mT_x_blnu_pt_x_trijet_mInv_x_trijet_pt_x_trijet_pt_rat_llr,374.625,from_multivar,7
lep0_pt_x_bjets_dR_x_bjet0_pt_x_trijet_mInv_x_trijet_pt_llr,374.75,from_multivar,5
bjets_mbb_x_bjets_dR_x_bjet1_pt_x_blnu_mT_x_blnu_pt_x_trijet_pt_x_trijet_pt_rat_llr,374.8125,from_multivar,7
bjets_dR_x_bjet0_pt_x_bjet1_pt_x_trijet_mInv_x_trijet_pt_x_trijet_bijet_dR_llr,374.875,from_multivar,6
bjets_pt_bb_x_blnu_pt_x_trijet_bijet_dR_llr,374.9375,from_multivar,3
lep0_pt_x_bjets_pt_bb_x_bjet1_pt_x_trijet_pt_x_trijet_pt_rat_llr,374.9375,from_multivar,5
lep0_pt_x_bjets_dR_x_bjet0_pt_x_bjet1_pt_x_blnu_mT_x_trijet_pt_rat_llr,375.0,from_multivar,6
bjets_pt_bb_x_bjet1_pt_x_blnu_pt_x_trijet_mInv_x_trijet_pt_x_trijet_bijet_dR_llr,375.0,from_multivar,6
lep0_pt_x_bjets_mbb_x_bjet0_pt_x_bjet1_pt_x_trijet_pt_x_trijet_pt_rat_llr,375.25,from_multivar,6
bjets_dR_x_bjets_pt_bb_x_bjet1_pt_x_blnu_mT_x_trijet_mInv_llr,375.25,from_multivar,5
lep0_pt_x_bjets_pt_bb_x_blnu_pt_x_trijet_mInv_x_trijet_bijet_dR_llr,375.25,from_multivar,5
lep0_pt_x_bjets_pt_bb_x_bjet0_pt_x_bjet1_pt_x_blnu_pt_x_trijet_mInv_x_trijet_pt_x_trijet_pt_rat_x_trijet_bijet_dR_llr,375.25,from_multivar,9
bjets_mbb_x_bjets_dR_x_bjet1_pt_x_blnu_mT_x_blnu_pt_x_trijet_pt_rat_x_trijet_bijet_dR_llr,375.25,from_multivar,7
bjets_mbb_x_bjet0_pt_x_trijet_pt_llr,375.5,from_multivar,3
lep0_pt_x_bjets_pt_bb_x_bjet0_pt_x_trijet_pt_llr,375.5,from_multivar,4
lep0_pt_x_bjets_mbb_x_bjets_dR_x_blnu_mT_x_blnu_pt_x_trijet_mInv_x_trijet_pt_x_trijet_bijet_dR_llr,375.625,from_multivar,8
bjets_pt_bb_x_bjet1_pt_x_blnu_pt_x_trijet_mInv_x_trijet_pt_rat_x_trijet_bijet_dR_llr,375.8125,from_multivar,6
lep0_pt_x_bjets_pt_bb_x_trijet_pt_x_trijet_pt_rat_llr,375.875,from_multivar,4
lep0_pt_x_bjets_pt_bb_x_bjet1_pt_x_blnu_pt_x_trijet_bijet_dR_llr,376.25,from_multivar,5
bjets_pt_bb_x_bjet0_pt_x_bjet1_pt_x_blnu_mT_x_blnu_pt_x_trijet_pt_x_trijet_pt_rat_x_trijet_bijet_dR_llr,376.25,from_multivar,8
bjets_pt_bb_x_bjet0_pt_x_bjet1_pt_x_blnu_mT_x_blnu_pt_x_trijet_mInv_llr,376.25,from_multivar,6
lep0_pt_x_bjets_mbb_x_bjets_dR_x_blnu_mT_x_trijet_pt_x_trijet_pt_rat_llr,376.25,from_multivar,6
bjets_pt_bb_x_bjet0_pt_x_bjet1_pt_x_blnu_pt_x_trijet_mInv_x_trijet_pt_x_trijet_pt_rat_x_trijet_bijet_dR_llr,376.25,from_multivar,8
lep0_pt_x_bjets_mbb_x_bjet0_pt_x_blnu_mT_x_trijet_mInv_x_trijet_pt_rat_llr,376.5,from_multivar,6
bjets_dR_x_bjet0_pt_x_blnu_mT_x_blnu_pt_x_trijet_mInv_x_trijet_pt_rat_x_trijet_bijet_dR_llr,376.5,from_multivar,7
bjets_pt_bb_x_bjet0_pt_x_blnu_mT_x_blnu_pt_x_trijet_bijet_dR_llr,376.5,from_multivar,5
bjets_mbb_x_bjets_dR_x_blnu_mT_x_blnu_pt_x_trijet_mInv_x_trijet_pt_x_trijet_bijet_dR_llr,376.625,from_multivar,7
lep0_pt_x_bjets_dR_x_bjet0_pt_x_blnu_mT_x_trijet_mInv_x_trijet_pt_rat_x_trijet_bijet_dR_llr,376.625,from_multivar,7
lep0_pt_x_bjets_dR_x_bjet0_pt_x_bjet1_pt_x_trijet_bijet_dR_llr,376.625,from_multivar,5
lep0_pt_x_bjets_pt_bb_x_blnu_pt_x_trijet_mInv_x_trijet_pt_x_trijet_bijet_dR_llr,376.75,from_multivar,6
bjets_pt_bb_x_bjet0_pt_x_blnu_mT_x_blnu_pt_x_trijet_mInv_llr,376.8125,from_multivar,5
lep0_pt_x_bjets_dR_x_bjet0_pt_x_bjet1_pt_x_blnu_mT_x_trijet_bijet_dR_llr,376.875,from_multivar,6
bjets_pt_bb_x_trijet_pt_x_trijet_pt_rat_llr,376.875,from_multivar,3
bjets_pt_bb_x_blnu_mT_x_blnu_pt_x_trijet_mInv_x_trijet_pt_x_trijet_bijet_dR_llr,376.875,from_multivar,6
lep0_pt_x_bjets_mbb_x_bjets_dR_x_blnu_mT_x_blnu_pt_x_trijet_pt_rat_x_trijet_bijet_dR_llr,377.0,from_multivar,7
lep0_pt_x_bjets_dR_x_bjet0_pt_x_bjet1_pt_x_blnu_mT_x_blnu_pt_x_trijet_mInv_x_trijet_bijet_dR_llr,377.25,from_multivar,8
bjets_pt_bb_x_bjet0_pt_x_blnu_mT_x_blnu_pt_x_trijet_mInv_x_trijet_pt_rat_x_trijet_bijet_dR_llr,377.25,from_multivar,7
bjets_pt_bb_x_bjet0_pt_x_bjet1_pt_x_blnu_mT_x_trijet_mInv_x_trijet_pt_x_trijet_pt_rat_x_trijet_bijet_dR_llr,377.25,from_multivar,8
lep0_pt_x_bjets_dR_x_bjets_pt_bb_x_bjet1_pt_x_blnu_mT_llr,377.25,from_multivar,5
bjets_mbb_x_bjets_dR_x_blnu_mT_x_blnu_pt_x_trijet_pt_x_trijet_bijet_dR_llr,377.25,from_multivar,6
bjets_pt_bb_x_blnu_mT_x_trijet_pt_x_trijet_pt_rat_llr,377.25,from_multivar,4
bjets_pt_bb_x_bjet0_pt_x_blnu_pt_x_trijet_pt_x_trijet_pt_rat_x_trijet_bijet_dR_llr,377.25,from_multivar,6
bjets_pt_bb_x_blnu_mT_x_blnu_pt_x_trijet_pt_x_trijet_pt_rat_x_trijet_bijet_dR_llr,377.25,from_multivar,6
bjets_mbb_x_bjet0_pt_x_trijet_mInv_x_trijet_pt_llr,377.25,from_multivar,4
bjets_pt_bb_x_bjet1_pt_x_blnu_mT_x_trijet_pt_x_trijet_pt_rat_llr,377.25,from_multivar,5
bjets_pt_bb_x_bjet0_pt_x_bjet1_pt_x_trijet_mInv_x_trijet_pt_x_trijet_bijet_dR_llr,377.25,from_multivar,6
lep0_pt_x_bjets_pt_bb_x_bjet0_pt_x_trijet_mInv_x_trijet_pt_x_trijet_bijet_dR_llr,377.25,from_multivar,6
bjets_mbb_x_bjets_dR_x_bjet1_pt_x_blnu_mT_x_trijet_mInv_x_trijet_pt_x_trijet_pt_rat_x_trijet_bijet_dR_llr,377.5,from_multivar,8
bjets_pt_bb_x_bjet0_pt_x_blnu_mT_x_trijet_mInv_x_trijet_pt_x_trijet_pt_rat_x_trijet_bijet_dR_llr,377.5,from_multivar,7
lep0_pt_x_bjets_pt_bb_x_bjet0_pt_x_bjet1_pt_x_blnu_mT_x_trijet_mInv_x_trijet_pt_x_trijet_pt_rat_x_trijet_bijet_dR_llr,377.625,from_multivar,9
lep0_pt_x_bjets_pt_bb_x_bjet0_pt_x_bjet1_pt_x_trijet_mInv_x_trijet_pt_x_trijet_bijet_dR_llr,377.625,from_multivar,7
lep0_pt_x_bjets_pt_bb_x_blnu_mT_x_trijet_mInv_x_trijet_pt_x_trijet_pt_rat_llr,377.625,from_multivar,6
lep0_pt_x_bjets_dR_x_bjet0_pt_x_trijet_pt_rat_llr,377.625,from_multivar,4
bjets_mbb_x_bjet0_pt_x_bjet1_pt_x_blnu_pt_x_trijet_pt_x_trijet_pt_rat_llr,377.625,from_multivar,6
bjets_dR_x_bjet0_pt_x_bjet1_pt_x_trijet_mInv_x_trijet_pt_rat_llr,377.625,from_multivar,5
bjets_dR_x_bjet0_pt_x_bjet1_pt_x_blnu_pt_x_trijet_mInv_x_trijet_pt_rat_x_trijet_bijet_dR_llr,377.75,from_multivar,7
bjets_pt_bb_x_bjet0_pt_x_bjet1_pt_x_blnu_pt_x_trijet_bijet_dR_llr,377.75,from_multivar,5
bjets_dR_x_bjet0_pt_x_bjet1_pt_x_blnu_mT_x_blnu_pt_x_trijet_mInv_llr,377.875,from_multivar,6
lep0_pt_x_bjets_pt_bb_x_bjet0_pt_x_bjet1_pt_x_blnu_mT_x_blnu_pt_llr,377.875,from_multivar,6
bjets_pt_bb_x_blnu_mT_x_blnu_pt_x_trijet_mInv_x_trijet_bijet_dR_llr,377.875,from_multivar,5
lep0_pt_x_bjets_pt_bb_x_bjet0_pt_x_trijet_mInv_x_trijet_pt_llr,377.875,from_multivar,5
bjets_dR_x_bjet0_pt_x_trijet_mInv_x_trijet_pt_llr,377.9375,from_multivar,4
lep0_pt_x_bjets_pt_bb_x_blnu_pt_x_trijet_pt_x_trijet_pt_rat_llr,378.0,from_multivar,5
bjets_dR_x_bjet0_pt_x_bjet1_pt_x_trijet_pt_rat_llr,378.25,from_multivar,4
bjets_pt_bb_x_blnu_pt_x_trijet_mInv_x_trijet_bijet_dR_llr,378.25,from_multivar,4
lep0_pt_x_bjets_pt_bb_x_bjet1_pt_x_blnu_pt_x_trijet_pt_x_trijet_bijet_dR_llr,378.25,from_multivar,6
lep0_pt_x_bjets_pt_bb_x_bjet0_pt_x_blnu_mT_x_blnu_pt_x_trijet_mInv_llr,378.25,from_multivar,6
bjets_dR_x_bjet0_pt_x_bjet1_pt_x_blnu_mT_x_trijet_mInv_x_trijet_pt_rat_llr,378.25,from_multivar,6
bjets_dR_x_bjet0_pt_x_blnu_pt_x_trijet_bijet_dR_llr,378.25,from_multivar,4
lep0_pt_x_bjets_pt_bb_x_bjet0_pt_x_blnu_pt_x_trijet_mInv_x_trijet_pt_x_trijet_pt_rat_x_trijet_bijet_dR_llr,378.25,from_multivar,8
bjets_dR_x_bjet0_pt_x_trijet_mInv_x_trijet_bijet_dR_llr,378.5,from_multivar,4
bjets_mbb_x_bjet0_pt_x_bjet1_pt_x_blnu_pt_x_trijet_mInv_x_trijet_bijet_dR_llr,378.75,from_multivar,6
bjets_dR_x_bjet0_pt_x_blnu_pt_x_trijet_pt_rat_llr,378.75,from_multivar,4
lep0_pt_x_bjets_pt_bb_x_bjet0_pt_x_blnu_mT_x_blnu_pt_llr,378.75,from_multivar,5
lep0_pt_x_bjets_pt_bb_x_bjet0_pt_x_bjet1_pt_x_blnu_mT_x_trijet_pt_x_trijet_bijet_dR_llr,378.875,from_multivar,7
bjets_dR_x_bjet0_pt_x_bjet1_pt_x_blnu_mT_x_trijet_pt_llr,378.875,from_multivar,5
lep0_pt_x_bjets_pt_bb_x_blnu_pt_x_trijet_pt_x_trijet_bijet_dR_llr,378.875,from_multivar,5
bjets_pt_bb_x_bjet0_pt_x_blnu_mT_x_blnu_pt_llr,378.9375,from_multivar,4
lep0_pt_x_bjets_pt_bb_x_bjet1_pt_x_blnu_mT_x_trijet_pt_x_trijet_pt_rat_llr,378.9688,from_multivar,6
lep0_pt_x_bjets_pt_bb_x_bjet0_pt_x_bjet1_pt_x_trijet_mInv_x_trijet_pt_x_trijet_pt_rat_x_trijet_bijet_dR_llr,378.9688,from_multivar,8
bjets_pt_bb_x_bjet1_pt_x_blnu_mT_x_blnu_pt_x_trijet_mInv_x_trijet_pt_rat_x_trijet_bijet_dR_llr,379.0,from_multivar,7
lep0_pt_x_bjets_pt_bb_x_bjet0_pt_x_bjet1_pt_x_blnu_mT_x_trijet_mInv_x_trijet_pt_x_trijet_bijet_dR_llr,379.25,from_multivar,8
lep0_pt_x_bjets_mbb_x_bjets_dR_x_bjet1_pt_x_blnu_mT_x_blnu_pt_x_trijet_pt_rat_x_trijet_bijet_dR_llr,379.25,from_multivar,8
lep0_pt_x_bjets_dR_x_bjet0_pt_x_bjet1_pt_x_blnu_mT_x_trijet_mInv_x_trijet_pt_x_trijet_bijet_dR_llr,379.25,from_multivar,8
lep0_pt_x_bjets_pt_bb_x_blnu_pt_x_trijet_mInv_x_trijet_pt_rat_x_trijet_bijet_dR_llr,379.25,from_multivar,6
lep0_pt_x_bjets_pt_bb_x_bjet0_pt_x_bjet1_pt_x_trijet_mInv_x_trijet_pt_llr,379.25,from_multivar,6
bjets_mbb_x_bjet0_pt_x_blnu_pt_x_trijet_mInv_x_trijet_pt_rat_x_trijet_bijet_dR_llr,379.25,from_multivar,6
lep0_pt_x_bjets_pt_bb_x_bjet0_pt_x_bjet1_pt_x_blnu_mT_x_trijet_pt_x_trijet_pt_rat_x_trijet_bijet_dR_llr,379.5,from_multivar,8
bjets_dR_x_bjet0_pt_x_blnu_pt_llr,379.5,from_multivar,3
bjets_dR_x_bjet0_pt_x_bjet1_pt_x_blnu_pt_x_trijet_pt_rat_x_trijet_bijet_dR_llr,379.625,from_multivar,6
lep0_pt_x_bjets_pt_bb_x_blnu_pt_x_trijet_bijet_dR_llr,379.625,from_multivar,4
bjets_pt_bb_x_bjet0_pt_x_bjet1_pt_x_blnu_mT_x_trijet_mInv_x_trijet_pt_x_trijet_bijet_dR_llr,379.625,from_multivar,7
bjets_dR_x_bjets_pt_bb_x_bjet1_pt_x_blnu_mT_llr,379.625,from_multivar,4
lep0_pt_x_bjets_pt_bb_x_bjet1_pt_x_blnu_pt_x_trijet_mInv_x_trijet_bijet_dR_llr,379.625,from_multivar,6
bjets_pt_bb_x_bjet1_pt_x_trijet_mInv_x_trijet_pt_x_trijet_bijet_dR_llr,379.75,from_multivar,5
bjets_pt_bb_x_bjet0_pt_x_trijet_pt_x_trijet_bijet_dR_llr,379.75,from_multivar,4
bjets_pt_bb_x_bjet0_pt_x_blnu_pt_x_trijet_bijet_dR_llr,379.875,from_multivar,4
bjets_pt_bb_x_bjet0_pt_x_trijet_pt_llr,379.875,from_multivar,3
lep0_pt_x_bjets_pt_bb_x_trijet_pt_x_trijet_bijet_dR_llr,379.875,from_multivar,4
bjets_pt_bb_x_bjet1_pt_x_blnu_mT_x_blnu_pt_x_trijet_pt_rat_x_trijet_bijet_dR_llr,379.9375,from_multivar,6
lep0_pt_x_bjets_mbb_x_bjets_dR_x_bjet1_pt_x_blnu_pt_x_trijet_mInv_x_trijet_pt_x_trijet_pt_rat_x_trijet_bijet_dR_llr,379.9688,from_multivar,9
bjets_pt_bb_x_bjet0_pt_x_trijet_pt_x_trijet_pt_rat_x_trijet_bijet_dR_llr,380.0,from_multivar,5
lep0_pt_x_bjets_pt_bb_x_bjet0_pt_x_bjet1_pt_x_blnu_mT_x_blnu_pt_x_trijet_bijet_dR_llr,380.0,from_multivar,7
bjets_pt_bb_x_bjet1_pt_x_blnu_mT_x_blnu_pt_x_trijet_mInv_x_trijet_pt_x_trijet_pt_rat_llr,380.0,from_multivar,7
lep0_pt_x_bjets_dR_x_bjet0_pt_x_blnu_mT_x_trijet_mInv_x_trijet_pt_rat_llr,380.0,from_multivar,6
lep0_pt_x_bjets_dR_x_bjet0_pt_x_bjet1_pt_x_blnu_mT_x_blnu_pt_x_trijet_mInv_x_trijet_pt_rat_x_trijet_bijet_dR_llr,380.25,from_multivar,9
bjets_pt_bb_x_bjet0_pt_x_bjet1_pt_x_blnu_mT_x_blnu_pt_x_trijet_mInv_x_trijet_bijet_dR_llr,380.25,from_multivar,7
bjets_mbb_x_bjets_dR_x_bjet1_pt_x_blnu_mT_x_blnu_pt_x_trijet_pt_x_trijet_bijet_dR_llr,380.25,from_multivar,7
lep0_pt_x_bjets_pt_bb_x_blnu_mT_x_trijet_mInv_x_trijet_pt_x_trijet_bijet_dR_llr,380.25,from_multivar,6
lep0_pt_x_bjets_mbb_x_bjet0_pt_x_blnu_pt_x_trijet_mInv_x_trijet_bijet_dR_llr,380.25,from_multivar,6
lep0_pt_x_bjets_pt_bb_x_bjet0_pt_x_bjet1_pt_x_blnu_mT_x_blnu_pt_x_trijet_mInv_x_trijet_bijet_dR_llr,380.25,from_multivar,8
lep0_pt_x_bjets_pt_bb_x_bjet0_pt_x_blnu_mT_x_trijet_pt_x_trijet_pt_rat_x_trijet_bijet_dR_llr,380.25,from_multivar,7
bjets_dR_x_bjet0_pt_x_trijet_mInv_x_trijet_pt_rat_llr,380.25,from_multivar,4
bjets_pt_bb_x_bjet0_pt_x_blnu_pt_x_trijet_mInv_x_trijet_bijet_dR_llr,380.25,from_multivar,5
lep0_pt_x_bjets_dR_x_bjets_pt_bb_x_trijet_mInv_llr,380.25,from_multivar,4
bjets_dR_x_bjet0_pt_x_bjet1_pt_x_trijet_mInv_x_trijet_bijet_dR_llr,380.5,from_multivar,5
bjets_dR_x_bjet0_pt_x_blnu_mT_x_trijet_pt_x_trijet_bijet_dR_llr,380.5,from_multivar,5
bjets_pt_bb_x_blnu_mT_x_blnu_pt_x_trijet_pt_x_trijet_pt_rat_llr,380.5,from_multivar,5
lep0_pt_x_bjets_dR_x_bjet0_pt_x_bjet1_pt_x_blnu_mT_x_trijet_mInv_x_trijet_bijet_dR_llr,380.5,from_multivar,7
lep0_pt_x_bjets_pt_bb_x_blnu_mT_x_blnu_pt_x_trijet_pt_rat_x_trijet_bijet_dR_llr,380.625,from_multivar,6
bjets_pt_bb_x_bjet0_pt_x_trijet_mInv_x_trijet_pt_x_trijet_bijet_dR_llr,380.625,from_multivar,5
bjets_pt_bb_x_bjet0_pt_x_bjet1_pt_x_blnu_pt_x_trijet_pt_x_trijet_pt_rat_x_trijet_bijet_dR_llr,380.625,from_multivar,7
bjets_dR_x_bjet0_pt_x_bjet1_pt_x_blnu_mT_x_trijet_pt_x_trijet_bijet_dR_llr,380.625,from_multivar,6
bjets_dR_x_bjet0_pt_x_bjet1_pt_x_trijet_pt_rat_x_trijet_bijet_dR_llr,380.75,from_multivar,5
bjets_pt_bb_x_blnu_mT_x_trijet_pt_x_trijet_bijet_dR_llr,380.75,from_multivar,4
lep0_pt_x_bjets_dR_x_bjet0_pt_x_blnu_mT_x_trijet_pt_rat_llr,380.75,from_multivar,5
bjets_mbb_x_bjets_dR_x_bjet1_pt_x_blnu_pt_x_trijet_mInv_x_trijet_pt_x_trijet_pt_rat_x_trijet_bijet_dR_llr,380.75,from_multivar,8
bjets_dR_x_bjet0_pt_x_blnu_mT_x_trijet_bijet_dR_llr,380.875,from_multivar,4
bjets_dR_x_bjet0_pt_x_bjet1_pt_x_blnu_mT_x_blnu_pt_x_trijet_mInv_x_trijet_pt_rat_x_trijet_bijet_dR_llr,380.875,from_multivar,8
bjets_pt_bb_x_bjet1_pt_x_blnu_mT_x_trijet_mInv_x_trijet_pt_x_trijet_bijet_dR_llr,380.875,from_multivar,6
bjets_pt_bb_x_blnu_mT_x_blnu_pt_x_trijet_bijet_dR_llr,381.0,from_multivar,4
bjets_pt_bb_x_bjet0_pt_x_bjet1_pt_x_trijet_pt_x_trijet_bijet_dR_llr,381.0,from_multivar,5
lep0_pt_x_bjets_pt_bb_x_bjet0_pt_x_bjet1_pt_x_trijet_pt_llr,381.25,from_multivar,5
lep0_pt_x_bjets_mbb_x_bjets_dR_x_bjet1_pt_x_trijet_pt_x_trijet_pt_rat_x_trijet_bijet_dR_llr,381.25,from_multivar,7
bjets_mbb_x_bjet0_pt_x_trijet_mInv_x_trijet_bijet_dR_llr,381.25,from_multivar,4
bjets_dR_x_bjet0_pt_x_bjet1_pt_x_blnu_mT_x_blnu_pt_x_trijet_mInv_x_trijet_pt_rat_llr,381.25,from_multivar,7
bjets_dR_x_bjet0_pt_x_bjet1_pt_x_blnu_mT_x_trijet_mInv_x_trijet_pt_x_trijet_bijet_dR_llr,381.25,from_multivar,7
bjets_pt_bb_x_bjet0_pt_x_bjet1_pt_x_trijet_pt_llr,381.25,from_multivar,4
bjets_dR_x_bjet0_pt_x_blnu_mT_x_trijet_mInv_x_trijet_pt_rat_llr,381.25,from_multivar,5
lep0_pt_x_bjets_mbb_x_bjet0_pt_x_bjet1_pt_x_trijet_pt_llr,381.5,from_multivar,5
bjets_dR_x_bjet0_pt_x_bjet1_pt_x_trijet_pt_llr,381.5,from_multivar,4
lep0_pt_x_bjets_pt_bb_x_bjet0_pt_x_bjet1_pt_x_blnu_pt_x_trijet_mInv_x_trijet_bijet_dR_llr,381.625,from_multivar,7
lep0_pt_x_bjets_pt_bb_x_bjet1_pt_x_blnu_pt_x_trijet_pt_rat_x_trijet_bijet_dR_llr,381.625,from_multivar,6
lep0_pt_x_bjets_pt_bb_x_blnu_mT_x_trijet_pt_x_trijet_bijet_dR_llr,381.75,from_multivar,5
bjets_pt_bb_x_bjet1_pt_x_blnu_pt_x_trijet_pt_rat_x_trijet_bijet_dR_llr,381.8125,from_multivar,5
lep0_pt_x_bjets_dR_x_bjets_pt_bb_llr,381.875,from_multivar,3
lep0_pt_x_bjets_pt_bb_x_bjet1_pt_x_trijet_mInv_x_trijet_pt_x_trijet_bijet_dR_llr,381.875,from_multivar,6
bjets_pt_bb_x_blnu_mT_x_blnu_pt_x_trijet_pt_x_trijet_bijet_dR_llr,381.9375,from_multivar,5
bjets_dR_x_bjet0_pt_x_blnu_pt_x_trijet_pt_rat_x_trijet_bijet_dR_llr,381.9375,from_multivar,5
lep0_pt_x_bjets_pt_bb_x_bjet0_pt_x_bjet1_pt_x_trijet_pt_x_trijet_pt_rat_x_trijet_bijet_dR_llr,381.9375,from_multivar,7
lep0_pt_x_bjets_pt_bb_x_blnu_mT_x_blnu_pt_x_trijet_bijet_dR_llr,382.0,from_multivar,5
bjets_dR_x_bjet0_pt_x_trijet_pt_rat_llr,382.0,from_multivar,3
bjets_mbb_x_bjet0_pt_x_trijet_mInv_x_trijet_pt_x_trijet_pt_rat_llr,382.25,from_multivar,5
bjets_pt_bb_x_bjet0_pt_x_blnu_pt_x_trijet_mInv_x_trijet_pt_x_trijet_pt_rat_x_trijet_bijet_dR_llr,382.25,from_multivar,7
lep0_pt_x_bjets_mbb_x_bjets_dR_x_blnu_mT_x_trijet_mInv_x_trijet_pt_x_trijet_pt_rat_x_trijet_bijet_dR_llr,382.25,from_multivar,8
bjets_pt_bb_x_blnu_pt_x_trijet_mInv_x_trijet_pt_x_trijet_bijet_dR_llr,382.25,from_multivar,5
lep0_pt_x_bjets_pt_bb_x_bjet0_pt_x_bjet1_pt_x_blnu_mT_x_blnu_pt_x_trijet_pt_x_trijet_pt_rat_x_trijet_bijet_dR_llr,382.25,from_multivar,9
bjets_dR_x_bjet0_pt_x_trijet_pt_x_trijet_bijet_dR_llr,382.25,from_multivar,4
bjets_mbb_x_bjet0_pt_x_bjet1_pt_x_blnu_pt_x_trijet_mInv_llr,382.25,from_multivar,5
lep0_pt_x_bjets_mbb_x_bjet0_pt_x_bjet1_pt_x_trijet_mInv_x_trijet_bijet_dR_llr,382.25,from_multivar,6
lep0_pt_x_bjets_pt_bb_x_bjet0_pt_x_bjet1_pt_x_blnu_pt_x_trijet_pt_x_trijet_pt_rat_x_trijet_bijet_dR_llr,382.25,from_multivar,8
bjets_pt_bb_x_blnu_mT_x_blnu_pt_x_trijet_pt_rat_x_trijet_bijet_dR_llr,382.25,from_multivar,5
bjets_dR_x_bjet0_pt_x_bjet1_pt_x_blnu_pt_x_trijet_bijet_dR_llr,382.5,from_multivar,5
bjets_pt_bb_x_bjet0_pt_x_blnu_mT_x_trijet_pt_x_trijet_pt_rat_x_trijet_bijet_dR_llr,382.625,from_multivar,6
bjets_mbb_x_bjets_dR_x_trijet_pt_x_trijet_pt_rat_x_trijet_bijet_dR_llr,382.625,from_multivar,5
bjets_dR_x_bjet0_pt_x_bjet1_pt_x_blnu_mT_x_trijet_mInv_x_trijet_pt_rat_x_trijet_bijet_dR_llr,382.75,from_multivar,7
bjets_pt_bb_x_bjet0_pt_x_bjet1_pt_x_trijet_mInv_x_trijet_pt_x_trijet_pt_rat_x_trijet_bijet_dR_llr,382.75,from_multivar,7
lep0_pt_x_bjets_dR_x_bjet0_pt_x_blnu_mT_x_blnu_pt_x_trijet_mInv_x_trijet_bijet_dR_llr,382.75,from_multivar,7
lep0_pt_x_bjets_dR_x_bjet0_pt_x_blnu_mT_x_trijet_mInv_x_trijet_pt_llr,382.875,from_multivar,6
lep0_pt_x_bjets_pt_bb_x_bjet0_pt_x_blnu_mT_x_trijet_mInv_x_trijet_pt_x_trijet_bijet_dR_llr,382.875,from_multivar,7
bjets_mbb_x_bjet0_pt_x_trijet_pt_x_trijet_pt_rat_llr,382.875,from_multivar,4
bjets_dR_x_bjet0_pt_x_trijet_bijet_dR_llr,382.9688,from_multivar,3
lep0_pt_x_bjets_mbb_x_bjet0_pt_x_bjet1_pt_x_trijet_mInv_x_trijet_pt_rat_x_trijet_bijet_dR_llr,383.0,from_multivar,7
lep0_pt_x_bjets_pt_bb_x_bjet0_pt_x_trijet_mInv_x_trijet_pt_x_trijet_pt_rat_x_trijet_bijet_dR_llr,383.0,from_multivar,7
lep0_pt_x_bjets_mbb_x_bjets_dR_x_blnu_pt_x_trijet_mInv_x_trijet_pt_x_trijet_pt_rat_x_trijet_bijet_dR_llr,383.25,from_multivar,8
bjets_mbb_x_bjets_dR_x_blnu_pt_x_trijet_mInv_x_trijet_pt_x_trijet_pt_rat_x_trijet_bijet_dR_llr,383.25,from_multivar,7
bjets_mbb_x_bjet0_pt_x_bjet1_pt_x_blnu_mT_x_trijet_pt_rat_x_trijet_bijet_dR_llr,383.25,from_multivar,6
bjets_dR_x_bjet0_pt_x_blnu_mT_x_trijet_pt_rat_llr,383.25,from_multivar,4
bjets_dR_x_bjet0_pt_x_trijet_mInv_x_trijet_pt_x_trijet_bijet_dR_llr,383.25,from_multivar,5
bjets_dR_x_bjet0_pt_x_bjet1_pt_x_trijet_bijet_dR_llr,383.25,from_multivar,4
lep0_pt_x_bjets_mbb_x_bjet0_pt_x_trijet_mInv_x_trijet_pt_llr,383.25,from_multivar,5
bjets_dR_x_bjets_pt_bb_x_trijet_mInv_llr,383.5,from_multivar,3
bjets_dR_x_bjet0_pt_x_bjet1_pt_x_blnu_mT_x_trijet_pt_rat_llr,383.625,from_multivar,5
lep0_pt_x_bjets_dR_x_bjet0_pt_x_bjet1_pt_x_trijet_pt_rat_llr,383.625,from_multivar,5
lep0_pt_x_bjets_pt_bb_x_bjet1_pt_x_blnu_mT_x_trijet_pt_x_trijet_bijet_dR_llr,383.625,from_multivar,6
lep0_pt_x_bjets_pt_bb_x_bjet1_pt_x_blnu_mT_x_blnu_pt_x_trijet_mInv_x_trijet_pt_x_trijet_pt_rat_llr,383.625,from_multivar,8
lep0_pt_x_bjets_mbb_x_bjet0_pt_x_bjet1_pt_x_blnu_mT_x_trijet_mInv_x_trijet_pt_rat_llr,383.625,from_multivar,7
lep0_pt_x_bjets_mbb_x_bjets_dR_x_bjet1_pt_x_blnu_mT_x_blnu_pt_x_trijet_pt_x_trijet_pt_rat_llr,383.625,from_multivar,8
bjets_pt_bb_x_bjet1_pt_x_blnu_mT_x_blnu_pt_x_trijet_pt_x_trijet_bijet_dR_llr,383.75,from_multivar,6
bjets_pt_bb_x_bjet0_pt_x_bjet1_pt_x_trijet_mInv_x_trijet_pt_llr,383.75,from_multivar,5
lep0_pt_x_bjets_dR_x_bjet0_pt_x_bjet1_pt_x_trijet_pt_x_trijet_bijet_dR_llr,383.875,from_multivar,6
bjets_pt_bb_x_trijet_pt_x_trijet_bijet_dR_llr,383.9375,from_multivar,3
bjets_dR_x_bjet0_pt_x_blnu_pt_x_trijet_mInv_x_trijet_pt_llr,383.9688,from_multivar,5
bjets_dR_x_bjet0_pt_x_bjet1_pt_x_blnu_mT_x_trijet_bijet_dR_llr,384.0,from_multivar,5
lep0_pt_x_bjets_pt_bb_x_bjet1_pt_x_blnu_mT_x_blnu_pt_x_trijet_bijet_dR_llr,384.25,from_multivar,6
bjets_pt_bb_x_blnu_pt_x_trijet_mInv_x_trijet_pt_rat_x_trijet_bijet_dR_llr,384.25,from_multivar,5
bjets_pt_bb_x_bjet0_pt_x_bjet1_pt_x_blnu_mT_x_trijet_pt_x_trijet_pt_rat_x_trijet_bijet_dR_llr,384.25,from_multivar,7
lep0_pt_x_bjets_dR_x_bjet0_pt_x_trijet_pt_x_trijet_bijet_dR_llr,384.25,from_multivar,5
bjets_pt_bb_x_bjet0_pt_x_trijet_mInv_x_trijet_pt_llr,384.25,from_multivar,4
lep0_pt_x_bjets_mbb_x_bjet0_pt_x_trijet_pt_x_trijet_pt_rat_llr,384.25,from_multivar,5
lep0_pt_x_bjets_pt_bb_x_bjet0_pt_x_blnu_mT_x_blnu_pt_x_trijet_mInv_x_trijet_bijet_dR_llr,384.25,from_multivar,7
bjets_pt_bb_vs_mbb_llr,384.75,from_2D,2
lep0_pt_x_bjets_dR_x_bjet0_pt_x_trijet_mInv_x_trijet_pt_x_trijet_pt_rat_llr,384.75,from_multivar,6
lep0_pt_x_bjets_mbb_x_bjet0_pt_x_bjet1_pt_x_blnu_pt_x_trijet_mInv_llr,385.25,from_multivar,6
lep0_pt_x_bjets_dR_x_bjet0_pt_x_bjet1_pt_x_blnu_pt_llr,385.25,from_multivar,5
lep0_pt_x_bjets_pt_bb_x_blnu_mT_x_trijet_pt_x_trijet_pt_rat_llr,385.25,from_multivar,5
lep0_pt_x_bjets_pt_bb_x_trijet_mInv_x_trijet_pt_x_trijet_bijet_dR_llr,385.25,from_multivar,5
bjets_dR_x_bjet0_pt_x_bjet1_pt_x_blnu_mT_x_blnu_pt_x_trijet_bijet_dR_llr,385.25,from_multivar,6
lep0_pt_x_bjets_mbb_x_bjet0_pt_x_trijet_mInv_x_trijet_bijet_dR_llr,385.625,from_multivar,5
lep0_pt_x_bjets_dR_x_bjet0_pt_x_bjet1_pt_x_blnu_mT_x_blnu_pt_x_trijet_mInv_x_trijet_pt_rat_llr,385.625,from_multivar,8
lep0_pt_x_bjets_mbb_x_bjet0_pt_x_blnu_mT_x_trijet_pt_rat_llr,385.75,from_multivar,5
bjets_pt_bb_x_bjet1_pt_x_blnu_mT_x_trijet_pt_x_trijet_bijet_dR_llr,385.8125,from_multivar,5
lep0_pt_x_bjets_mbb_x_bjet0_pt_x_trijet_mInv_x_trijet_pt_x_trijet_pt_rat_llr,385.875,from_multivar,6
lep0_pt_x_bjets_dR_x_bjets_pt_bb_x_bjet1_pt_x_trijet_mInv_llr,385.875,from_multivar,5
bjets_mbb_x_bjets_dR_x_blnu_pt_x_trijet_pt_x_trijet_pt_rat_x_trijet_bijet_dR_llr,385.9688,from_multivar,6
bjets_pt_bb_x_blnu_pt_x_trijet_pt_rat_x_trijet_bijet_dR_llr,386.25,from_multivar,4
bjets_mbb_x_bjet0_pt_x_blnu_pt_x_trijet_mInv_x_trijet_pt_x_trijet_pt_rat_llr,386.25,from_multivar,6
bjets_pt_bb_x_blnu_mT_x_trijet_mInv_x_trijet_pt_x_trijet_bijet_dR_llr,386.25,from_multivar,5
bjets_dR_x_bjet0_pt_x_trijet_pt_llr,386.25,from_multivar,3
lep0_pt_x_bjets_dR_x_bjet0_pt_x_bjet1_pt_x_trijet_mInv_x_trijet_pt_x_trijet_bijet_dR_llr,386.25,from_multivar,7
bjets_pt_bb_x_bjet1_pt_x_trijet_pt_x_trijet_bijet_dR_llr,386.5,from_multivar,4
bjets_mbb_x_bjet0_pt_x_bjet1_pt_x_trijet_mInv_x_trijet_bijet_dR_llr,386.625,from_multivar,5
lep0_pt_x_bjets_pt_bb_x_blnu_mT_x_blnu_pt_x_trijet_mInv_x_trijet_bijet_dR_llr,386.625,from_multivar,6
lep0_pt_x_bjets_mbb_x_bjet0_pt_x_bjet1_pt_x_trijet_mInv_x_trijet_pt_x_trijet_pt_rat_llr,386.75,from_multivar,7
lep0_pt_x_bjets_mbb_x_bjet0_pt_x_trijet_bijet_dR_llr,386.875,from_multivar,4
bjets_mbb_x_bjet0_pt_x_blnu_pt_x_trijet_mInv_x_trijet_pt_llr,386.875,from_multivar,5
bjets_dR_x_bjet0_pt_x_bjet1_pt_x_trijet_mInv_x_trijet_pt_x_trijet_pt_rat_llr,386.875,from_multivar,6
bjets_dR_x_bjet0_pt_x_trijet_pt_rat_x_trijet_bijet_dR_llr,386.9375,from_multivar,4
bjets_dR_x_bjet0_pt_x_blnu_mT_x_trijet_mInv_x_trijet_pt_x_trijet_pt_rat_x_trijet_bijet_dR_llr,387.25,from_multivar,7
bjets_mbb_x_bjet0_pt_x_bjet1_pt_x_blnu_mT_x_blnu_pt_x_trijet_mInv_x_trijet_pt_rat_llr,387.25,from_multivar,7
bjets_pt_bb_x_trijet_mInv_x_trijet_pt_x_trijet_bijet_dR_llr,387.25,from_multivar,4
bjets_pt_bb_x_bjet0_pt_x_blnu_pt_x_trijet_mInv_llr,387.25,from_multivar,4
lep0_pt_x_bjets_pt_bb_x_blnu_mT_x_blnu_pt_x_trijet_pt_x_trijet_pt_rat_llr,387.25,from_multivar,6
bjets_dR_x_bjet0_pt_x_blnu_mT_x_blnu_pt_x_trijet_mInv_llr,387.5,from_multivar,5
lep0_pt_x_bjets_dR_x_bjet0_pt_x_bjet1_pt_x_trijet_pt_llr,387.625,from_multivar,5
lep0_pt_x_bjets_pt_bb_x_blnu_mT_x_blnu_pt_x_trijet_mInv_x_trijet_pt_x_trijet_pt_rat_llr,387.75,from_multivar,7
lep0_pt_x_bjets_pt_bb_x_bjet0_pt_x_bjet1_pt_x_blnu_mT_x_blnu_pt_x_trijet_mInv_llr,387.75,from_multivar,7
lep0_pt_x_bjets_dR_x_bjet0_pt_x_trijet_pt_x_trijet_pt_rat_x_trijet_bijet_dR_llr,387.875,from_multivar,6
lep0_pt_x_bjets_dR_x_bjet0_pt_x_blnu_pt_x_trijet_mInv_x_trijet_pt_llr,387.875,from_multivar,6
lep0_pt_x_bjets_mbb_x_bjet0_pt_x_bjet1_pt_x_blnu_pt_x_trijet_mInv_x_trijet_pt_rat_x_trijet_bijet_dR_llr,388.0,from_multivar,8
lep0_pt_x_bjets_pt_bb_x_bjet0_pt_x_blnu_pt_llr,388.25,from_multivar,4
bjets_dR_x_bjets_pt_bb_x_bjet1_pt_x_trijet_mInv_llr,388.25,from_multivar,4
lep0_pt_x_bjets_pt_bb_x_bjet0_pt_x_blnu_mT_x_trijet_pt_rat_x_trijet_bijet_dR_llr,388.25,from_multivar,6
bjets_dR_x_bjet0_pt_x_bjet1_pt_x_blnu_mT_x_blnu_pt_x_trijet_pt_rat_x_trijet_bijet_dR_llr,388.25,from_multivar,7
lep0_pt_x_bjets_dR_x_bjet0_pt_x_trijet_pt_llr,388.625,from_multivar,4
bjets_mbb_x_bjet0_pt_x_bjet1_pt_x_blnu_mT_x_trijet_mInv_x_trijet_pt_llr,388.875,from_multivar,6
lep0_pt_x_bjets_pt_bb_x_bjet0_pt_x_trijet_pt_rat_x_trijet_bijet_dR_llr,388.875,from_multivar,5
lep0_pt_x_bjets_pt_bb_x_bjet1_pt_x_blnu_mT_x_blnu_pt_x_trijet_pt_x_trijet_pt_rat_llr,388.875,from_multivar,7
bjets_mbb_x_bjets_dR_x_blnu_mT_x_trijet_mInv_x_trijet_pt_x_trijet_pt_rat_x_trijet_bijet_dR_llr,389.0,from_multivar,7
lep0_pt_x_bjets_pt_bb_x_bjet0_pt_x_blnu_pt_x_trijet_pt_x_trijet_pt_rat_x_trijet_bijet_dR_llr,389.25,from_multivar,7
bjets_pt_bb_x_bjet0_pt_x_bjet1_pt_x_blnu_pt_llr,389.25,from_multivar,4
lep0_pt_x_bjets_dR_x_bjet0_pt_x_bjet1_pt_x_blnu_pt_x_trijet_mInv_x_trijet_pt_llr,389.25,from_multivar,7
lep0_pt_x_bjets_pt_bb_x_bjet0_pt_x_bjet1_pt_x_trijet_pt_rat_x_trijet_bijet_dR_llr,389.5,from_multivar,6
lep0_pt_x_bjets_pt_bb_x_blnu_pt_x_trijet_pt_rat_x_trijet_bijet_dR_llr,389.625,from_multivar,5
lep0_pt_x_bjets_mbb_x_bjets_dR_x_blnu_mT_x_blnu_pt_x_trijet_mInv_x_trijet_pt_x_trijet_pt_rat_llr,389.625,from_multivar,8
lep0_pt_x_bjets_mbb_x_bjets_dR_x_bjet1_pt_x_blnu_mT_x_blnu_pt_x_trijet_mInv_x_trijet_pt_x_trijet_pt_rat_x_trijet_bijet_dR_llr,389.625,from_multivar,10
lep0_pt_x_bjets_pt_bb_x_bjet0_pt_x_bjet1_pt_x_blnu_pt_x_trijet_mInv_llr,389.625,from_multivar,6
bjets_pt_bb_x_bjet0_pt_x_blnu_mT_x_trijet_mInv_x_trijet_pt_rat_x_trijet_bijet_dR_llr,389.625,from_multivar,6
bjets_mbb_x_bjets_dR_x_bjet1_pt_x_blnu_mT_x_trijet_pt_x_trijet_pt_rat_x_trijet_bijet_dR_llr,389.625,from_multivar,7
bjets_mbb_x_bjet0_pt_x_blnu_pt_x_trijet_mInv_llr,389.75,from_multivar,4
bjets_pt_bb_x_bjet0_pt_x_bjet1_pt_x_blnu_pt_x_trijet_mInv_llr,389.875,from_multivar,5
bjets_mbb_x_bjet0_pt_x_blnu_pt_x_trijet_mInv_x_trijet_bijet_dR_llr,389.9375,from_multivar,5
bjets_mbb_x_bjet0_pt_x_blnu_mT_x_blnu_pt_x_trijet_mInv_x_trijet_pt_rat_llr,390.25,from_multivar,6
bjets_mbb_x_bjet0_pt_x_bjet1_pt_x_blnu_mT_x_trijet_mInv_x_trijet_bijet_dR_llr,390.25,from_multivar,6
bjets_mbb_x_bjets_dR_x_bjet1_pt_x_blnu_pt_x_trijet_pt_x_trijet_pt_rat_x_trijet_bijet_dR_llr,390.25,from_multivar,7
lep0_pt_x_bjets_dR_x_bjet0_pt_x_blnu_mT_x_blnu_pt_x_trijet_mInv_x_trijet_pt_rat_x_trijet_bijet_dR_llr,390.25,from_multivar,8
lep0_pt_x_bjets_pt_bb_x_bjet1_pt_x_blnu_pt_x_trijet_mInv_x_trijet_pt_x_trijet_bijet_dR_llr,390.25,from_multivar,7
bjets_dR_x_bjet0_pt_x_bjet1_pt_x_blnu_mT_x_trijet_mInv_x_trijet_pt_x_trijet_pt_rat_llr,390.625,from_multivar,7
bjets_dR_x_bjet0_pt_x_bjet1_pt_x_blnu_mT_x_trijet_pt_x_trijet_pt_rat_llr,390.625,from_multivar,6
lep0_pt_x_bjets_dR_x_bjet0_pt_x_bjet1_pt_x_blnu_mT_x_trijet_mInv_x_trijet_pt_llr,390.75,from_multivar,7
bjets_mbb_x_bjets_dR_x_bjet1_pt_x_blnu_mT_x_blnu_pt_x_trijet_mInv_x_trijet_pt_x_trijet_pt_rat_x_trijet_bijet_dR_llr,390.875,from_multivar,9
lep0_pt_x_bjets_pt_bb_x_bjet1_pt_x_blnu_pt_x_trijet_mInv_x_trijet_pt_rat_x_trijet_bijet_dR_llr,390.9375,from_multivar,7
lep0_pt_x_bjets_pt_bb_x_bjet0_pt_x_blnu_pt_x_trijet_mInv_llr,391.25,from_multivar,5
lep0_pt_x_bjets_dR_x_bjets_pt_bb_x_bjet1_pt_llr,391.25,from_multivar,4
lep0_pt_x_bjets_dR_x_bjet0_pt_x_trijet_pt_x_trijet_pt_rat_llr,391.25,from_multivar,5
bjets_pt_bb_x_bjet0_pt_x_blnu_pt_llr,391.25,from_multivar,3
bjets_mbb_x_bjet0_pt_x_bjet1_pt_x_trijet_bijet_dR_llr,391.25,from_multivar,4
bjets_mbb_x_bjet0_pt_x_bjet1_pt_x_blnu_pt_x_trijet_pt_rat_x_trijet_bijet_dR_llr,391.25,from_multivar,6
lep0_pt_x_bjets_pt_bb_x_bjet0_pt_x_trijet_mInv_x_trijet_pt_rat_x_trijet_bijet_dR_llr,391.25,from_multivar,6
bjets_pt_bb_x_bjet1_pt_x_blnu_mT_x_blnu_pt_x_trijet_mInv_x_trijet_pt_x_trijet_bijet_dR_llr,391.25,from_multivar,7
lep0_pt_x_bjets_dR_x_bjet0_pt_x_bjet1_pt_x_blnu_mT_x_trijet_mInv_x_trijet_pt_rat_llr,391.5,from_multivar,7
bjets_dR_x_bjets_pt_bb_llr,391.75,from_multivar,2
lep0_pt_x_bjets_pt_bb_x_bjet1_pt_x_blnu_mT_x_trijet_mInv_x_trijet_pt_x_trijet_pt_rat_llr,391.75,from_multivar,7
bjets_dR_x_bjet0_pt_x_blnu_pt_x_trijet_mInv_x_trijet_pt_x_trijet_bijet_dR_llr,391.9375,from_multivar,6
lep0_pt_x_bjets_dR_x_bjet0_pt_x_bjet1_pt_x_blnu_mT_x_trijet_pt_rat_x_trijet_bijet_dR_llr,392.0,from_multivar,7
lep0_pt_x_bjets_mbb_x_bjet0_pt_x_bjet1_pt_x_trijet_bijet_dR_llr,392.25,from_multivar,5
bjets_mbb_x_bjet0_pt_x_trijet_bijet_dR_llr,392.25,from_multivar,3
bjets_dR_x_bjet0_pt_x_blnu_mT_x_trijet_mInv_x_trijet_pt_x_trijet_pt_rat_llr,392.25,from_multivar,6
lep0_pt_x_bjets_pt_bb_x_bjet1_pt_x_blnu_mT_x_blnu_pt_x_trijet_mInv_x_trijet_pt_rat_x_trijet_bijet_dR_llr,392.25,from_multivar,8
lep0_pt_x_bjets_pt_bb_x_bjet0_pt_x_bjet1_pt_x_blnu_pt_llr,392.25,from_multivar,5
bjets_dR_x_bjet0_pt_x_bjet1_pt_x_trijet_pt_x_trijet_pt_rat_x_trijet_bijet_dR_llr,392.25,from_multivar,6
lep0_pt_x_bjets_pt_bb_x_bjet1_pt_x_blnu_mT_x_blnu_pt_x_trijet_mInv_x_trijet_bijet_dR_llr,392.625,from_multivar,7
bjets_mbb_x_bjet0_pt_x_blnu_mT_x_trijet_mInv_x_trijet_bijet_dR_llr,392.8125,from_multivar,5
bjets_pt_bb_x_blnu_mT_x_trijet_pt_rat_x_trijet_bijet_dR_llr,392.8125,from_multivar,4
bjets_pt_bb_x_blnu_mT_x_trijet_mInv_x_trijet_pt_rat_x_trijet_bijet_dR_llr,392.875,from_multivar,5
lep0_pt_x_bjets_mbb_x_bjets_dR_x_bjet1_pt_x_blnu_mT_x_blnu_pt_x_trijet_pt_x_trijet_bijet_dR_llr,392.9375,from_multivar,8
lep0_pt_x_bjets_mbb_x_bjets_dR_x_bjet1_pt_x_blnu_mT_x_trijet_pt_x_trijet_pt_rat_x_trijet_bijet_dR_llr,393.25,from_multivar,8
lep0_pt_x_bjets_mbb_x_bjet0_pt_x_bjet1_pt_x_blnu_pt_x_trijet_mInv_x_trijet_pt_llr,393.25,from_multivar,7
bjets_mbb_x_bjet0_pt_x_bjet1_pt_x_blnu_mT_x_blnu_pt_x_trijet_pt_rat_llr,393.25,from_multivar,6
bjets_pt_bb_x_bjet1_pt_x_trijet_mInv_x_trijet_pt_x_trijet_pt_rat_x_trijet_bijet_dR_llr,393.25,from_multivar,6
lep0_pt_x_bjets_mbb_x_bjet0_pt_x_blnu_mT_x_trijet_pt_rat_x_trijet_bijet_dR_llr,393.25,from_multivar,6
lep0_pt_x_bjets_dR_x_bjet0_pt_x_blnu_pt_llr,393.25,from_multivar,4
bjets_mbb_x_bjet0_pt_x_bjet1_pt_x_blnu_mT_x_trijet_mInv_x_trijet_pt_rat_x_trijet_bijet_dR_llr,393.5,from_multivar,7
bjets_dR_x_bjet0_pt_x_bjet1_pt_x_trijet_pt_x_trijet_bijet_dR_llr,393.5,from_multivar,5
bjets_mbb_x_bjet0_pt_x_bjet1_pt_x_trijet_mInv_x_trijet_pt_x_trijet_bijet_dR_llr,393.75,from_multivar,6
lep0_pt_x_bjets_pt_bb_x_bjet0_pt_x_bjet1_pt_x_blnu_mT_x_trijet_mInv_x_trijet_pt_rat_x_trijet_bijet_dR_llr,393.8125,from_multivar,8
lep0_pt_x_bjets_pt_bb_x_blnu_mT_x_trijet_mInv_x_trijet_pt_rat_x_trijet_bijet_dR_llr,393.875,from_multivar,6
lep0_pt_x_bjets_dR_x_bjet0_pt_x_blnu_mT_x_blnu_pt_x_trijet_bijet_dR_llr,393.875,from_multivar,6
bjets_pt_bb_x_blnu_mT_x_trijet_mInv_x_trijet_pt_rat_llr,393.9375,from_multivar,4
lep0_pt_x_bjets_pt_bb_x_bjet1_pt_x_blnu_mT_x_trijet_mInv_x_trijet_pt_x_trijet_bijet_dR_llr,393.9375,from_multivar,7
bjets_mbb_x_bjets_dR_x_blnu_mT_x_trijet_pt_x_trijet_pt_rat_x_trijet_bijet_dR_llr,393.9375,from_multivar,6
lep0_pt_x_bjets_mbb_x_bjet0_pt_x_bjet1_pt_x_blnu_mT_x_trijet_mInv_x_trijet_pt_rat_x_trijet_bijet_dR_llr,394.0,from_multivar,8
bjets_mbb_x_bjet0_pt_x_blnu_mT_x_trijet_pt_rat_x_trijet_bijet_dR_llr,394.25,from_multivar,5
lep0_pt_x_bjets_mbb_x_bjet0_pt_x_blnu_pt_x_trijet_pt_rat_x_trijet_bijet_dR_llr,394.25,from_multivar,6
bjets_mbb_x_bjet0_pt_x_bjet1_pt_x_blnu_pt_x_trijet_bijet_dR_llr,394.25,from_multivar,5
lep0_pt_x_bjets_dR_x_bjets_pt_bb_x_bjet0_pt_x_blnu_mT_x_trijet_mInv_llr,394.25,from_multivar,6
bjets_mbb_x_bjets_dR_x_blnu_mT_x_blnu_pt_x_trijet_mInv_x_trijet_pt_x_trijet_pt_rat_x_trijet_bijet_dR_llr,394.25,from_multivar,8
lep0_pt_x_bjets_pt_bb_x_bjet1_pt_x_blnu_mT_x_blnu_pt_x_trijet_mInv_x_trijet_pt_x_trijet_bijet_dR_llr,394.25,from_multivar,8
bjets_dR_x_bjet0_pt_x_trijet_mInv_x_trijet_pt_x_trijet_pt_rat_x_trijet_bijet_dR_llr,394.25,from_multivar,6
lep0_pt_x_bjets_pt_bb_x_blnu_mT_x_blnu_pt_x_trijet_pt_x_trijet_bijet_dR_llr,394.5,from_multivar,6
lep0_pt_x_bjets_mbb_x_bjet0_pt_x_bjet1_pt_x_blnu_pt_x_trijet_mInv_x_trijet_bijet_dR_llr,394.625,from_multivar,7
bjets_mbb_x_bjet0_pt_x_bjet1_pt_x_blnu_pt_x_trijet_pt_llr,394.625,from_multivar,5
bjets_mbb_x_bjet0_pt_x_bjet1_pt_x_blnu_pt_llr,394.625,from_multivar,4
lep0_pt_x_bjets_mbb_x_bjets_dR_x_blnu_pt_x_trijet_pt_x_trijet_pt_rat_x_trijet_bijet_dR_llr,394.75,from_multivar,7
lep0_pt_x_bjets_dR_x_bjet0_pt_x_blnu_mT_x_blnu_pt_x_trijet_mInv_llr,394.75,from_multivar,6
bjets_pt_bb_x_bjet1_pt_x_blnu_mT_x_trijet_mInv_x_trijet_pt_rat_x_trijet_bijet_dR_llr,394.75,from_multivar,6
lep0_pt_x_bjets_mbb_x_bjet0_pt_x_blnu_mT_x_trijet_mInv_x_trijet_pt_rat_x_trijet_bijet_dR_llr,394.75,from_multivar,7
lep0_pt_x_bjets_mbb_x_bjets_dR_x_bjet1_pt_x_blnu_pt_x_trijet_pt_x_trijet_pt_rat_x_trijet_bijet_dR_llr,394.8125,from_multivar,8
lep0_pt_x_bjets_pt_bb_x_bjet1_pt_x_blnu_mT_x_trijet_pt_rat_x_trijet_bijet_dR_llr,394.9375,from_multivar,6
bjets_mbb_x_bjet0_pt_x_blnu_mT_x_blnu_pt_x_trijet_pt_rat_x_trijet_bijet_dR_llr,394.9375,from_multivar,6
bjets_pt_bb_x_bjet0_pt_x_bjet1_pt_x_blnu_mT_x_trijet_pt_rat_x_trijet_bijet_dR_llr,395.25,from_multivar,6
bjets_dR_x_bjet0_pt_x_blnu_mT_x_blnu_pt_x_trijet_pt_rat_llr,395.25,from_multivar,5
bjets_dR_x_bjets_pt_bb_x_bjet1_pt_llr,395.25,from_multivar,3
lep0_pt_x_bjets_pt_bb_x_blnu_mT_x_trijet_mInv_x_trijet_pt_rat_llr,395.25,from_multivar,5
lep0_pt_x_bjets_mbb_x_bjets_dR_x_blnu_mT_x_blnu_pt_x_trijet_mInv_x_trijet_pt_x_trijet_pt_rat_x_trijet_bijet_dR_llr,395.25,from_multivar,9
lep0_pt_x_bjets_dR_x_bjet0_pt_x_blnu_mT_x_trijet_pt_x_trijet_bijet_dR_llr,395.5,from_multivar,6
lep0_pt_x_bjets_dR_x_bjet0_pt_x_bjet1_pt_x_blnu_pt_x_trijet_pt_rat_x_trijet_bijet_dR_llr,395.5,from_multivar,7
bjets_dR_x_bjet0_pt_x_bjet1_pt_x_blnu_mT_x_trijet_mInv_x_trijet_pt_x_trijet_pt_rat_x_trijet_bijet_dR_llr,395.625,from_multivar,8
bjets_mbb_x_bjet0_pt_x_blnu_pt_x_trijet_pt_rat_x_trijet_bijet_dR_llr,395.625,from_multivar,5
lep0_pt_x_bjets_dR_x_bjet0_pt_x_bjet1_pt_x_blnu_mT_x_blnu_pt_x_trijet_mInv_llr,395.625,from_multivar,7
bjets_dR_x_bjet0_pt_x_blnu_mT_x_trijet_pt_llr,395.75,from_multivar,4
lep0_pt_x_bjets_mbb_x_bjet0_pt_x_bjet1_pt_x_blnu_pt_x_trijet_mInv_x_trijet_pt_x_trijet_pt_rat_llr,395.875,from_multivar,8
lep0_pt_x_bjets_mbb_x_bjet0_pt_x_blnu_pt_x_trijet_mInv_x_trijet_pt_rat_x_trijet_bijet_dR_llr,396.0,from_multivar,7
lep0_pt_x_bjets_dR_x_bjet0_pt_x_blnu_mT_x_blnu_pt_x_trijet_pt_rat_x_trijet_bijet_dR_llr,396.0,from_multivar,7
bjets_pt_bb_x_trijet_mInv_x_trijet_pt_rat_x_trijet_bijet_dR_llr,396.25,from_multivar,4
bjets_pt_bb_x_bjet0_pt_x_blnu_mT_x_trijet_pt_rat_x_trijet_bijet_dR_llr,396.25,from_multivar,5
lep0_pt_x_bjets_pt_bb_x_bjet0_pt_x_blnu_mT_x_trijet_mInv_x_trijet_pt_rat_x_trijet_bijet_dR_llr,396.5,from_multivar,7
bjets_mbb_x_bjet0_pt_x_bjet1_pt_x_blnu_pt_x_trijet_mInv_x_trijet_pt_x_trijet_pt_rat_llr,396.625,from_multivar,7
lep0_pt_x_bjets_dR_x_bjet0_pt_x_bjet1_pt_x_blnu_pt_x_trijet_mInv_x_trijet_pt_x_trijet_bijet_dR_llr,396.625,from_multivar,8
bjets_dR_x_bjet0_pt_x_blnu_mT_x_blnu_pt_x_trijet_mInv_x_trijet_pt_llr,396.75,from_multivar,6
lep0_pt_x_bjets_dR_x_bjet0_pt_x_bjet1_pt_x_trijet_mInv_x_trijet_pt_x_trijet_pt_rat_llr,396.75,from_multivar,7
bjets_pt_bb_x_bjet0_pt_x_bjet1_pt_x_trijet_pt_rat_x_trijet_bijet_dR_llr,397.0,from_multivar,5
bjets_dR_x_bjet0_pt_x_bjet1_pt_x_trijet_pt_x_trijet_pt_rat_llr,397.25,from_multivar,5
bjets_dR_x_bjet0_pt_x_blnu_mT_x_trijet_pt_x_trijet_pt_rat_llr,397.25,from_multivar,5
bjets_pt_bb_x_bjet1_pt_x_trijet_mInv_x_trijet_pt_rat_x_trijet_bijet_dR_llr,397.25,from_multivar,5
lep0_pt_x_bjets_mbb_x_bjet0_pt_x_blnu_pt_x_trijet_bijet_dR_llr,397.25,from_multivar,5
lep0_pt_x_bjets_mbb_x_bjet0_pt_x_trijet_pt_llr,397.25,from_multivar,4
lep0_pt_x_bjets_mbb_x_bjet0_pt_x_blnu_pt_x_trijet_mInv_llr,397.25,from_multivar,5
bjets_mbb_x_bjet0_pt_x_bjet1_pt_x_blnu_pt_x_trijet_mInv_x_trijet_pt_rat_x_trijet_bijet_dR_llr,397.5,from_multivar,7
bjets_dR_x_bjet0_pt_x_trijet_mInv_x_trijet_pt_x_trijet_pt_rat_llr,397.625,from_multivar,5
bjets_pt_bb_x_blnu_mT_x_trijet_mInv_x_trijet_pt_x_trijet_pt_rat_x_trijet_bijet_dR_llr,397.75,from_multivar,6
bjets_pt_bb_x_bjet0_pt_x_trijet_mInv_x_trijet_pt_rat_x_trijet_bijet_dR_llr,397.9375,from_multivar,5
bjets_mbb_x_bjet0_pt_x_blnu_mT_x_blnu_pt_x_trijet_pt_rat_llr,398.25,from_multivar,5
bjets_pt_bb_x_blnu_mT_x_trijet_pt_rat_llr,398.25,from_multivar,3
bjets_pt_bb_x_bjet1_pt_x_blnu_pt_x_trijet_pt_x_trijet_pt_rat_x_trijet_bijet_dR_llr,398.25,from_multivar,6
lep0_pt_x_bjets_pt_bb_x_bjet0_pt_x_bjet1_pt_x_blnu_mT_x_trijet_pt_rat_x_trijet_bijet_dR_llr,398.25,from_multivar,7
lep0_pt_x_bjets_dR_x_bjet0_pt_x_bjet1_pt_x_blnu_mT_x_trijet_mInv_x_trijet_pt_x_trijet_pt_rat_x_trijet_bijet_dR_llr,398.25,from_multivar,9
bjets_dR_x_bjet0_pt_x_blnu_mT_x_trijet_pt_x_trijet_pt_rat_x_trijet_bijet_dR_llr,398.5,from_multivar,6
lep0_pt_x_bjets_pt_bb_x_bjet1_pt_x_blnu_mT_x_blnu_pt_x_trijet_pt_x_trijet_bijet_dR_llr,398.625,from_multivar,7
bjets_dR_x_bjet0_pt_x_blnu_pt_x_trijet_mInv_x_trijet_pt_x_trijet_pt_rat_llr,399.25,from_multivar,6
bjets_dR_x_bjet0_pt_x_bjet1_pt_x_blnu_pt_x_trijet_pt_llr,399.25,from_multivar,5
bjets_pt_bb_x_trijet_mInv_x_trijet_pt_x_trijet_pt_rat_x_trijet_bijet_dR_llr,399.25,from_multivar,5
lep0_pt_x_bjets_pt_bb_x_blnu_mT_x_trijet_pt_rat_x_trijet_bijet_dR_llr,399.25,from_multivar,5
lep0_pt_x_bjets_dR_x_bjet0_pt_x_blnu_mT_x_blnu_pt_x_trijet_mInv_x_trijet_pt_rat_llr,399.25,from_multivar,7
lep0_pt_x_bjets_dR_x_bjet0_pt_x_blnu_mT_x_trijet_mInv_x_trijet_pt_x_trijet_bijet_dR_llr,399.25,from_multivar,7
bjets_pt_bb_x_bjet0_pt_x_bjet1_pt_x_trijet_mInv_x_trijet_pt_rat_x_trijet_bijet_dR_llr,399.25,from_multivar,6
bjets_pt_bb_x_blnu_pt_x_trijet_mInv_x_trijet_pt_x_trijet_pt_rat_x_trijet_bijet_dR_llr,399.5,from_multivar,6
lep0_pt_x_bjets_mbb_x_bjet0_pt_x_bjet1_pt_x_blnu_pt_x_trijet_bijet_dR_llr,399.5,from_multivar,6
bjets_dR_x_bjet0_pt_x_bjet1_pt_x_blnu_pt_x_trijet_mInv_x_trijet_pt_x_trijet_bijet_dR_llr,399.625,from_multivar,7
lep0_pt_x_bjets_pt_bb_x_bjet0_pt_x_bjet1_pt_x_trijet_mInv_x_trijet_pt_rat_x_trijet_bijet_dR_llr,399.625,from_multivar,7
lep0_pt_x_bjets_mbb_x_bjet0_pt_x_blnu_mT_x_trijet_mInv_x_trijet_bijet_dR_llr,399.875,from_multivar,6
lep0_pt_x_bjets_pt_bb_x_blnu_mT_x_trijet_pt_rat_llr,399.875,from_multivar,4
bjets_dR_x_bjets_pt_bb_x_bjet0_pt_x_bjet1_pt_x_blnu_mT_x_trijet_mInv_llr,400.0,from_multivar,6
lep0_pt_x_bjets_mbb_x_bjets_dR_x_blnu_mT_x_blnu_pt_x_trijet_pt_x_trijet_bijet_dR_llr,400.25,from_multivar,7
lep0_pt_x_bjets_pt_bb_x_bjet1_pt_x_trijet_mInv_x_trijet_pt_rat_x_trijet_bijet_dR_llr,400.25,from_multivar,6
lep0_pt_x_bjets_pt_bb_x_trijet_mInv_x_trijet_pt_x_trijet_pt_rat_x_trijet_bijet_dR_llr,400.25,from_multivar,6
bjets_pt_bb_x_bjet0_pt_x_bjet1_pt_x_blnu_mT_x_trijet_mInv_x_trijet_pt_rat_x_trijet_bijet_dR_llr,400.625,from_multivar,7
bjets_pt_bb_x_trijet_pt_x_trijet_pt_rat_x_trijet_bijet_dR_llr,400.625,from_multivar,4
lep0_pt_x_bjets_pt_bb_x_blnu_mT_x_blnu_pt_x_trijet_mInv_x_trijet_pt_x_trijet_bijet_dR_llr,400.75,from_multivar,7
bjets_mbb_x_bjet0_pt_x_blnu_pt_x_trijet_pt_x_trijet_pt_rat_llr,400.8125,from_multivar,5
bjets_pt_bb_x_bjet1_pt_x_blnu_mT_x_trijet_pt_x_trijet_pt_rat_x_trijet_bijet_dR_llr,400.875,from_multivar,6
bjets_pt_bb_x_bjet1_pt_x_blnu_mT_x_trijet_pt_rat_llr,400.875,from_multivar,4
bjets_pt_bb_x_bjet1_pt_x_blnu_mT_x_trijet_pt_rat_x_trijet_bijet_dR_llr,400.9375,from_multivar,5
bjets_pt_bb_x_blnu_pt_x_trijet_pt_x_trijet_pt_rat_x_trijet_bijet_dR_llr,400.9375,from_multivar,5
lep0_pt_x_bjets_pt_bb_x_trijet_pt_rat_x_trijet_bijet_dR_llr,400.9375,from_multivar,4
bjets_mbb_x_bjet0_pt_x_blnu_pt_llr,401.25,from_multivar,3
lep0_pt_x_bjets_dR_x_bjet0_pt_x_blnu_pt_x_trijet_mInv_x_trijet_pt_x_trijet_bijet_dR_llr,401.25,from_multivar,7
lep0_pt_x_bjets_pt_bb_x_blnu_mT_x_blnu_pt_x_trijet_mInv_x_trijet_pt_rat_x_trijet_bijet_dR_llr,401.25,from_multivar,7
lep0_pt_x_bjets_pt_bb_x_bjet1_pt_x_trijet_pt_x_trijet_pt_rat_x_trijet_bijet_dR_llr,401.25,from_multivar,6
lep0_pt_x_bjets_pt_bb_x_bjet1_pt_x_blnu_mT_x_trijet_mInv_x_trijet_pt_rat_llr,401.25,from_multivar,6
bjets_mbb_x_bjet0_pt_x_trijet_mInv_x_trijet_pt_x_trijet_bijet_dR_llr,401.625,from_multivar,5
bjets_pt_bb_x_bjet1_pt_x_blnu_mT_x_trijet_mInv_x_trijet_pt_rat_llr,401.625,from_multivar,5
bjets_mbb_x_bjet0_pt_x_blnu_pt_x_trijet_bijet_dR_llr,401.625,from_multivar,4
lep0_pt_x_bjets_dR_x_bjet0_pt_x_bjet1_pt_x_trijet_pt_x_trijet_pt_rat_llr,401.8125,from_multivar,6
lep0_pt_x_bjets_dR_x_bjet0_pt_x_bjet1_pt_x_blnu_mT_x_trijet_pt_x_trijet_bijet_dR_llr,401.9375,from_multivar,7
bjets_pt_bb_x_trijet_mInv_x_trijet_pt_rat_llr,401.9375,from_multivar,3
lep0_pt_x_bjets_mbb_x_bjet0_pt_x_blnu_pt_x_trijet_mInv_x_trijet_pt_llr,402.0,from_multivar,6
lep0_pt_x_bjets_pt_bb_x_trijet_mInv_x_trijet_pt_rat_x_trijet_bijet_dR_llr,402.0,from_multivar,5
lep0_pt_x_bjets_mbb_x_bjets_dR_x_blnu_mT_x_trijet_pt_x_trijet_pt_rat_x_trijet_bijet_dR_llr,402.25,from_multivar,7
lep0_pt_x_bjets_dR_x_bjet0_pt_x_bjet1_pt_x_trijet_mInv_x_trijet_pt_x_trijet_pt_rat_x_trijet_bijet_dR_llr,402.25,from_multivar,8
lep0_pt_x_bjets_dR_x_bjet0_pt_x_bjet1_pt_x_blnu_mT_x_trijet_pt_x_trijet_pt_rat_x_trijet_bijet_dR_llr,402.25,from_multivar,8
bjets_mbb_x_bjet0_pt_x_blnu_mT_x_blnu_pt_x_trijet_mInv_x_trijet_bijet_dR_llr,402.25,from_multivar,6
lep0_pt_x_bjets_pt_bb_x_bjet0_pt_x_blnu_mT_x_trijet_pt_rat_llr,402.25,from_multivar,5
bjets_pt_bb_x_blnu_mT_x_trijet_pt_x_trijet_pt_rat_x_trijet_bijet_dR_llr,402.25,from_multivar,5
bjets_pt_bb_x_bjet1_pt_x_trijet_pt_x_trijet_pt_rat_x_trijet_bijet_dR_llr,402.875,from_multivar,5
lep0_pt_x_bjets_dR_x_bjet0_pt_x_bjet1_pt_x_blnu_mT_x_trijet_mInv_x_trijet_pt_x_trijet_pt_rat_llr,402.9688,from_multivar,8
lep0_pt_x_bjets_mbb_x_bjet0_pt_x_bjet1_pt_x_blnu_mT_x_trijet_mInv_x_trijet_bijet_dR_llr,403.0,from_multivar,7
lep0_pt_x_bjets_dR_x_bjet0_pt_x_blnu_mT_x_blnu_pt_x_trijet_pt_rat_llr,403.25,from_multivar,6
bjets_dR_x_bjet0_pt_x_bjet1_pt_x_blnu_pt_x_trijet_pt_x_trijet_pt_rat_llr,403.25,from_multivar,6
bjets_dR_x_bjet0_pt_x_bjet1_pt_x_blnu_mT_x_blnu_pt_llr,403.25,from_multivar,5
lep0_pt_x_bjets_dR_x_bjet0_pt_x_bjet1_pt_x_blnu_pt_x_trijet_mInv_x_trijet_pt_x_trijet_pt_rat_llr,403.25,from_multivar,8
bjets_dR_x_bjet0_pt_x_bjet1_pt_x_blnu_pt_x_trijet_mInv_x_trijet_pt_x_trijet_pt_rat_llr,403.25,from_multivar,7
bjets_dR_x_bjets_pt_bb_x_bjet0_pt_x_blnu_mT_x_trijet_mInv_llr,403.5,from_multivar,5
lep0_pt_x_bjets_dR_x_bjets_pt_bb_x_bjet0_pt_x_blnu_mT_llr,403.5,from_multivar,5
lep0_pt_x_bjets_dR_x_bjet0_pt_x_bjet1_pt_x_blnu_mT_x_blnu_pt_x_trijet_bijet_dR_llr,403.625,from_multivar,7
bjets_dR_x_bjet0_pt_x_bjet1_pt_x_blnu_mT_x_trijet_pt_x_trijet_pt_rat_x_trijet_bijet_dR_llr,403.625,from_multivar,7
lep0_pt_x_bjets_dR_x_bjets_pt_bb_x_bjet0_pt_x_bjet1_pt_x_blnu_mT_x_trijet_mInv_llr,403.9375,from_multivar,7
lep0_pt_x_bjets_pt_bb_x_trijet_mInv_x_trijet_pt_rat_llr,404.25,from_multivar,4
bjets_mbb_x_bjet0_pt_x_blnu_mT_x_trijet_mInv_x_trijet_pt_llr,404.25,from_multivar,5
bjets_pt_bb_x_bjet1_pt_x_blnu_pt_x_trijet_mInv_x_trijet_pt_x_trijet_pt_rat_x_trijet_bijet_dR_llr,404.25,from_multivar,7
lep0_pt_x_bjets_mbb_x_bjet0_pt_x_bjet1_pt_x_blnu_mT_x_blnu_pt_x_trijet_mInv_x_trijet_pt_rat_llr,404.25,from_multivar,8
bjets_mbb_x_bjet0_pt_x_bjet1_pt_x_blnu_mT_x_trijet_mInv_x_trijet_pt_x_trijet_pt_rat_llr,404.25,from_multivar,7
lep0_pt_x_bjets_pt_bb_x_trijet_pt_x_trijet_pt_rat_x_trijet_bijet_dR_llr,404.625,from_multivar,5
lep0_pt_x_bjets_dR_x_bjet0_pt_x_blnu_pt_x_trijet_mInv_x_trijet_pt_x_trijet_pt_rat_llr,404.75,from_multivar,7
lep0_pt_x_bjets_pt_bb_x_bjet1_pt_x_blnu_mT_x_blnu_pt_x_trijet_pt_rat_x_trijet_bijet_dR_llr,404.9375,from_multivar,7
bjets_pt_bb_x_bjet1_pt_x_trijet_pt_rat_x_trijet_bijet_dR_llr,404.9375,from_multivar,4
lep0_pt_x_bjets_dR_x_bjet0_pt_x_trijet_mInv_x_trijet_pt_x_trijet_pt_rat_x_trijet_bijet_dR_llr,405.25,from_multivar,7
lep0_pt_x_bjets_mbb_x_bjet0_pt_x_blnu_pt_x_trijet_mInv_x_trijet_pt_x_trijet_pt_rat_llr,405.25,from_multivar,7
lep0_pt_x_bjets_pt_bb_x_bjet1_pt_x_trijet_mInv_x_trijet_pt_x_trijet_pt_rat_x_trijet_bijet_dR_llr,405.25,from_multivar,7
lep0_pt_x_bjets_mbb_x_bjet0_pt_x_trijet_mInv_x_trijet_pt_x_trijet_bijet_dR_llr,405.25,from_multivar,6
bjets_dR_x_bjet0_pt_x_trijet_pt_x_trijet_pt_rat_x_trijet_bijet_dR_llr,405.25,from_multivar,5
bjets_dR_x_bjets_pt_bb_x_bjet0_pt_x_blnu_mT_llr,405.5,from_multivar,4
lep0_pt_x_bjets_pt_bb_x_bjet1_pt_x_blnu_mT_x_trijet_mInv_x_trijet_pt_rat_x_trijet_bijet_dR_llr,405.5,from_multivar,7
bjets_mbb_x_bjet0_pt_x_trijet_mInv_x_trijet_pt_x_trijet_pt_rat_x_trijet_bijet_dR_llr,405.5,from_multivar,6
lep0_pt_x_bjets_pt_bb_x_trijet_pt_rat_llr,406.0,from_multivar,3
lep0_pt_x_bjets_mbb_x_bjet0_pt_x_blnu_mT_x_trijet_bijet_dR_llr,406.25,from_multivar,5
bjets_pt_bb_x_bjet0_pt_x_blnu_mT_x_trijet_pt_rat_llr,406.25,from_multivar,4
lep0_pt_x_bjets_pt_bb_x_bjet1_pt_x_trijet_mInv_x_trijet_pt_rat_llr,406.25,from_multivar,5
lep0_pt_x_bjets_dR_x_bjet0_pt_x_bjet1_pt_x_trijet_pt_x_trijet_pt_rat_x_trijet_bijet_dR_llr,406.5,from_multivar,7
bjets_pt_bb_x_bjet0_pt_x_bjet1_pt_x_blnu_mT_x_trijet_mInv_x_trijet_pt_rat_llr,406.625,from_multivar,6
lep0_pt_x_bjets_dR_x_bjet0_pt_x_blnu_mT_x_trijet_mInv_x_trijet_pt_x_trijet_pt_rat_llr,406.875,from_multivar,7
bjets_pt_bb_x_blnu_mT_x_blnu_pt_x_trijet_mInv_x_trijet_pt_x_trijet_pt_rat_x_trijet_bijet_dR_llr,406.9375,from_multivar,7
bjets_mbb_x_bjet0_pt_x_blnu_mT_x_blnu_pt_x_trijet_mInv_x_trijet_pt_rat_x_trijet_bijet_dR_llr,407.25,from_multivar,7
lep0_pt_x_bjets_dR_x_bjet0_pt_x_blnu_mT_x_trijet_pt_x_trijet_pt_rat_x_trijet_bijet_dR_llr,407.25,from_multivar,7
lep0_pt_x_bjets_pt_bb_x_blnu_mT_x_trijet_pt_x_trijet_pt_rat_x_trijet_bijet_dR_llr,407.25,from_multivar,6
bjets_mbb_x_bjet0_pt_x_blnu_mT_x_trijet_mInv_x_trijet_pt_x_trijet_pt_rat_llr,407.25,from_multivar,6
lep0_pt_x_bjets_pt_bb_x_bjet1_pt_x_trijet_pt_rat_x_trijet_bijet_dR_llr,407.25,from_multivar,5
bjets_dR_x_bjet0_pt_x_bjet1_pt_x_trijet_mInv_x_trijet_pt_x_trijet_pt_rat_x_trijet_bijet_dR_llr,407.25,from_multivar,7
bjets_dR_x_bjet0_pt_x_bjet1_pt_x_blnu_mT_x_blnu_pt_x_trijet_mInv_x_trijet_pt_x_trijet_bijet_dR_llr,408.25,from_multivar,8
lep0_pt_x_bjets_mbb_x_bjet0_pt_x_bjet1_pt_x_blnu_mT_x_trijet_pt_rat_x_trijet_bijet_dR_llr,408.25,from_multivar,7
lep0_pt_x_bjets_dR_x_bjets_pt_bb_x_bjet0_pt_x_bjet1_pt_x_blnu_mT_llr,408.25,from_multivar,6
bjets_mbb_x_bjet0_pt_x_bjet1_pt_x_blnu_mT_x_trijet_pt_x_trijet_pt_rat_llr,408.25,from_multivar,6
bjets_mbb_x_bjet0_pt_x_blnu_mT_x_trijet_bijet_dR_llr,408.25,from_multivar,4
lep0_pt_x_bjets_dR_x_bjet0_pt_x_bjet1_pt_x_blnu_pt_x_trijet_pt_llr,408.25,from_multivar,6
lep0_pt_x_bjets_mbb_x_bjet0_pt_x_trijet_pt_x_trijet_pt_rat_x_trijet_bijet_dR_llr,408.5,from_multivar,6
bjets_dR_x_bjet0_pt_x_trijet_pt_x_trijet_pt_rat_llr,408.625,from_multivar,4
lep0_pt_x_bjets_mbb_x_bjet0_pt_x_bjet1_pt_x_blnu_mT_x_trijet_bijet_dR_llr,408.625,from_multivar,6
lep0_pt_x_bjets_mbb_x_bjet0_pt_x_bjet1_pt_x_trijet_mInv_x_trijet_pt_x_trijet_bijet_dR_llr,408.75,from_multivar,7
lep0_pt_x_bjets_mbb_x_bjet0_pt_x_blnu_pt_x_trijet_pt_x_trijet_pt_rat_llr,409.0,from_multivar,6
bjets_pt_bb_x_bjet0_pt_x_bjet1_pt_x_blnu_mT_x_trijet_pt_rat_llr,409.25,from_multivar,5
bjets_dR_x_bjets_pt_bb_x_bjet0_pt_x_bjet1_pt_x_blnu_mT_llr,409.25,from_multivar,5
bjets_dR_x_bjet0_pt_x_blnu_mT_x_blnu_pt_llr,409.25,from_multivar,4
bjets_mbb_x_bjets_dR_x_bjet1_pt_x_blnu_mT_x_blnu_pt_x_trijet_pt_x_trijet_pt_rat_x_trijet_bijet_dR_llr,409.25,from_multivar,8
lep0_pt_x_bjets_dR_x_bjet0_pt_x_bjet1_pt_x_blnu_mT_x_blnu_pt_x_trijet_pt_rat_x_trijet_bijet_dR_llr,409.25,from_multivar,8
bjets_pt_bb_x_bjet0_pt_x_blnu_mT_x_trijet_mInv_x_trijet_pt_rat_llr,409.625,from_multivar,5
bjets_pt_bb_x_bjet1_pt_x_trijet_mInv_x_trijet_pt_rat_llr,409.75,from_multivar,4
lep0_pt_x_bjets_pt_bb_x_bjet0_pt_x_bjet1_pt_x_blnu_mT_x_trijet_pt_rat_llr,409.75,from_multivar,6
bjets_mbb_x_bjets_dR_x_blnu_mT_x_blnu_pt_x_trijet_pt_x_trijet_pt_rat_x_trijet_bijet_dR_llr,409.75,from_multivar,7
bjets_pt_bb_x_bjet1_pt_x_blnu_mT_x_trijet_mInv_x_trijet_pt_x_trijet_pt_rat_x_trijet_bijet_dR_llr,409.75,from_multivar,7
lep0_pt_x_bjets_mbb_x_bjets_dR_x_blnu_mT_x_blnu_pt_x_trijet_pt_x_trijet_pt_rat_llr,409.75,from_multivar,7
lep0_pt_x_bjets_pt_bb_x_bjet1_pt_x_blnu_pt_x_trijet_mInv_x_trijet_pt_x_trijet_pt_rat_x_trijet_bijet_dR_llr,409.875,from_multivar,8
bjets_dR_x_bjet0_pt_x_bjet1_pt_x_blnu_mT_x_blnu_pt_x_trijet_mInv_x_trijet_pt_llr,410.25,from_multivar,7
lep0_pt_x_bjets_mbb_x_bjet0_pt_x_bjet1_pt_x_blnu_mT_x_blnu_pt_x_trijet_mInv_x_trijet_pt_rat_x_trijet_bijet_dR_llr,410.25,from_multivar,9
bjets_pt_bb_x_bjet0_pt_x_trijet_pt_rat_x_trijet_bijet_dR_llr,410.25,from_multivar,4
lep0_pt_x_bjets_pt_bb_x_bjet1_pt_x_blnu_mT_x_trijet_pt_rat_llr,410.25,from_multivar,5
bjets_pt_bb_x_bjet1_pt_x_blnu_mT_x_blnu_pt_x_trijet_mInv_x_trijet_pt_x_trijet_pt_rat_x_trijet_bijet_dR_llr,410.5,from_multivar,8
bjets_mbb_x_bjet0_pt_x_bjet1_pt_x_blnu_mT_x_trijet_bijet_dR_llr,410.625,from_multivar,5
bjets_pt_bb_x_bjet1_pt_x_trijet_pt_rat_llr,410.625,from_multivar,3
bjets_mbb_x_bjet0_pt_x_bjet1_pt_x_blnu_mT_x_blnu_pt_x_trijet_mInv_x_trijet_pt_rat_x_trijet_bijet_dR_llr,410.875,from_multivar,8
bjets_mbb_x_bjet0_pt_x_bjet1_pt_x_trijet_mInv_x_trijet_pt_x_trijet_pt_rat_x_trijet_bijet_dR_llr,411.25,from_multivar,7
lep0_pt_x_bjets_dR_x_bjet0_pt_x_bjet1_pt_x_blnu_mT_x_trijet_pt_llr,411.25,from_multivar,6
lep0_pt_x_bjets_pt_bb_x_bjet1_pt_x_blnu_mT_x_trijet_mInv_x_trijet_pt_x_trijet_pt_rat_x_trijet_bijet_dR_llr,411.75,from_multivar,8
lep0_pt_x_bjets_mbb_x_bjet0_pt_x_bjet1_pt_x_trijet_pt_x_trijet_bijet_dR_llr,411.75,from_multivar,6
bjets_mbb_x_bjet0_pt_x_blnu_pt_x_trijet_pt_llr,411.75,from_multivar,4
lep0_pt_x_bjets_pt_bb_x_bjet0_pt_x_blnu_mT_x_trijet_mInv_x_trijet_pt_rat_llr,411.875,from_multivar,6
lep0_pt_x_bjets_dR_x_bjet0_pt_x_bjet1_pt_x_blnu_mT_x_blnu_pt_x_trijet_mInv_x_trijet_pt_x_trijet_bijet_dR_llr,411.9375,from_multivar,9
bjets_dR_x_bjet0_pt_x_blnu_pt_x_trijet_pt_llr,411.9375,from_multivar,4
bjets_dR_x_bjet0_pt_x_blnu_mT_x_blnu_pt_x_trijet_mInv_x_trijet_pt_x_trijet_bijet_dR_llr,412.0,from_multivar,7
bjets_mbb_x_bjet0_pt_x_bjet1_pt_x_blnu_mT_x_blnu_pt_x_trijet_mInv_x_trijet_bijet_dR_llr,412.5,from_multivar,7
lep0_pt_x_bjets_dR_x_bjet0_pt_x_bjet1_pt_x_blnu_mT_x_blnu_pt_x_trijet_pt_rat_llr,412.5,from_multivar,7
lep0_pt_x_bjets_mbb_x_bjet0_pt_x_blnu_pt_llr,412.5,from_multivar,4
lep0_pt_x_bjets_mbb_x_bjet0_pt_x_blnu_mT_x_blnu_pt_x_trijet_mInv_x_trijet_pt_rat_x_trijet_bijet_dR_llr,412.625,from_multivar,8
lep0_pt_x_bjets_mbb_x_bjet0_pt_x_bjet1_pt_x_blnu_pt_x_trijet_pt_rat_x_trijet_bijet_dR_llr,412.625,from_multivar,7
lep0_pt_x_bjets_dR_x_bjets_pt_bb_x_bjet0_pt_x_bjet1_pt_x_trijet_mInv_llr,412.75,from_multivar,6
lep0_pt_x_bjets_dR_x_bjets_pt_bb_x_bjet0_pt_x_trijet_mInv_llr,412.8125,from_multivar,5
bjets_dR_x_bjets_pt_bb_x_bjet0_pt_x_trijet_mInv_llr,413.0,from_multivar,4
lep0_pt_x_bjets_pt_bb_x_blnu_pt_x_trijet_mInv_x_trijet_pt_x_trijet_pt_rat_x_trijet_bijet_dR_llr,413.25,from_multivar,7
lep0_pt_x_bjets_mbb_x_bjets_dR_x_bjet1_pt_x_blnu_mT_x_blnu_pt_x_trijet_pt_x_trijet_pt_rat_x_trijet_bijet_dR_llr,413.25,from_multivar,9
bjets_dR_x_bjet0_pt_x_blnu_mT_x_blnu_pt_x_trijet_pt_rat_x_trijet_bijet_dR_llr,413.25,from_multivar,6
lep0_pt_x_bjets_pt_bb_x_blnu_pt_x_trijet_pt_x_trijet_pt_rat_x_trijet_bijet_dR_llr,413.25,from_multivar,6
lep0_pt_x_bjets_pt_bb_x_bjet1_pt_x_trijet_pt_rat_llr,413.25,from_multivar,4
bjets_pt_bb_x_trijet_pt_rat_llr,413.25,from_multivar,2
bjets_mbb_x_bjet0_pt_x_bjet1_pt_x_blnu_mT_x_blnu_pt_x_trijet_mInv_llr,413.5,from_multivar,6
lep0_pt_x_bjets_mbb_x_bjet0_pt_x_bjet1_pt_x_blnu_mT_x_trijet_mInv_x_trijet_pt_llr,413.9375,from_multivar,7
bjets_dR_x_bjet0_pt_x_bjet1_pt_x_blnu_pt_x_trijet_mInv_x_trijet_pt_x_trijet_pt_rat_x_trijet_bijet_dR_llr,414.25,from_multivar,8
lep0_pt_x_bjets_mbb_x_bjet0_pt_x_bjet1_pt_x_blnu_mT_x_trijet_mInv_x_trijet_pt_x_trijet_pt_rat_llr,414.25,from_multivar,8
lep0_pt_x_bjets_mbb_x_bjet0_pt_x_bjet1_pt_x_trijet_mInv_x_trijet_pt_x_trijet_pt_rat_x_trijet_bijet_dR_llr,414.25,from_multivar,8
lep0_pt_x_bjets_mbb_x_bjet0_pt_x_blnu_mT_x_blnu_pt_x_trijet_mInv_x_trijet_pt_rat_llr,414.25,from_multivar,7
lep0_pt_x_bjets_dR_x_bjet0_pt_x_blnu_mT_x_blnu_pt_x_trijet_mInv_x_trijet_pt_x_trijet_bijet_dR_llr,414.625,from_multivar,8
lep0_pt_x_bjets_pt_bb_x_blnu_mT_x_trijet_mInv_x_trijet_pt_x_trijet_pt_rat_x_trijet_bijet_dR_llr,414.75,from_multivar,7
bjets_mbb_x_bjet0_pt_x_bjet1_pt_x_trijet_pt_x_trijet_bijet_dR_llr,414.75,from_multivar,5
bjets_mbb_x_bjet0_pt_x_blnu_mT_x_trijet_mInv_x_trijet_pt_x_trijet_bijet_dR_llr,414.8125,from_multivar,6
lep0_pt_x_bjets_dR_x_bjet0_pt_x_blnu_pt_x_trijet_pt_x_trijet_bijet_dR_llr,414.9375,from_multivar,6
lep0_pt_x_bjets_mbb_x_bjets_dR_x_blnu_mT_x_blnu_pt_x_trijet_pt_x_trijet_pt_rat_x_trijet_bijet_dR_llr,414.9375,from_multivar,8
lep0_pt_x_bjets_dR_x_bjet0_pt_x_blnu_pt_x_trijet_mInv_x_trijet_pt_x_trijet_pt_rat_x_trijet_bijet_dR_llr,415.625,from_multivar,8
bjets_dR_x_bjet0_pt_x_bjet1_pt_x_blnu_pt_x_trijet_pt_x_trijet_bijet_dR_llr,415.75,from_multivar,6
bjets_mbb_x_bjet0_pt_x_trijet_pt_x_trijet_bijet_dR_llr,415.75,from_multivar,4
lep0_pt_x_bjets_dR_x_bjet0_pt_x_bjet1_pt_x_blnu_mT_x_blnu_pt_llr,415.875,from_multivar,6
lep0_pt_x_bjets_mbb_x_bjet0_pt_x_blnu_mT_x_trijet_mInv_x_trijet_pt_llr,416.25,from_multivar,6
lep0_pt_x_bjets_pt_bb_x_bjet1_pt_x_blnu_mT_x_blnu_pt_x_trijet_mInv_x_trijet_pt_x_trijet_pt_rat_x_trijet_bijet_dR_llr,416.25,from_multivar,9
lep0_pt_x_bjets_pt_bb_x_blnu_mT_x_blnu_pt_x_trijet_mInv_x_trijet_pt_x_trijet_pt_rat_x_trijet_bijet_dR_llr,416.25,from_multivar,8
bjets_dR_x_bjets_pt_bb_x_bjet0_pt_x_bjet1_pt_x_trijet_mInv_llr,416.25,from_multivar,5
lep0_pt_x_bjets_dR_x_bjet0_pt_x_blnu_mT_x_trijet_pt_llr,416.9375,from_multivar,5
lep0_pt_x_bjets_mbb_x_bjet0_pt_x_bjet1_pt_x_blnu_mT_x_blnu_pt_x_trijet_mInv_x_trijet_bijet_dR_llr,417.25,from_multivar,8
lep0_pt_x_bjets_pt_bb_x_bjet0_pt_x_bjet1_pt_x_blnu_mT_x_trijet_mInv_x_trijet_pt_rat_llr,417.625,from_multivar,7
lep0_pt_x_bjets_dR_x_bjet0_pt_x_blnu_pt_x_trijet_pt_x_trijet_pt_rat_llr,417.9375,from_multivar,6
lep0_pt_x_bjets_mbb_x_bjet0_pt_x_bjet1_pt_x_blnu_pt_x_trijet_mInv_x_trijet_pt_x_trijet_bijet_dR_llr,417.9375,from_multivar,8
lep0_pt_x_bjets_pt_bb_x_bjet1_pt_x_blnu_pt_x_trijet_pt_x_trijet_pt_rat_x_trijet_bijet_dR_llr,418.0,from_multivar,7
bjets_dR_x_bjet0_pt_x_blnu_pt_x_trijet_pt_x_trijet_bijet_dR_llr,418.0,from_multivar,5
lep0_pt_x_bjets_mbb_x_bjet0_pt_x_bjet1_pt_x_blnu_pt_x_trijet_pt_x_trijet_pt_rat_llr,418.25,from_multivar,7
lep0_pt_x_bjets_mbb_x_bjet0_pt_x_bjet1_pt_x_blnu_pt_llr,418.75,from_multivar,5
bjets_dR_x_bjet0_pt_x_blnu_pt_x_trijet_pt_x_trijet_pt_rat_llr,418.9375,from_multivar,5
bjets_mbb_x_bjet0_pt_x_bjet1_pt_x_trijet_pt_x_trijet_pt_rat_x_trijet_bijet_dR_llr,419.25,from_multivar,6
lep0_pt_x_bjets_dR_x_bjets_pt_bb_x_bjet0_pt_llr,419.5,from_multivar,4
lep0_pt_x_bjets_pt_bb_x_bjet1_pt_x_blnu_mT_x_trijet_pt_x_trijet_pt_rat_x_trijet_bijet_dR_llr,419.5,from_multivar,7
lep0_pt_x_bjets_mbb_x_bjet0_pt_x_blnu_mT_x_blnu_pt_x_trijet_pt_rat_llr,419.625,from_multivar,6
lep0_pt_x_bjets_dR_x_bjet0_pt_x_blnu_mT_x_trijet_mInv_x_trijet_pt_x_trijet_pt_rat_x_trijet_bijet_dR_llr,419.625,from_multivar,8
lep0_pt_x_bjets_dR_x_bjet0_pt_x_bjet1_pt_x_blnu_mT_x_blnu_pt_x_trijet_mInv_x_trijet_pt_llr,419.625,from_multivar,8
lep0_pt_x_bjets_dR_x_bjet0_pt_x_blnu_pt_x_trijet_pt_llr,419.75,from_multivar,5
lep0_pt_x_bjets_pt_bb_x_bjet0_pt_x_bjet1_pt_x_trijet_pt_rat_llr,419.875,from_multivar,5
bjets_mbb_x_bjet0_pt_x_blnu_mT_x_blnu_pt_x_trijet_mInv_llr,419.9375,from_multivar,5
bjets_mbb_x_bjet0_pt_x_bjet1_pt_x_blnu_mT_x_trijet_mInv_x_trijet_pt_x_trijet_bijet_dR_llr,420.25,from_multivar,7
lep0_pt_x_bjets_pt_bb_x_bjet0_pt_x_trijet_pt_rat_llr,420.25,from_multivar,4
bjets_mbb_x_bjet0_pt_x_bjet1_pt_x_blnu_mT_x_trijet_pt_llr,421.25,from_multivar,5
bjets_pt_bb_x_bjet0_pt_x_trijet_mInv_x_trijet_pt_rat_llr,421.25,from_multivar,4
jj_l_dR_llr,421.5,from_1D,1
lep0_pt_x_bjets_dR_x_bjet0_pt_x_bjet1_pt_x_blnu_pt_x_trijet_mInv_x_trijet_pt_x_trijet_pt_rat_x_trijet_bijet_dR_llr,421.625,from_multivar,9
lep0_pt_x_bjets_pt_bb_x_bjet0_pt_x_trijet_mInv_x_trijet_pt_rat_llr,421.75,from_multivar,5
lep0_pt_x_bjets_dR_x_bjets_pt_bb_x_bjet0_pt_x_bjet1_pt_llr,421.875,from_multivar,5
bjets_mbb_x_bjet0_pt_x_bjet1_pt_x_blnu_pt_x_trijet_mInv_x_trijet_pt_x_trijet_bijet_dR_llr,422.0,from_multivar,7
bjets_mbb_x_bjet0_pt_x_blnu_mT_x_trijet_pt_x_trijet_pt_rat_llr,422.0,from_multivar,5
lep0_pt_x_bjets_mbb_x_bjet0_pt_x_trijet_pt_x_trijet_bijet_dR_llr,422.25,from_multivar,5
bjets_dR_x_bjet0_pt_x_bjet1_pt_x_blnu_mT_x_blnu_pt_x_trijet_pt_x_trijet_pt_rat_llr,422.25,from_multivar,7
bjets_mbb_x_bjet0_pt_x_blnu_pt_x_trijet_mInv_x_trijet_pt_x_trijet_bijet_dR_llr,422.25,from_multivar,6
bjets_dR_x_bjet0_pt_x_blnu_pt_x_trijet_mInv_x_trijet_pt_x_trijet_pt_rat_x_trijet_bijet_dR_llr,422.25,from_multivar,7
lep0_pt_x_bjets_pt_bb_x_bjet0_pt_x_bjet1_pt_x_trijet_mInv_x_trijet_pt_rat_llr,422.75,from_multivar,6
bjets_pt_bb_x_bjet0_pt_x_bjet1_pt_x_trijet_mInv_x_trijet_pt_rat_llr,422.75,from_multivar,5
bjets_dR_x_bjet0_pt_x_blnu_mT_x_blnu_pt_x_trijet_pt_x_trijet_bijet_dR_llr,422.75,from_multivar,6
bjets_dR_x_bjet0_pt_x_bjet1_pt_x_blnu_mT_x_blnu_pt_x_trijet_mInv_x_trijet_pt_x_trijet_pt_rat_x_trijet_bijet_dR_llr,422.875,from_multivar,9
bjets_dR_x_bjet0_pt_x_blnu_mT_x_blnu_pt_x_trijet_mInv_x_trijet_pt_x_trijet_pt_rat_x_trijet_bijet_dR_llr,423.0,from_multivar,8
lep0_pt_x_bjets_mbb_x_bjet0_pt_x_bjet1_pt_x_blnu_mT_x_blnu_pt_x_trijet_pt_rat_llr,423.25,from_multivar,7
lep0_pt_x_bjets_dR_x_bjet0_pt_x_blnu_mT_x_trijet_pt_x_trijet_pt_rat_llr,423.5,from_multivar,6
bjets_mbb_x_bjet0_pt_x_blnu_mT_x_trijet_pt_llr,423.625,from_multivar,4
lep0_pt_x_bjets_dR_x_bjet1_pt_x_trijet_mInv_x_trijet_bijet_dR_llr,423.875,from_multivar,5
bjets_dR_x_bjets_pt_bb_x_bjet0_pt_x_bjet1_pt_llr,423.9375,from_multivar,4
bjets_dR_x_bjets_pt_bb_x_bjet0_pt_llr,424.25,from_multivar,3
bjets_dR_x_bjet0_pt_x_bjet1_pt_x_blnu_mT_x_blnu_pt_x_trijet_pt_llr,424.25,from_multivar,6
bjets_mbb_x_bjet0_pt_x_blnu_mT_x_blnu_pt_x_trijet_bijet_dR_llr,424.875,from_multivar,5
lep0_pt_x_bjets_mbb_x_bjet0_pt_x_blnu_mT_x_blnu_pt_x_trijet_mInv_x_trijet_bijet_dR_llr,424.875,from_multivar,7
bjets_mbb_x_bjet0_pt_x_trijet_pt_x_trijet_pt_rat_x_trijet_bijet_dR_llr,425.25,from_multivar,5
bjets_pt_bb_x_bjet0_pt_x_bjet1_pt_x_trijet_pt_rat_llr,425.25,from_multivar,4
lep0_pt_x_bjets_mbb_x_bjet0_pt_x_blnu_mT_x_trijet_mInv_x_trijet_pt_x_trijet_pt_rat_llr,425.625,from_multivar,7
lep0_pt_x_bjets_dR_x_bjet0_pt_x_bjet1_pt_x_blnu_mT_x_blnu_pt_x_trijet_pt_x_trijet_pt_rat_x_trijet_bijet_dR_llr,425.75,from_multivar,9
lep0_pt_x_bjets_mbb_x_bjet0_pt_x_blnu_pt_x_trijet_mInv_x_trijet_pt_x_trijet_bijet_dR_llr,425.8125,from_multivar,7
bjets_dR_x_bjet0_pt_x_bjet1_pt_x_blnu_mT_x_blnu_pt_x_trijet_mInv_x_trijet_pt_x_trijet_pt_rat_llr,425.875,from_multivar,8
bjets_mbb_x_bjet0_pt_x_bjet1_pt_x_blnu_mT_x_blnu_pt_x_trijet_bijet_dR_llr,425.9375,from_multivar,6
lep0_pt_x_bjets_mbb_x_bjet0_pt_x_bjet1_pt_x_blnu_mT_x_trijet_mInv_x_trijet_pt_x_trijet_bijet_dR_llr,426.0,from_multivar,8
bjets_pt_bb_x_bjet1_pt_x_blnu_mT_x_blnu_pt_x_trijet_pt_x_trijet_pt_rat_x_trijet_bijet_dR_llr,426.25,from_multivar,7
bjets_dR_x_bjet0_pt_x_bjet1_pt_x_blnu_mT_x_blnu_pt_x_trijet_pt_x_trijet_pt_rat_x_trijet_bijet_dR_llr,426.25,from_multivar,8
lep0_pt_x_bjets_dR_x_bjet0_pt_x_bjet1_pt_x_blnu_pt_x_trijet_pt_x_trijet_pt_rat_llr,426.25,from_multivar,7
lep0_pt_x_bjets_mbb_x_bjet0_pt_x_blnu_pt_x_trijet_pt_llr,426.625,from_multivar,5
bjets_dR_x_bjet1_pt_x_trijet_mInv_x_trijet_bijet_dR_llr,426.875,from_multivar,4
lep0_pt_x_bjets_pt_bb_x_bjet1_pt_x_blnu_mT_x_blnu_pt_x_trijet_pt_x_trijet_pt_rat_x_trijet_bijet_dR_llr,426.875,from_multivar,8
bjets_mbb_x_bjet0_pt_x_bjet1_pt_x_blnu_mT_x_blnu_pt_x_trijet_pt_rat_x_trijet_bijet_dR_llr,426.875,from_multivar,7
lep0_pt_x_bjets_mbb_x_bjet0_pt_x_trijet_mInv_x_trijet_pt_x_trijet_pt_rat_x_trijet_bijet_dR_llr,427.25,from_multivar,7
bjets_mbb_x_bjet0_pt_x_blnu_mT_x_blnu_pt_x_trijet_mInv_x_trijet_pt_llr,427.25,from_multivar,6
lep0_pt_x_bjets_dR_x_bjet0_pt_x_bjet1_pt_x_blnu_pt_x_trijet_pt_x_trijet_bijet_dR_llr,427.625,from_multivar,7
lep0_pt_x_bjets_dR_x_bjet0_pt_x_blnu_mT_x_blnu_pt_x_trijet_mInv_x_trijet_pt_llr,427.875,from_multivar,7
lep0_pt_x_bjets_pt_bb_x_bjet1_pt_x_blnu_mT_x_trijet_mInv_x_trijet_bijet_dR_llr,428.0,from_multivar,6
bjets_pt_bb_x_bjet0_pt_x_trijet_pt_rat_llr,428.25,from_multivar,3
lep0_pt_x_bjets_mbb_x_bjet0_pt_x_bjet1_pt_x_blnu_pt_x_trijet_pt_llr,428.25,from_multivar,6
lep0_pt_x_bjets_dR_x_bjet0_pt_x_bjet1_pt_x_blnu_mT_x_blnu_pt_x_trijet_mInv_x_trijet_pt_x_trijet_pt_rat_x_trijet_bijet_dR_llr,428.25,from_multivar,10
lep0_pt_x_bjets_dR_x_bjet0_pt_x_blnu_mT_x_blnu_pt_llr,428.75,from_multivar,5
bjets_mbb_x_bjet0_pt_x_bjet1_pt_x_blnu_mT_x_trijet_mInv_x_trijet_pt_x_trijet_pt_rat_x_trijet_bijet_dR_llr,428.9375,from_multivar,8
bjets_dR_x_bjet1_pt_x_trijet_mInv_x_trijet_pt_rat_x_trijet_bijet_dR_llr,429.25,from_multivar,5
lep0_pt_x_bjets_dR_x_trijet_pt_rat_x_trijet_bijet_dR_llr,429.25,from_multivar,4
lep0_pt_x_bjets_pt_bb_x_bjet1_pt_x_blnu_mT_x_trijet_bijet_dR_llr,429.25,from_multivar,5
lep0_pt_x_bjets_mbb_x_bjet0_pt_x_bjet1_pt_x_trijet_pt_x_trijet_pt_rat_x_trijet_bijet_dR_llr,429.25,from_multivar,7
bjets_dR_x_bjet0_pt_x_blnu_mT_x_blnu_pt_x_trijet_pt_x_trijet_pt_rat_llr,429.5,from_multivar,6
lep0_pt_x_bjets_mbb_x_bjet0_pt_x_bjet1_pt_x_blnu_pt_x_trijet_mInv_x_trijet_pt_x_trijet_pt_rat_x_trijet_bijet_dR_llr,429.75,from_multivar,9
lep0_pt_x_bjets_mbb_x_bjet0_pt_x_blnu_mT_x_trijet_mInv_x_trijet_pt_x_trijet_bijet_dR_llr,429.75,from_multivar,7
lep0_pt_x_bjets_dR_x_bjet0_pt_x_bjet1_pt_x_blnu_mT_x_trijet_pt_x_trijet_pt_rat_llr,429.9375,from_multivar,7
lep0_pt_x_bjets_dR_x_bjet1_pt_x_blnu_mT_x_trijet_mInv_x_trijet_bijet_dR_llr,430.25,from_multivar,6
bjets_pt_bb_x_bjet1_pt_x_blnu_mT_x_trijet_bijet_dR_llr,430.875,from_multivar,4
bjets_dR_x_trijet_mInv_x_trijet_bijet_dR_llr,430.875,from_multivar,3
lep0_pt_x_bjets_dR_x_bjet1_pt_x_trijet_mInv_x_trijet_pt_rat_x_trijet_bijet_dR_llr,431.0,from_multivar,6
lep0_pt_x_bjets_mbb_x_bjet0_pt_x_blnu_pt_x_trijet_pt_x_trijet_bijet_dR_llr,431.25,from_multivar,6
bjets_dR_x_bjet0_pt_x_blnu_mT_x_blnu_pt_x_trijet_mInv_x_trijet_pt_x_trijet_pt_rat_llr,431.25,from_multivar,7
lep0_pt_x_bjets_dR_x_bjet0_pt_x_blnu_mT_x_blnu_pt_x_trijet_mInv_x_trijet_pt_x_trijet_pt_rat_x_trijet_bijet_dR_llr,431.25,from_multivar,9
lep0_pt_x_bjets_pt_bb_x_blnu_mT_x_blnu_pt_x_trijet_pt_x_trijet_pt_rat_x_trijet_bijet_dR_llr,431.25,from_multivar,7
lep0_pt_x_bjets_dR_x_trijet_mInv_x_trijet_bijet_dR_llr,431.875,from_multivar,4
jj_lnu_dR_llr,432.0,from_1D,1
bjets_mbb_x_bjet0_pt_x_bjet1_pt_x_blnu_pt_x_trijet_mInv_x_trijet_pt_x_trijet_pt_rat_x_trijet_bijet_dR_llr,432.25,from_multivar,8
bjets_mbb_x_bjet0_pt_x_blnu_mT_x_trijet_pt_x_trijet_pt_rat_x_trijet_bijet_dR_llr,432.25,from_multivar,6
bjets_dR_x_bjet1_pt_x_blnu_mT_x_trijet_mInv_x_trijet_bijet_dR_llr,432.5,from_multivar,5
bjets_mbb_x_bjet0_pt_x_blnu_mT_x_trijet_mInv_x_trijet_pt_x_trijet_pt_rat_x_trijet_bijet_dR_llr,432.5,from_multivar,7
bjets_pt_bb_x_blnu_mT_x_trijet_bijet_dR_llr,432.5,from_multivar,3
bjets_mbb_x_bjet0_pt_x_bjet1_pt_x_blnu_pt_x_trijet_pt_x_trijet_bijet_dR_llr,432.75,from_multivar,6
bjets_mbb_x_bjet0_pt_x_bjet1_pt_x_blnu_mT_x_blnu_pt_x_trijet_mInv_x_trijet_pt_llr,433.25,from_multivar,7
lep0_pt_x_bjets_mbb_x_bjet0_pt_x_blnu_mT_x_blnu_pt_x_trijet_bijet_dR_llr,433.25,from_multivar,6
bjets_dR_x_blnu_mT_x_trijet_mInv_x_trijet_bijet_dR_llr,433.25,from_multivar,4
lep0_pt_x_bjets_pt_bb_x_blnu_mT_x_trijet_mInv_x_trijet_bijet_dR_llr,433.25,from_multivar,5
lep0_pt_x_bjets_dR_x_bjet0_pt_x_bjet1_pt_x_blnu_mT_x_blnu_pt_x_trijet_mInv_x_trijet_pt_x_trijet_pt_rat_llr,433.625,from_multivar,9
lep0_pt_x_bjets_mbb_x_bjet0_pt_x_bjet1_pt_x_blnu_mT_x_trijet_mInv_x_trijet_pt_x_trijet_pt_rat_x_trijet_bijet_dR_llr,433.875,from_multivar,9
bjets_dR_x_bjet1_pt_x_blnu_pt_x_trijet_mInv_x_trijet_bijet_dR_llr,434.25,from_multivar,5
lep0_pt_x_bjets_mbb_x_bjet0_pt_x_blnu_mT_x_blnu_pt_x_trijet_mInv_llr,434.25,from_multivar,6
lep0_pt_x_bjets_mbb_x_bjet0_pt_x_bjet1_pt_x_blnu_mT_x_blnu_pt_x_trijet_mInv_llr,434.75,from_multivar,7
lep0_pt_x_bjets_mbb_x_bjet0_pt_x_blnu_mT_x_trijet_pt_x_trijet_pt_rat_llr,434.875,from_multivar,6
bjets_dR_x_bjet1_pt_x_blnu_mT_x_trijet_mInv_x_trijet_pt_rat_x_trijet_bijet_dR_llr,435.25,from_multivar,6
bjets_pt_bb_x_bjet1_pt_x_blnu_mT_x_trijet_mInv_x_trijet_bijet_dR_llr,435.25,from_multivar,5
bjets_mbb_x_bjet0_pt_x_bjet1_pt_x_blnu_mT_x_blnu_pt_x_trijet_mInv_x_trijet_pt_x_trijet_pt_rat_llr,435.5,from_multivar,8
bjets_pt_bb_x_trijet_pt_rat_x_trijet_bijet_dR_llr,436.25,from_multivar,3
lep0_pt_x_bjets_dR_x_trijet_mInv_x_trijet_pt_rat_x_trijet_bijet_dR_llr,436.25,from_multivar,5
bjets_mbb_x_bjet0_pt_x_bjet1_pt_x_blnu_mT_x_trijet_pt_x_trijet_bijet_dR_llr,436.5,from_multivar,6
lep0_pt_x_bjets_mbb_x_bjet0_pt_x_bjet1_pt_x_blnu_mT_x_trijet_pt_x_trijet_pt_rat_llr,436.5,from_multivar,7
bjets_dR_x_bjet0_pt_x_blnu_mT_x_blnu_pt_x_trijet_pt_llr,436.625,from_multivar,5
bjets_pt_bb_x_blnu_mT_x_trijet_mInv_x_trijet_bijet_dR_llr,437.0,from_multivar,4
bjets_dR_x_trijet_mInv_x_trijet_pt_rat_x_trijet_bijet_dR_llr,437.8125,from_multivar,4
lep0_pt_x_bjets_mbb_x_bjet0_pt_x_bjet1_pt_x_blnu_mT_x_blnu_pt_x_trijet_pt_rat_x_trijet_bijet_dR_llr,438.25,from_multivar,8
lep0_pt_x_bjets_dR_x_bjet1_pt_x_blnu_pt_x_trijet_mInv_x_trijet_bijet_dR_llr,438.5,from_multivar,6
bjets_mbb_x_bjet0_pt_x_blnu_pt_x_trijet_mInv_x_trijet_pt_x_trijet_pt_rat_x_trijet_bijet_dR_llr,438.5,from_multivar,7
lep0_pt_x_bjets_dR_x_bjet0_pt_x_bjet1_pt_x_blnu_pt_x_trijet_pt_x_trijet_pt_rat_x_trijet_bijet_dR_llr,438.625,from_multivar,8
bjets_dR_x_bjet0_pt_x_bjet1_pt_x_blnu_mT_x_blnu_pt_x_trijet_pt_x_trijet_bijet_dR_llr,438.75,from_multivar,7
lep0_pt_x_bjets_mbb_x_bjet0_pt_x_bjet1_pt_x_blnu_mT_x_blnu_pt_x_trijet_mInv_x_trijet_pt_x_trijet_pt_rat_llr,438.875,from_multivar,9
lep0_pt_x_bjets_pt_bb_x_blnu_mT_x_trijet_bijet_dR_llr,438.9375,from_multivar,4
lep0_pt_x_bjets_dR_x_blnu_mT_x_trijet_mInv_x_trijet_bijet_dR_llr,439.25,from_multivar,5
lep0_pt_x_bjets_mbb_x_bjet0_pt_x_blnu_mT_x_blnu_pt_x_trijet_pt_rat_x_trijet_bijet_dR_llr,439.75,from_multivar,7
lep0_pt_x_bjets_mbb_x_bjet0_pt_x_blnu_pt_x_trijet_mInv_x_trijet_pt_x_trijet_pt_rat_x_trijet_bijet_dR_llr,439.875,from_multivar,8
bjets_dR_x_blnu_mT_x_trijet_mInv_x_trijet_pt_rat_x_trijet_bijet_dR_llr,440.25,from_multivar,5
bjets_mbb_x_bjet0_pt_x_blnu_mT_x_trijet_pt_x_trijet_bijet_dR_llr,440.625,from_multivar,5
lep0_pt_x_bjets_dR_x_bjet0_pt_x_blnu_mT_x_blnu_pt_x_trijet_mInv_x_trijet_pt_x_trijet_pt_rat_llr,440.875,from_multivar,8
lep0_pt_x_bjets_pt_bb_x_bjet1_pt_x_trijet_bijet_dR_llr,441.25,from_multivar,4
lep0_pt_x_bjets_pt_bb_x_bjet1_pt_x_trijet_mInv_x_trijet_bijet_dR_llr,441.25,from_multivar,5
lep0_pt_x_bjets_pt_bb_x_bjet0_pt_x_blnu_mT_x_trijet_mInv_x_trijet_bijet_dR_llr,441.625,from_multivar,6
bjets_dR_x_bjet1_pt_x_trijet_bijet_dR_llr,441.75,from_multivar,3
bjets_dR_x_blnu_pt_x_trijet_mInv_x_trijet_bijet_dR_llr,441.875,from_multivar,4
bjets_mbb_x_bjet0_pt_x_bjet1_pt_x_blnu_mT_x_blnu_pt_llr,442.0,from_multivar,5
lep0_pt_x_bjets_dR_x_trijet_bijet_dR_llr,442.25,from_multivar,3
bjets_dR_x_bjet0_pt_x_blnu_pt_x_trijet_pt_x_trijet_pt_rat_x_trijet_bijet_dR_llr,442.25,from_multivar,6
lep0_pt_x_bjets_mbb_x_bjet0_pt_x_blnu_mT_x_trijet_mInv_x_trijet_pt_x_trijet_pt_rat_x_trijet_bijet_dR_llr,442.5,from_multivar,8
lep0_pt_x_bjets_mbb_x_bjet0_pt_x_blnu_mT_x_trijet_pt_x_trijet_bijet_dR_llr,442.625,from_multivar,6
lep0_pt_x_bjets_pt_bb_x_bjet0_pt_x_bjet1_pt_x_blnu_mT_x_trijet_bijet_dR_llr,442.875,from_multivar,6
lep0_pt_x_bjets_mbb_x_bjet0_pt_x_bjet1_pt_x_blnu_mT_x_blnu_pt_x_trijet_bijet_dR_llr,442.9375,from_multivar,7
lep0_pt_x_bjets_dR_x_bjet0_pt_x_bjet1_pt_x_blnu_mT_x_blnu_pt_x_trijet_pt_x_trijet_bijet_dR_llr,443.75,from_multivar,8
bjets_mbb_x_bjet0_pt_x_blnu_pt_x_trijet_pt_x_trijet_bijet_dR_llr,444.5,from_multivar,5
bjets_dR_x_bjet0_pt_x_bjet1_pt_x_blnu_pt_x_trijet_pt_x_trijet_pt_rat_x_trijet_bijet_dR_llr,444.625,from_multivar,7
lep0_pt_x_bjets_dR_x_blnu_pt_x_trijet_mInv_x_trijet_bijet_dR_llr,444.75,from_multivar,5
bjets_mbb_x_bjet0_pt_x_bjet1_pt_x_blnu_mT_x_blnu_pt_x_trijet_mInv_x_trijet_pt_x_trijet_bijet_dR_llr,445.25,from_multivar,8
bjets_pt_bb_x_bjet1_pt_x_trijet_mInv_x_trijet_bijet_dR_llr,445.25,from_multivar,4
bjets_dR_x_bjet1_pt_x_blnu_pt_x_trijet_mInv_x_trijet_pt_rat_x_trijet_bijet_dR_llr,445.625,from_multivar,6
bjets_mbb_x_bjet0_pt_x_blnu_mT_x_blnu_pt_x_trijet_mInv_x_trijet_pt_x_trijet_pt_rat_llr,445.75,from_multivar,7
lep0_pt_x_bjets_pt_bb_x_trijet_bijet_dR_llr,446.25,from_multivar,3
lep0_pt_x_bjets_mbb_x_bjet0_pt_x_bjet1_pt_x_blnu_mT_x_trijet_pt_llr,446.5,from_multivar,6
lep0_pt_x_bjets_mbb_x_bjet0_pt_x_bjet1_pt_x_blnu_mT_x_blnu_pt_x_trijet_mInv_x_trijet_pt_llr,446.5,from_multivar,8
lep0_pt_x_bjets_dR_x_bjet0_pt_x_blnu_pt_x_trijet_pt_x_trijet_pt_rat_x_trijet_bijet_dR_llr,446.75,from_multivar,7
lep0_pt_x_bjets_dR_x_blnu_mT_x_trijet_mInv_x_trijet_pt_rat_x_trijet_bijet_dR_llr,447.25,from_multivar,6
bjets_dR_x_bjet1_pt_x_blnu_mT_x_blnu_pt_x_trijet_mInv_x_trijet_bijet_dR_llr,447.25,from_multivar,6
bjets_pt_bb_x_bjet1_pt_x_trijet_bijet_dR_llr,447.5,from_multivar,3
lep0_pt_x_bjets_pt_bb_x_trijet_mInv_x_trijet_bijet_dR_llr,447.9375,from_multivar,4
lep0_pt_x_bjets_mbb_x_bjet0_pt_x_blnu_mT_x_blnu_pt_x_trijet_mInv_x_trijet_pt_x_trijet_pt_rat_llr,447.9375,from_multivar,8
bjets_mbb_x_bjet1_pt_x_trijet_mInv_x_trijet_pt_rat_x_trijet_bijet_dR_llr,448.25,from_multivar,5
lep0_pt_x_bjets_dR_x_bjet1_pt_x_trijet_bijet_dR_llr,448.25,from_multivar,4
bjets_mbb_x_bjet0_pt_x_bjet1_pt_x_blnu_mT_x_trijet_pt_x_trijet_pt_rat_x_trijet_bijet_dR_llr,448.25,from_multivar,7
bjets_mbb_x_bjet0_pt_x_bjet1_pt_x_blnu_pt_x_trijet_pt_x_trijet_pt_rat_x_trijet_bijet_dR_llr,448.25,from_multivar,7
lep0_pt_x_bjets_dR_x_bjet0_pt_x_bjet1_pt_x_blnu_mT_x_blnu_pt_x_trijet_pt_x_trijet_pt_rat_llr,448.75,from_multivar,8
lep0_pt_x_bjets_mbb_x_bjet0_pt_x_blnu_mT_x_blnu_pt_x_trijet_mInv_x_trijet_pt_x_trijet_bijet_dR_llr,448.75,from_multivar,8
lep0_pt_x_bjets_mbb_x_bjet0_pt_x_bjet1_pt_x_blnu_pt_x_trijet_pt_x_trijet_pt_rat_x_trijet_bijet_dR_llr,448.9375,from_multivar,8
lep0_pt_x_bjets_mbb_x_bjet1_pt_x_trijet_mInv_x_trijet_pt_rat_x_trijet_bijet_dR_llr,449.25,from_multivar,6
lep0_pt_x_bjets_mbb_x_bjet0_pt_x_blnu_pt_x_trijet_pt_x_trijet_pt_rat_x_trijet_bijet_dR_llr,449.875,from_multivar,7
bjets_pt_bb_x_bjet0_pt_x_bjet1_pt_x_blnu_mT_x_trijet_mInv_x_trijet_bijet_dR_llr,450.5,from_multivar,6
lep0_pt_x_bjets_mbb_x_bjet0_pt_x_bjet1_pt_x_blnu_mT_x_blnu_pt_x_trijet_mInv_x_trijet_pt_x_trijet_bijet_dR_llr,450.625,from_multivar,9
bjets_dR_x_bjet1_pt_x_trijet_mInv_x_trijet_pt_x_trijet_bijet_dR_llr,450.625,from_multivar,5
lep0_pt_x_bjets_dR_x_bjet0_pt_x_blnu_mT_x_blnu_pt_x_trijet_pt_llr,450.75,from_multivar,6
lep0_pt_x_bjets_pt_bb_x_bjet0_pt_x_bjet1_pt_x_blnu_mT_x_trijet_mInv_x_trijet_bijet_dR_llr,451.0,from_multivar,7
bjets_pt_bb_x_trijet_mInv_x_trijet_bijet_dR_llr,451.25,from_multivar,3
lep0_pt_x_bjets_dR_x_bjet0_pt_x_blnu_mT_x_blnu_pt_x_trijet_pt_x_trijet_bijet_dR_llr,451.25,from_multivar,7
bjets_mbb_x_bjet0_pt_x_blnu_mT_x_blnu_pt_x_trijet_mInv_x_trijet_pt_x_trijet_bijet_dR_llr,451.5,from_multivar,7
bjets_mbb_x_bjet0_pt_x_blnu_mT_x_blnu_pt_llr,451.625,from_multivar,4
bjets_mbb_x_bjet0_pt_x_blnu_mT_x_blnu_pt_x_trijet_pt_x_trijet_pt_rat_llr,451.75,from_multivar,6
lep0_pt_x_bjets_dR_x_bjet1_pt_x_blnu_mT_x_trijet_mInv_x_trijet_pt_rat_x_trijet_bijet_dR_llr,451.8125,from_multivar,7
bjets_dR_x_bjet1_pt_x_trijet_pt_rat_x_trijet_bijet_dR_llr,451.875,from_multivar,4
bjets_mbb_x_bjet0_pt_x_bjet1_pt_x_blnu_mT_x_blnu_pt_x_trijet_mInv_x_trijet_pt_x_trijet_pt_rat_x_trijet_bijet_dR_llr,452.25,from_multivar,9
lep0_pt_x_bjets_mbb_x_bjet0_pt_x_bjet1_pt_x_blnu_pt_x_trijet_pt_x_trijet_bijet_dR_llr,452.25,from_multivar,7
lep0_pt_x_bjets_mbb_x_bjet0_pt_x_blnu_mT_x_trijet_pt_llr,452.25,from_multivar,5
lep0_pt_x_bjets_pt_bb_x_bjet0_pt_x_blnu_mT_x_trijet_bijet_dR_llr,452.5,from_multivar,5
lep0_pt_x_bjets_dR_x_bjet0_pt_x_bjet1_pt_x_blnu_mT_x_trijet_mInv_llr,452.9375,from_multivar,6
lep0_pt_x_bjets_mbb_x_bjet0_pt_x_bjet1_pt_x_blnu_mT_x_trijet_pt_x_trijet_pt_rat_x_trijet_bijet_dR_llr,453.0,from_multivar,8
bjets_dR_x_bjet1_pt_x_trijet_mInv_x_trijet_pt_rat_llr,453.875,from_multivar,4
bjets_mbb_x_bjet0_pt_x_blnu_pt_x_trijet_pt_x_trijet_pt_rat_x_trijet_bijet_dR_llr,454.25,from_multivar,6
lep0_pt_x_bjets_mbb_x_trijet_mInv_x_trijet_pt_rat_x_trijet_bijet_dR_llr,454.5,from_multivar,5
lep0_pt_x_bjets_pt_bb_x_bjet0_pt_x_bjet1_pt_x_trijet_bijet_dR_llr,454.625,from_multivar,5
bjets_dR_x_blnu_pt_x_trijet_mInv_x_trijet_pt_rat_x_trijet_bijet_dR_llr,454.8125,from_multivar,5
lep0_pt_x_bjets_mbb_x_bjet0_pt_x_bjet1_pt_x_blnu_mT_x_trijet_pt_x_trijet_bijet_dR_llr,454.9375,from_multivar,7
lep0_pt_x_bjets_dR_x_bjet0_pt_x_blnu_mT_x_trijet_mInv_llr,455.25,from_multivar,5
lep0_pt_x_bjets_pt_bb_x_bjet0_pt_x_bjet1_pt_x_trijet_mInv_x_trijet_bijet_dR_llr,455.625,from_multivar,6
bjets_dR_x_bjet1_pt_x_blnu_mT_x_trijet_mInv_x_trijet_pt_x_trijet_bijet_dR_llr,456.25,from_multivar,6
lep0_pt_x_bjets_dR_x_bjet1_pt_x_trijet_mInv_x_trijet_pt_x_trijet_bijet_dR_llr,456.25,from_multivar,6
bjets_dR_x_bjet0_pt_x_blnu_mT_x_blnu_pt_x_trijet_pt_x_trijet_pt_rat_x_trijet_bijet_dR_llr,456.25,from_multivar,7
bjets_pt_bb_x_bjet0_pt_x_bjet1_pt_x_blnu_mT_x_trijet_bijet_dR_llr,456.25,from_multivar,5
bjets_mbb_x_trijet_mInv_x_trijet_pt_rat_x_trijet_bijet_dR_llr,456.75,from_multivar,4
bjets_dR_x_bjet0_pt_x_bjet1_pt_x_blnu_mT_x_trijet_mInv_llr,456.875,from_multivar,5
bjets_mbb_x_bjet0_pt_x_blnu_mT_x_blnu_pt_x_trijet_mInv_x_trijet_pt_x_trijet_pt_rat_x_trijet_bijet_dR_llr,457.0,from_multivar,8
lep0_pt_x_bjets_dR_x_bjet0_pt_x_bjet1_pt_x_blnu_mT_x_blnu_pt_x_trijet_pt_llr,457.625,from_multivar,7
bjets_pt_bb_x_bjet0_pt_x_blnu_mT_x_trijet_mInv_x_trijet_bijet_dR_llr,457.75,from_multivar,5
lep0_pt_x_bjets_mbb_x_bjet0_pt_x_blnu_mT_x_blnu_pt_x_trijet_mInv_x_trijet_pt_llr,457.9375,from_multivar,7
bjets_pt_bb_x_bjet0_pt_x_blnu_mT_x_trijet_bijet_dR_llr,458.5,from_multivar,4
lep0_pt_x_bjets_mbb_x_bjet0_pt_x_bjet1_pt_x_blnu_mT_x_blnu_pt_x_trijet_mInv_x_trijet_pt_x_trijet_pt_rat_x_trijet_bijet_dR_llr,458.5,from_multivar,10
bjets_mbb_x_bjet0_pt_x_bjet1_pt_x_blnu_mT_x_blnu_pt_x_trijet_pt_x_trijet_pt_rat_llr,458.625,from_multivar,7
lep0_pt_x_bjets_pt_bb_x_bjet0_pt_x_trijet_mInv_x_trijet_bijet_dR_llr,459.25,from_multivar,5
bjets_dR_x_blnu_mT_x_blnu_pt_x_trijet_mInv_x_trijet_bijet_dR_llr,459.25,from_multivar,5
lep0_pt_x_bjets_dR_x_blnu_mT_x_blnu_pt_x_trijet_mInv_x_trijet_bijet_dR_llr,459.625,from_multivar,6
bjets_pt_bb_x_bjet0_pt_x_bjet1_pt_x_trijet_mInv_x_trijet_bijet_dR_llr,460.25,from_multivar,5
lep0_pt_x_bjets_mbb_x_bjet0_pt_x_blnu_mT_x_trijet_pt_x_trijet_pt_rat_x_trijet_bijet_dR_llr,460.5,from_multivar,7
bjets_dR_x_trijet_mInv_x_trijet_pt_x_trijet_bijet_dR_llr,460.75,from_multivar,4
lep0_pt_x_bjets_dR_x_bjet1_pt_x_trijet_mInv_x_trijet_pt_rat_llr,460.875,from_multivar,5
bjets_dR_x_bjet0_pt_x_blnu_mT_x_trijet_mInv_llr,460.875,from_multivar,4
lep0_pt_x_bjets_dR_x_bjet0_pt_x_bjet1_pt_x_trijet_mInv_llr,461.0,from_multivar,5
lep0_pt_x_bjets_dR_x_bjet1_pt_x_blnu_pt_x_trijet_mInv_x_trijet_pt_rat_x_trijet_bijet_dR_llr,461.25,from_multivar,7
lep0_pt_x_bjets_dR_x_trijet_mInv_x_trijet_pt_x_trijet_bijet_dR_llr,461.5,from_multivar,5
lep0_pt_x_bjets_mbb_x_trijet_pt_rat_x_trijet_bijet_dR_llr,461.75,from_multivar,4
lep0_pt_x_bjets_mbb_x_bjet0_pt_x_blnu_mT_x_blnu_pt_x_trijet_mInv_x_trijet_pt_x_trijet_pt_rat_x_trijet_bijet_dR_llr,461.875,from_multivar,9
lep0_pt_x_bjets_dR_x_blnu_pt_x_trijet_mInv_x_trijet_pt_rat_x_trijet_bijet_dR_llr,461.875,from_multivar,6
bjets_dR_x_blnu_mT_x_blnu_pt_x_trijet_mInv_x_trijet_pt_rat_x_trijet_bijet_dR_llr,462.5,from_multivar,6
bjets_dR_x_bjet1_pt_x_blnu_pt_x_trijet_mInv_x_trijet_pt_rat_llr,462.625,from_multivar,5
lep0_pt_x_bjets_pt_bb_x_bjet0_pt_x_trijet_bijet_dR_llr,462.625,from_multivar,4
bjets_dR_x_trijet_bijet_dR_llr,462.875,from_multivar,2
lep0_pt_x_bjets_dR_x_bjet1_pt_x_trijet_pt_rat_x_trijet_bijet_dR_llr,463.25,from_multivar,5
bjets_dR_x_bjet1_pt_x_blnu_mT_x_trijet_pt_rat_x_trijet_bijet_dR_llr,463.625,from_multivar,5
bjets_dR_x_bjet1_pt_x_blnu_pt_x_trijet_mInv_x_trijet_pt_x_trijet_bijet_dR_llr,463.625,from_multivar,6
bjets_dR_x_bjet1_pt_x_blnu_mT_x_trijet_bijet_dR_llr,463.9375,from_multivar,4
lep0_pt_x_bjets_dR_x_bjet1_pt_x_blnu_mT_x_blnu_pt_x_trijet_mInv_x_trijet_bijet_dR_llr,464.0,from_multivar,7
bjets_mbb_x_bjet1_pt_x_trijet_mInv_x_trijet_pt_rat_llr,465.25,from_multivar,4
lep0_pt_x_bjets_dR_x_bjet0_pt_x_blnu_mT_x_blnu_pt_x_trijet_pt_x_trijet_pt_rat_x_trijet_bijet_dR_llr,465.5,from_multivar,8
lep0_pt_x_bjets_mbb_x_bjet0_pt_x_bjet1_pt_x_blnu_mT_x_blnu_pt_llr,466.25,from_multivar,6
bjets_mbb_x_bjet0_pt_x_bjet1_pt_x_blnu_mT_x_blnu_pt_x_trijet_pt_llr,466.25,from_multivar,6
bjets_dR_x_bjet0_pt_x_bjet1_pt_x_trijet_mInv_llr,466.625,from_multivar,4
bjets_mbb_x_trijet_mInv_x_trijet_bijet_dR_llr,467.25,from_multivar,3
bjets_dR_x_trijet_pt_rat_x_trijet_bijet_dR_llr,468.5,from_multivar,3
bjets_dR_x_blnu_mT_x_trijet_bijet_dR_llr,468.5,from_multivar,3
bjets_dR_x_bjet1_pt_x_trijet_mInv_x_trijet_pt_x_trijet_pt_rat_x_trijet_bijet_dR_llr,468.5,from_multivar,6
bjets_mbb_x_bjet1_pt_x_blnu_mT_x_trijet_mInv_x_trijet_pt_rat_x_trijet_bijet_dR_llr,468.5,from_multivar,6
bjets_dR_x_blnu_mT_x_trijet_pt_rat_x_trijet_bijet_dR_llr,468.75,from_multivar,4
bjet0_pt_x_trijet_pt_llr,468.9375,from_multivar,2
bjets_mbb_x_bjet0_pt_x_blnu_mT_x_trijet_mInv_llr,469.0,from_multivar,4
bjets_mbb_x_bjet1_pt_x_blnu_pt_x_trijet_mInv_x_trijet_pt_rat_x_trijet_bijet_dR_llr,469.0,from_multivar,6
lep0_pt_x_bjets_dR_x_blnu_mT_x_trijet_mInv_x_trijet_pt_x_trijet_bijet_dR_llr,469.25,from_multivar,6
lep0_pt_x_bjets_mbb_x_bjet0_pt_x_trijet_mInv_llr,469.625,from_multivar,4
bjets_mbb_x_bjet1_pt_x_trijet_mInv_x_trijet_bijet_dR_llr,469.625,from_multivar,4
bjets_pt_bb_x_bjet0_pt_x_trijet_mInv_x_trijet_bijet_dR_llr,469.75,from_multivar,4
lep0_pt_x_bjets_mbb_x_bjet0_pt_x_bjet1_pt_x_trijet_mInv_llr,470.25,from_multivar,5
bjets_dR_x_bjet1_pt_x_blnu_mT_x_blnu_pt_x_trijet_mInv_x_trijet_pt_rat_x_trijet_bijet_dR_llr,470.25,from_multivar,7
lep0_pt_x_bjets_mbb_x_bjet0_pt_x_blnu_mT_x_trijet_mInv_llr,470.5,from_multivar,5
bjets_dR_x_blnu_mT_x_trijet_mInv_x_trijet_pt_x_trijet_bijet_dR_llr,470.875,from_multivar,5
lep0_pt_x_bjets_dR_x_bjet0_pt_x_blnu_mT_llr,470.875,from_multivar,4
lep0_pt_x_bjets_dR_x_bjet0_pt_x_bjet1_pt_x_blnu_mT_llr,470.9375,from_multivar,5
bjets_mbb_x_bjet1_pt_x_trijet_pt_rat_x_trijet_bijet_dR_llr,471.0,from_multivar,4
lep0_pt_x_bjets_dR_x_bjet0_pt_x_trijet_mInv_llr,471.0,from_multivar,4
bjets_dR_x_bjet1_pt_x_blnu_pt_x_trijet_bijet_dR_llr,471.25,from_multivar,4
bjets_dR_x_bjet0_pt_x_trijet_mInv_llr,471.625,from_multivar,3
lep0_pt_x_bjets_dR_x_bjet1_pt_x_blnu_mT_x_trijet_bijet_dR_llr,471.75,from_multivar,5
lep0_pt_x_bjets_mbb_x_bjet0_pt_x_bjet1_pt_x_blnu_mT_x_trijet_mInv_llr,471.9375,from_multivar,6
bjets_mbb_x_blnu_mT_x_trijet_mInv_x_trijet_pt_rat_x_trijet_bijet_dR_llr,472.25,from_multivar,5
bjets_dR_x_bjet0_pt_x_bjet1_pt_x_blnu_mT_llr,472.625,from_multivar,4
lep0_pt_x_bjets_mbb_x_bjet0_pt_x_bjet1_pt_x_blnu_mT_x_blnu_pt_x_trijet_pt_x_trijet_pt_rat_llr,472.75,from_multivar,8
bjets_dR_x_trijet_mInv_x_trijet_pt_rat_llr,472.875,from_multivar,3
bjets_mbb_x_bjet0_pt_x_blnu_mT_x_blnu_pt_x_trijet_pt_llr,473.25,from_multivar,5
bjets_pt_bb_x_bjet0_pt_x_bjet1_pt_x_trijet_bijet_dR_llr,473.5,from_multivar,4
bjets_mbb_x_bjet0_pt_x_trijet_mInv_llr,473.625,from_multivar,3
bjets_mbb_x_bjet0_pt_x_bjet1_pt_x_blnu_mT_x_trijet_mInv_llr,473.625,from_multivar,5
bjets_mbb_x_bjet0_pt_x_blnu_mT_x_blnu_pt_x_trijet_pt_x_trijet_bijet_dR_llr,473.875,from_multivar,6
lep0_pt_x_bjets_dR_x_bjet1_pt_x_blnu_mT_x_trijet_pt_rat_x_trijet_bijet_dR_llr,473.875,from_multivar,6
bjets_mbb_x_bjet1_pt_x_blnu_pt_x_trijet_mInv_x_trijet_pt_rat_llr,473.875,from_multivar,5
lep0_pt_x_bjets_dR_x_bjet1_pt_x_blnu_pt_x_trijet_bijet_dR_llr,474.625,from_multivar,5
bjets_dR_x_bjet1_pt_x_trijet_mInv_x_trijet_pt_llr,475.25,from_multivar,4
lep0_pt_x_bjets_dR_x_bjet1_pt_x_blnu_pt_x_trijet_mInv_x_trijet_pt_rat_llr,475.25,from_multivar,6
lep0_pt_x_bjets_mbb_x_bjet1_pt_x_trijet_mInv_x_trijet_pt_rat_llr,475.5,from_multivar,5
lep0_pt_x_bjets_dR_x_bjet1_pt_x_blnu_mT_x_trijet_mInv_x_trijet_pt_x_trijet_bijet_dR_llr,475.5,from_multivar,7
lep0_pt_x_bjets_mbb_x_blnu_mT_x_trijet_mInv_x_trijet_pt_rat_x_trijet_bijet_dR_llr,475.5,from_multivar,6
bjets_dR_x_bjet0_pt_x_blnu_mT_llr,475.625,from_multivar,3
bjets_mbb_x_trijet_pt_rat_x_trijet_bijet_dR_llr,475.75,from_multivar,3
lep0_pt_x_bjets_dR_x_trijet_mInv_x_trijet_pt_rat_llr,475.875,from_multivar,4
lep0_pt_x_bjets_dR_x_bjet0_pt_x_bjet1_pt_llr,476.0,from_multivar,4
lep0_pt_x_bjets_dR_x_blnu_mT_x_trijet_bijet_dR_llr,476.25,from_multivar,4
lep0_pt_x_bjets_dR_x_bjet1_pt_x_blnu_mT_x_blnu_pt_x_trijet_mInv_x_trijet_pt_rat_x_trijet_bijet_dR_llr,476.25,from_multivar,8
lep0_pt_x_bjets_mbb_x_bjet1_pt_x_trijet_mInv_x_trijet_bijet_dR_llr,476.625,from_multivar,5
lep0_pt_x_bjets_dR_x_blnu_pt_x_trijet_mInv_x_trijet_pt_x_trijet_bijet_dR_llr,476.625,from_multivar,6
bjets_dR_x_blnu_pt_x_trijet_bijet_dR_llr,477.25,from_multivar,3
lep0_pt_x_bjets_dR_x_bjet1_pt_x_blnu_pt_x_trijet_mInv_x_trijet_pt_x_trijet_bijet_dR_llr,477.25,from_multivar,7
lep0_pt_x_bjets_mbb_x_bjet1_pt_x_blnu_mT_x_trijet_mInv_x_trijet_pt_rat_x_trijet_bijet_dR_llr,477.25,from_multivar,7
bjets_mbb_x_bjet0_pt_x_bjet1_pt_x_trijet_mInv_llr,477.25,from_multivar,4
bjets_dR_x_bjet1_pt_x_blnu_mT_x_trijet_mInv_x_trijet_pt_rat_llr,477.25,from_multivar,5
lep0_pt_x_bjets_dR_x_trijet_mInv_x_trijet_pt_x_trijet_pt_rat_x_trijet_bijet_dR_llr,478.25,from_multivar,6
lep0_pt_x_bjets_mbb_x_bjet0_pt_x_blnu_mT_x_blnu_pt_llr,479.25,from_multivar,5
bjets_dR_x_bjet1_pt_x_blnu_pt_x_trijet_pt_rat_x_trijet_bijet_dR_llr,480.0,from_multivar,5
bjets_mbb_x_bjet1_pt_x_blnu_pt_x_trijet_mInv_x_trijet_bijet_dR_llr,480.0,from_multivar,5
bjets_mbb_x_bjet1_pt_x_trijet_mInv_x_trijet_pt_x_trijet_pt_rat_llr,480.0,from_multivar,5
bjets_mbb_x_bjet0_pt_x_bjet1_pt_x_blnu_mT_x_blnu_pt_x_trijet_pt_x_trijet_bijet_dR_llr,480.25,from_multivar,7
bjet0_pt_x_bjet1_pt_x_trijet_pt_llr,480.25,from_multivar,3
bjets_dR_x_trijet_mInv_x_trijet_pt_x_trijet_pt_rat_x_trijet_bijet_dR_llr,480.25,from_multivar,5
lep0_pt_x_bjets_dR_x_bjet1_pt_x_trijet_mInv_x_trijet_pt_x_trijet_pt_rat_x_trijet_bijet_dR_llr,480.25,from_multivar,7
bjets_dR_x_bjet1_pt_x_blnu_pt_x_trijet_mInv_llr,480.875,from_multivar,4
lep0_pt_x_bjets_mbb_x_bjet1_pt_x_trijet_pt_rat_x_trijet_bijet_dR_llr,480.875,from_multivar,5
lep0_pt_x_bjets_dR_x_bjet0_pt_x_blnu_mT_x_blnu_pt_x_trijet_pt_x_trijet_pt_rat_llr,480.9375,from_multivar,7
lep0_pt_x_bjets_mbb_x_bjet0_pt_x_bjet1_pt_x_blnu_mT_x_blnu_pt_x_trijet_pt_x_trijet_pt_rat_x_trijet_bijet_dR_llr,481.25,from_multivar,9
bjets_mbb_x_bjet0_pt_x_bjet1_pt_x_blnu_mT_x_blnu_pt_x_trijet_pt_x_trijet_pt_rat_x_trijet_bijet_dR_llr,481.25,from_multivar,8
lep0_pt_x_bjets_dR_x_bjet1_pt_x_blnu_mT_x_trijet_mInv_x_trijet_pt_rat_llr,481.5,from_multivar,6
lep0_pt_x_bjets_mbb_x_trijet_mInv_x_trijet_bijet_dR_llr,481.875,from_multivar,4
lep0_pt_x_bjets_dR_x_bjet0_pt_llr,481.9375,from_multivar,3
lep0_pt_x_bjets_dR_x_bjet1_pt_x_blnu_pt_x_trijet_pt_rat_x_trijet_bijet_dR_llr,482.0,from_multivar,6
bjets_pt_bb_x_trijet_bijet_dR_llr,482.25,from_multivar,2
lep0_pt_x_bjets_dR_x_blnu_pt_x_trijet_mInv_x_trijet_pt_rat_llr,482.25,from_multivar,5
bjets_mbb_x_blnu_pt_x_trijet_mInv_x_trijet_pt_rat_x_trijet_bijet_dR_llr,482.25,from_multivar,5
bjets_mbb_x_bjet1_pt_x_trijet_pt_rat_llr,482.25,from_multivar,3
bjets_dR_x_bjet0_pt_x_bjet1_pt_llr,482.25,from_multivar,3
lep0_pt_x_bjets_mbb_x_blnu_pt_x_trijet_mInv_x_trijet_pt_rat_x_trijet_bijet_dR_llr,482.5,from_multivar,6
lep0_pt_x_bjets_dR_x_blnu_mT_x_blnu_pt_x_trijet_mInv_x_trijet_pt_rat_x_trijet_bijet_dR_llr,482.5,from_multivar,7
lep0_pt_x_bjets_dR_x_blnu_pt_x_trijet_bijet_dR_llr,483.25,from_multivar,4
bjets_mbb_x_bjet1_pt_x_trijet_mInv_x_trijet_pt_x_trijet_bijet_dR_llr,483.25,from_multivar,5
lep0_pt_x_bjets_dR_x_blnu_mT_x_trijet_pt_rat_x_trijet_bijet_dR_llr,483.25,from_multivar,5
lep0_pt_x_bjets_dR_x_bjet1_pt_x_trijet_pt_x_trijet_bijet_dR_llr,483.625,from_multivar,5
bjets_dR_x_blnu_mT_x_trijet_mInv_x_trijet_pt_x_trijet_pt_rat_x_trijet_bijet_dR_llr,483.625,from_multivar,6
lep0_pt_x_bjets_mbb_x_bjet0_pt_x_blnu_mT_x_blnu_pt_x_trijet_pt_x_trijet_pt_rat_llr,483.875,from_multivar,7
bjets_dR_x_blnu_pt_x_trijet_mInv_x_trijet_pt_rat_llr,483.875,from_multivar,4
bjets_mbb_x_bjet1_pt_x_blnu_mT_x_trijet_mInv_x_trijet_bijet_dR_llr,483.9375,from_multivar,5
bjets_dR_x_bjet1_pt_x_trijet_mInv_x_trijet_pt_x_trijet_pt_rat_llr,484.75,from_multivar,5
bjets_dR_x_blnu_mT_x_trijet_mInv_x_trijet_pt_rat_llr,484.9375,from_multivar,4
bjets_dR_x_blnu_pt_x_trijet_mInv_x_trijet_pt_x_trijet_bijet_dR_llr,485.25,from_multivar,5
bjets_pt_bb_x_bjet0_pt_x_trijet_bijet_dR_llr,485.5,from_multivar,3
bjets_dR_x_bjet1_pt_x_trijet_pt_x_trijet_bijet_dR_llr,485.9375,from_multivar,4
bjets_dR_x_bjet0_pt_llr,486.25,from_multivar,2
lep0_pt_x_bjets_mbb_x_bjet1_pt_x_blnu_pt_x_trijet_mInv_x_trijet_pt_rat_x_trijet_bijet_dR_llr,486.25,from_multivar,7
lep0_pt_x_bjets_mbb_x_bjet1_pt_x_blnu_pt_x_trijet_mInv_x_trijet_pt_rat_llr,486.625,from_multivar,6
bjet0_pt_x_bjet1_pt_x_blnu_pt_x_trijet_mInv_x_trijet_pt_rat_llr,486.625,from_multivar,5
bjets_mbb_x_bjet0_pt_x_blnu_mT_x_blnu_pt_x_trijet_pt_x_trijet_pt_rat_x_trijet_bijet_dR_llr,487.0,from_multivar,7
bjets_dR_x_bjet1_pt_x_blnu_mT_x_trijet_mInv_x_trijet_pt_x_trijet_pt_rat_x_trijet_bijet_dR_llr,487.25,from_multivar,7
lep0_pt_x_bjets_mbb_x_bjet0_pt_x_bjet1_pt_x_blnu_mT_x_blnu_pt_x_trijet_pt_x_trijet_bijet_dR_llr,487.25,from_multivar,8
lep0_pt_x_bjets_mbb_x_bjet1_pt_x_blnu_pt_x_trijet_mInv_x_trijet_bijet_dR_llr,488.25,from_multivar,6
lep0_pt_x_bjets_mbb_x_bjet0_pt_x_blnu_mT_x_blnu_pt_x_trijet_pt_x_trijet_pt_rat_x_trijet_bijet_dR_llr,488.25,from_multivar,8
bjets_mbb_x_bjet1_pt_x_trijet_mInv_x_trijet_pt_x_trijet_pt_rat_x_trijet_bijet_dR_llr,488.25,from_multivar,6
bjets_mbb_x_trijet_mInv_x_trijet_pt_rat_llr,488.875,from_multivar,3
bjets_mbb_x_blnu_mT_x_trijet_mInv_x_trijet_bijet_dR_llr,488.875,from_multivar,4
lep0_pt_x_bjets_mbb_x_bjet1_pt_x_blnu_mT_x_trijet_mInv_x_trijet_bijet_dR_llr,489.5,from_multivar,6
bjets_dR_x_bjet1_pt_x_blnu_mT_x_blnu_pt_x_trijet_mInv_x_trijet_pt_rat_llr,489.875,from_multivar,6
lep0_pt_x_bjets_mbb_x_bjet1_pt_x_trijet_mInv_x_trijet_pt_x_trijet_pt_rat_llr,490.75,from_multivar,6
bjets_dR_x_bjet1_pt_x_blnu_mT_x_blnu_pt_x_trijet_bijet_dR_llr,491.875,from_multivar,5
bjets_dR_x_bjet1_pt_x_blnu_mT_x_blnu_pt_x_trijet_pt_rat_x_trijet_bijet_dR_llr,492.0,from_multivar,6
bjets_mbb_x_blnu_pt_x_trijet_mInv_x_trijet_bijet_dR_llr,492.5,from_multivar,4
lep0_pt_x_bjet0_pt_x_bjet1_pt_x_blnu_pt_x_trijet_mInv_x_trijet_pt_rat_llr,492.5,from_multivar,6
lep0_pt_x_bjets_dR_x_bjet1_pt_x_blnu_mT_x_trijet_mInv_x_trijet_pt_x_trijet_pt_rat_x_trijet_bijet_dR_llr,492.5,from_multivar,8
bjets_dR_x_blnu_mT_x_blnu_pt_x_trijet_mInv_x_trijet_pt_x_trijet_bijet_dR_llr,492.625,from_multivar,6
bjets_mbb_x_bjet1_pt_x_blnu_mT_x_trijet_mInv_x_trijet_pt_rat_llr,493.25,from_multivar,5
lep0_pt_x_bjets_dR_x_bjet1_pt_x_blnu_pt_x_trijet_mInv_llr,493.25,from_multivar,5
lep0_pt_x_bjets_dR_x_blnu_mT_x_trijet_mInv_x_trijet_pt_rat_llr,493.25,from_multivar,5
bjet0_pt_x_blnu_mT_x_blnu_pt_x_trijet_mInv_x_trijet_pt_rat_x_trijet_bijet_dR_llr,493.5,from_multivar,6
bjet0_pt_x_blnu_pt_x_trijet_mInv_x_trijet_pt_rat_llr,494.25,from_multivar,4
lep0_pt_x_bjets_mbb_x_bjet0_pt_x_blnu_mT_x_blnu_pt_x_trijet_pt_x_trijet_bijet_dR_llr,494.625,from_multivar,7
bjets_dR_x_blnu_mT_x_blnu_pt_x_trijet_bijet_dR_llr,494.75,from_multivar,4
lep0_pt_x_bjets_mbb_x_trijet_mInv_x_trijet_pt_rat_llr,494.875,from_multivar,4
bjets_dR_x_blnu_pt_x_trijet_mInv_x_trijet_pt_x_trijet_pt_rat_x_trijet_bijet_dR_llr,494.875,from_multivar,6
bjets_mbb_x_blnu_mT_x_blnu_pt_x_trijet_mInv_x_trijet_pt_rat_x_trijet_bijet_dR_llr,494.9375,from_multivar,6
lep0_pt_x_bjets_dR_x_bjet1_pt_x_trijet_mInv_x_trijet_pt_x_trijet_pt_rat_llr,495.25,from_multivar,6
lep0_pt_x_bjets_mbb_x_trijet_mInv_x_trijet_pt_x_trijet_pt_rat_x_trijet_bijet_dR_llr,495.25,from_multivar,6
bjets_mbb_x_bjet1_pt_x_blnu_mT_x_trijet_pt_rat_x_trijet_bijet_dR_llr,497.0,from_multivar,5
bjet0_pt_x_blnu_mT_x_trijet_pt_llr,497.25,from_multivar,3
lep0_pt_x_bjets_dR_x_bjet1_pt_x_blnu_mT_x_blnu_pt_x_trijet_bijet_dR_llr,497.25,from_multivar,6
lep0_pt_x_bjets_mbb_x_bjet0_pt_x_blnu_mT_llr,497.625,from_multivar,4
lep0_pt_x_bjets_mbb_x_bjet1_pt_x_blnu_mT_x_trijet_mInv_x_trijet_pt_rat_llr,497.875,from_multivar,6
lep0_pt_x_bjets_dR_x_blnu_pt_x_trijet_pt_rat_x_trijet_bijet_dR_llr,498.25,from_multivar,5
bjets_dR_x_bjet1_pt_x_blnu_pt_x_trijet_mInv_x_trijet_pt_x_trijet_pt_rat_llr,498.875,from_multivar,6
bjets_dR_x_blnu_pt_x_trijet_pt_rat_x_trijet_bijet_dR_llr,498.875,from_multivar,4
bjets_mbb_x_bjet1_pt_x_blnu_mT_x_blnu_pt_x_trijet_mInv_x_trijet_bijet_dR_llr,498.9375,from_multivar,6
bjets_dR_x_bjet1_pt_x_blnu_pt_x_trijet_mInv_x_trijet_pt_x_trijet_pt_rat_x_trijet_bijet_dR_llr,499.0,from_multivar,7
lep0_pt_x_bjets_mbb_x_blnu_pt_x_trijet_mInv_x_trijet_bijet_dR_llr,499.25,from_multivar,5
bjets_mbb_x_bjet1_pt_x_blnu_mT_x_blnu_pt_x_trijet_mInv_x_trijet_pt_rat_x_trijet_bijet_dR_llr,499.625,from_multivar,7
bjet0_pt_x_bjet1_pt_x_blnu_pt_x_trijet_pt_rat_llr,499.625,from_multivar,4
bjets_dR_x_bjet1_pt_x_blnu_mT_x_blnu_pt_x_trijet_mInv_x_trijet_pt_x_trijet_bijet_dR_llr,499.75,from_multivar,7
bjets_dR_x_blnu_mT_x_blnu_pt_x_trijet_pt_rat_x_trijet_bijet_dR_llr,500.0,from_multivar,5
lep0_pt_x_bjets_mbb_x_bjet0_pt_x_blnu_mT_x_blnu_pt_x_trijet_pt_llr,500.25,from_multivar,6
lep0_pt_x_bjets_dR_x_bjet1_pt_x_blnu_mT_x_blnu_pt_x_trijet_mInv_x_trijet_pt_x_trijet_bijet_dR_llr,500.25,from_multivar,8
lep0_pt_x_bjets_mbb_x_bjet1_pt_x_blnu_mT_x_trijet_pt_rat_x_trijet_bijet_dR_llr,500.9375,from_multivar,6
bjets_mbb_x_blnu_pt_x_trijet_mInv_x_trijet_pt_rat_llr,501.5,from_multivar,4
bjets_mbb_x_bjet1_pt_x_trijet_bijet_dR_llr,501.625,from_multivar,3
lep0_pt_x_bjets_mbb_x_bjet1_pt_x_trijet_mInv_x_trijet_pt_x_trijet_bijet_dR_llr,501.75,from_multivar,6
bjets_dR_x_trijet_pt_x_trijet_bijet_dR_llr,502.25,from_multivar,3
bjets_mbb_x_bjet0_pt_x_blnu_mT_llr,502.25,from_multivar,3
lep0_pt_x_bjets_dR_x_blnu_mT_x_blnu_pt_x_trijet_bijet_dR_llr,502.25,from_multivar,5
bjets_dEta_vs_pt_bb_llr,502.5,from_2D,2
bjets_dR_x_blnu_mT_x_blnu_pt_x_trijet_mInv_x_trijet_pt_rat_llr,502.5,from_multivar,5
lep0_pt_x_bjets_dR_x_bjet1_pt_x_trijet_mInv_x_trijet_pt_llr,502.5,from_multivar,5
lep0_pt_x_bjets_dR_x_bjet1_pt_x_blnu_pt_x_trijet_mInv_x_trijet_pt_x_trijet_pt_rat_x_trijet_bijet_dR_llr,502.875,from_multivar,8
lep0_pt_x_bjets_dR_x_trijet_pt_x_trijet_bijet_dR_llr,502.9375,from_multivar,4
lep0_pt_x_bjet0_pt_x_trijet_pt_llr,503.25,from_multivar,3
bjets_dR_x_bjet1_pt_x_trijet_pt_rat_llr,503.625,from_multivar,3
bjets_mbb_x_bjet1_pt_x_blnu_pt_x_trijet_pt_rat_x_trijet_bijet_dR_llr,503.75,from_multivar,5
lep0_pt_x_bjets_mbb_x_blnu_mT_x_trijet_mInv_x_trijet_bijet_dR_llr,504.25,from_multivar,5
lep0_pt_x_bjet0_pt_x_bjet1_pt_x_trijet_mInv_x_trijet_pt_x_trijet_pt_rat_llr,504.25,from_multivar,6
lep0_pt_x_bjets_dR_x_blnu_mT_x_trijet_mInv_x_trijet_pt_x_trijet_pt_rat_x_trijet_bijet_dR_llr,504.75,from_multivar,7
bjets_mbb_x_blnu_mT_x_trijet_pt_rat_x_trijet_bijet_dR_llr,504.75,from_multivar,4
lep0_pt_x_bjet0_pt_x_blnu_pt_x_trijet_mInv_x_trijet_pt_rat_llr,504.9375,from_multivar,5
lep0_pt_x_bjets_mbb_x_bjet0_pt_x_bjet1_pt_llr,505.0,from_multivar,4
bjet0_pt_x_bjet1_pt_x_blnu_mT_x_blnu_pt_x_trijet_mInv_x_trijet_pt_rat_llr,505.0,from_multivar,6
lep0_pt_x_bjets_dR_x_blnu_mT_x_blnu_pt_x_trijet_mInv_x_trijet_pt_x_trijet_bijet_dR_llr,505.25,from_multivar,7
bjets_dR_x_bjet1_pt_x_blnu_mT_x_trijet_mInv_x_trijet_pt_x_trijet_pt_rat_llr,505.25,from_multivar,6
bjets_mbb_x_trijet_mInv_x_trijet_pt_x_trijet_pt_rat_x_trijet_bijet_dR_llr,505.5,from_multivar,5
bjets_dR_x_bjet1_pt_x_blnu_pt_x_trijet_mInv_x_trijet_pt_llr,505.625,from_multivar,5
bjet0_pt_x_blnu_pt_x_trijet_pt_rat_llr,505.75,from_multivar,3
bjet0_pt_x_trijet_mInv_x_trijet_pt_llr,505.875,from_multivar,3
lep0_pt_x_bjets_dR_x_blnu_mT_x_blnu_pt_x_trijet_mInv_x_trijet_pt_rat_llr,505.875,from_multivar,6
lep0_pt_x_bjets_mbb_x_bjet1_pt_x_trijet_pt_rat_llr,506.25,from_multivar,4
bjets_mbb_x_trijet_mInv_x_trijet_pt_x_trijet_bijet_dR_llr,506.5,from_multivar,4
lep0_pt_x_bjets_dR_x_bjet1_pt_x_trijet_pt_rat_llr,506.5,from_multivar,4
lep0_pt_x_bjets_mbb_x_bjet0_pt_llr,506.5,from_multivar,3
bjets_dR_x_blnu_pt_x_trijet_mInv_llr,506.625,from_multivar,3
bjets_mbb_x_blnu_mT_x_trijet_mInv_x_trijet_pt_rat_llr,506.625,from_multivar,4
bjet0_pt_x_bjet1_pt_x_blnu_mT_x_trijet_mInv_x_trijet_pt_x_trijet_pt_rat_llr,506.75,from_multivar,6
lep0_pt_x_bjets_dR_x_bjet1_pt_x_blnu_mT_x_blnu_pt_x_trijet_mInv_x_trijet_pt_rat_llr,507.0,from_multivar,7
lep0_pt_x_bjets_mbb_x_bjet1_pt_x_trijet_bijet_dR_llr,507.25,from_multivar,4
lep0_pt_x_bjets_dR_x_bjet1_pt_x_trijet_pt_x_trijet_pt_rat_x_trijet_bijet_dR_llr,507.25,from_multivar,6
bjets_dR_x_trijet_mInv_x_trijet_pt_x_trijet_pt_rat_llr,507.5,from_multivar,4
lep0_pt_x_bjets_mbb_x_bjet0_pt_x_bjet1_pt_x_blnu_mT_llr,507.625,from_multivar,5
bjet0_pt_x_trijet_pt_x_trijet_pt_rat_llr,507.75,from_multivar,3
bjets_dR_x_bjet1_pt_x_blnu_mT_x_trijet_pt_x_trijet_bijet_dR_llr,507.875,from_multivar,5
bjets_dR_x_bjet1_pt_x_trijet_pt_x_trijet_pt_rat_x_trijet_bijet_dR_llr,507.875,from_multivar,5
lep0_pt_x_bjets_mbb_x_bjet0_pt_x_bjet1_pt_x_blnu_mT_x_blnu_pt_x_trijet_pt_llr,507.875,from_multivar,7
lep0_pt_x_bjets_mbb_x_bjet1_pt_x_blnu_mT_x_blnu_pt_x_trijet_mInv_x_trijet_pt_rat_x_trijet_bijet_dR_llr,508.25,from_multivar,8
lep0_pt_x_bjets_dR_x_blnu_pt_x_trijet_pt_rat_llr,508.625,from_multivar,4
bjet0_pt_x_blnu_mT_x_trijet_pt_x_trijet_pt_rat_llr,508.625,from_multivar,4
bjet0_pt_x_bjet1_pt_x_blnu_mT_x_trijet_mInv_x_trijet_pt_x_trijet_bijet_dR_llr,508.75,from_multivar,6
lep0_pt_x_bjet0_pt_x_blnu_pt_x_trijet_mInv_x_trijet_pt_rat_x_trijet_bijet_dR_llr,508.75,from_multivar,6
bjet0_pt_x_bjet1_pt_x_blnu_pt_x_trijet_mInv_x_trijet_pt_rat_x_trijet_bijet_dR_llr,508.875,from_multivar,6
lep0_pt_x_bjet0_pt_x_bjet1_pt_x_trijet_pt_llr,509.25,from_multivar,4
bjets_dPhi_vs_pt_bb_llr,509.25,from_2D,2
lep0_pt_x_bjets_dR_x_blnu_pt_x_trijet_mInv_llr,509.5,from_multivar,4
lep0_pt_x_bjets_dR_x_trijet_mInv_x_trijet_pt_x_trijet_pt_rat_llr,510.0,from_multivar,5
lep0_pt_x_bjets_mbb_x_blnu_pt_x_trijet_mInv_x_trijet_pt_rat_llr,510.25,from_multivar,5
bjet0_pt_x_bjet1_pt_x_trijet_pt_x_trijet_pt_rat_llr,510.25,from_multivar,4
lep0_pt_x_bjet0_pt_x_blnu_pt_x_trijet_pt_rat_llr,510.5,from_multivar,4
lep0_pt_x_bjets_mbb_x_blnu_mT_x_trijet_pt_rat_x_trijet_bijet_dR_llr,510.75,from_multivar,5
bjets_mbb_x_bjet0_pt_llr,510.75,from_multivar,2
bjet0_pt_x_blnu_mT_x_trijet_mInv_x_trijet_pt_rat_x_trijet_bijet_dR_llr,511.0,from_multivar,5
lep0_pt_x_bjets_mbb_x_bjet1_pt_x_trijet_mInv_x_trijet_pt_x_trijet_pt_rat_x_trijet_bijet_dR_llr,511.0,from_multivar,7
lep0_pt_x_bjet0_pt_x_bjet1_pt_x_blnu_pt_x_trijet_pt_rat_llr,511.25,from_multivar,5
lep0_pt_x_bjets_dR_x_blnu_mT_x_blnu_pt_x_trijet_pt_rat_x_trijet_bijet_dR_llr,511.25,from_multivar,6
bjet0_pt_x_bjet1_pt_x_trijet_mInv_x_trijet_pt_x_trijet_pt_rat_llr,511.5,from_multivar,5
bjets_mbb_x_trijet_bijet_dR_llr,511.625,from_multivar,2
bjet0_pt_x_blnu_mT_x_blnu_pt_x_trijet_mInv_x_trijet_pt_rat_llr,512.25,from_multivar,5
bjets_mbb_x_bjet0_pt_x_bjet1_pt_llr,512.5,from_multivar,3
lep0_pt_x_bjet0_pt_x_trijet_mInv_x_trijet_pt_rat_x_trijet_bijet_dR_llr,512.625,from_multivar,5
bjets_mbb_x_bjet1_pt_x_blnu_mT_x_blnu_pt_x_trijet_mInv_x_trijet_pt_rat_llr,513.0,from_multivar,6
bjets_mbb_x_bjet0_pt_x_bjet1_pt_x_blnu_mT_llr,513.0,from_multivar,4
bjets_mbb_x_blnu_pt_x_trijet_pt_rat_x_trijet_bijet_dR_llr,513.25,from_multivar,4
lep0_pt_x_bjets_dR_x_trijet_pt_rat_llr,513.5,from_multivar,3
lep0_pt_x_bjets_mbb_x_bjet1_pt_x_blnu_pt_x_trijet_pt_rat_x_trijet_bijet_dR_llr,514.25,from_multivar,6
lep0_pt_x_bjets_mbb_x_blnu_mT_x_trijet_mInv_x_trijet_pt_rat_llr,514.25,from_multivar,5
lep0_pt_x_bjet0_pt_x_trijet_pt_rat_x_trijet_bijet_dR_llr,514.25,from_multivar,4
bjet0_pt_x_bjet1_pt_x_trijet_mInv_x_trijet_pt_llr,514.25,from_multivar,4
lep0_pt_x_bjet0_pt_x_bjet1_pt_x_blnu_mT_x_trijet_pt_rat_x_trijet_bijet_dR_llr,514.5,from_multivar,6
lep0_pt_x_bjets_dR_x_bjet1_pt_x_blnu_mT_x_trijet_pt_x_trijet_bijet_dR_llr,514.625,from_multivar,6
bjets_dR_x_bjet1_pt_x_blnu_mT_x_blnu_pt_x_trijet_mInv_llr,514.75,from_multivar,5
bjets_dR_x_blnu_mT_x_trijet_pt_x_trijet_pt_rat_x_trijet_bijet_dR_llr,514.875,from_multivar,5
bjet0_pt_x_bjet1_pt_x_blnu_mT_x_trijet_pt_llr,514.875,from_multivar,4
bjet0_pt_x_trijet_mInv_x_trijet_pt_x_trijet_pt_rat_llr,515.0,from_multivar,4
lep0_pt_x_bjets_dR_x_blnu_pt_x_trijet_mInv_x_trijet_pt_x_trijet_pt_rat_x_trijet_bijet_dR_llr,515.75,from_multivar,7
lep0_pt_x_bjets_dR_x_bjet1_pt_x_blnu_pt_x_trijet_pt_x_trijet_bijet_dR_llr,515.75,from_multivar,6
bjets_dR_x_trijet_pt_x_trijet_pt_rat_x_trijet_bijet_dR_llr,516.0,from_multivar,4
bjets_mbb_x_blnu_mT_x_blnu_pt_x_trijet_mInv_x_trijet_bijet_dR_llr,516.25,from_multivar,5
bjets_dR_x_blnu_mT_x_trijet_pt_x_trijet_bijet_dR_llr,516.25,from_multivar,4
lep0_pt_x_bjets_pt_bb_x_blnu_mT_x_trijet_mInv_llr,516.25,from_multivar,4
lep0_pt_x_bjets_mbb_x_trijet_mInv_x_trijet_pt_x_trijet_bijet_dR_llr,516.625,from_multivar,5
bjet0_pt_x_trijet_pt_rat_llr,516.875,from_multivar,2
bjets_dR_x_bjet1_pt_x_blnu_mT_x_blnu_pt_x_trijet_mInv_x_trijet_pt_x_trijet_pt_rat_x_trijet_bijet_dR_llr,516.875,from_multivar,8
bjets_mbb_x_bjet1_pt_x_blnu_mT_x_trijet_mInv_x_trijet_pt_x_trijet_bijet_dR_llr,516.9375,from_multivar,6
lep0_pt_x_bjets_mbb_x_blnu_mT_x_blnu_pt_x_trijet_mInv_x_trijet_pt_rat_x_trijet_bijet_dR_llr,517.0,from_multivar,7
bjet0_pt_x_bjet1_pt_x_trijet_mInv_x_trijet_pt_rat_x_trijet_bijet_dR_llr,517.25,from_multivar,5
bjets_mbb_x_trijet_pt_rat_llr,517.25,from_multivar,2
bjets_dR_x_trijet_mInv_x_trijet_pt_llr,517.25,from_multivar,3
lep0_pt_x_bjets_pt_bb_x_bjet1_pt_x_blnu_mT_x_trijet_mInv_llr,517.25,from_multivar,5
lep0_pt_x_bjets_dR_x_bjet1_pt_x_blnu_mT_x_blnu_pt_x_trijet_mInv_llr,517.625,from_multivar,6
bjets_dR_x_bjet1_pt_x_blnu_mT_x_trijet_pt_x_trijet_pt_rat_x_trijet_bijet_dR_llr,517.75,from_multivar,6
bjet0_pt_x_bjet1_pt_x_blnu_mT_x_trijet_mInv_x_trijet_pt_rat_x_trijet_bijet_dR_llr,517.75,from_multivar,6
bjet0_pt_x_bjet1_pt_x_blnu_pt_x_trijet_pt_llr,517.875,from_multivar,4
bjet0_pt_x_blnu_mT_x_blnu_pt_x_trijet_pt_rat_x_trijet_bijet_dR_llr,518.0,from_multivar,5
lep0_pt_x_bjet0_pt_x_blnu_mT_x_trijet_mInv_x_trijet_pt_rat_x_trijet_bijet_dR_llr,518.25,from_multivar,6
lep0_pt_x_bjets_mbb_x_trijet_bijet_dR_llr,518.25,from_multivar,3
bjets_dR_x_trijet_pt_rat_llr,518.25,from_multivar,2
bjet0_pt_x_trijet_mInv_x_trijet_pt_rat_x_trijet_bijet_dR_llr,518.25,from_multivar,4
bjets_dR_x_bjet1_pt_x_blnu_pt_x_trijet_pt_x_trijet_bijet_dR_llr,518.25,from_multivar,5
lep0_pt_x_bjets_dR_x_trijet_pt_x_trijet_pt_rat_x_trijet_bijet_dR_llr,518.25,from_multivar,5
lep0_pt_x_bjets_dR_x_bjet1_pt_x_blnu_mT_x_blnu_pt_x_trijet_mInv_x_trijet_pt_x_trijet_pt_rat_x_trijet_bijet_dR_llr,518.625,from_multivar,9
bjet0_pt_x_bjet1_pt_x_blnu_mT_x_trijet_pt_x_trijet_pt_rat_llr,519.25,from_multivar,5
bjets_mbb_x_bjet1_pt_x_blnu_pt_x_trijet_mInv_x_trijet_pt_x_trijet_pt_rat_llr,519.25,from_multivar,6
bjets_mbb_x_bjet1_pt_x_trijet_mInv_x_trijet_pt_llr,519.25,from_multivar,4
bjets_mbb_x_bjet1_pt_x_blnu_pt_x_trijet_pt_rat_llr,519.5,from_multivar,4
bjets_mbb_x_blnu_pt_x_trijet_mInv_x_trijet_pt_x_trijet_pt_rat_x_trijet_bijet_dR_llr,519.875,from_multivar,6
lep0_pt_x_bjets_dR_x_bjet1_pt_x_blnu_pt_x_trijet_mInv_x_trijet_pt_llr,520.25,from_multivar,6
bjet0_pt_x_blnu_mT_x_trijet_pt_rat_llr,520.25,from_multivar,3
bjets_dR_x_blnu_mT_x_blnu_pt_x_trijet_mInv_llr,520.25,from_multivar,4
lep0_pt_x_bjets_mbb_x_blnu_pt_x_trijet_pt_rat_x_trijet_bijet_dR_llr,520.25,from_multivar,5
bjets_dR_x_bjet1_pt_x_blnu_mT_x_trijet_pt_rat_llr,520.625,from_multivar,4
bjet0_pt_x_trijet_pt_rat_x_trijet_bijet_dR_llr,520.625,from_multivar,3
bjets_pt_bb_x_blnu_mT_x_trijet_mInv_llr,520.75,from_multivar,3
bjets_dR_x_bjet1_pt_x_blnu_mT_x_trijet_mInv_x_trijet_pt_llr,520.875,from_multivar,5
lep0_pt_x_bjets_dR_x_blnu_mT_x_trijet_pt_x_trijet_bijet_dR_llr,521.0,from_multivar,5
bjet0_pt_x_bjet1_pt_x_blnu_mT_x_trijet_mInv_x_trijet_pt_llr,521.25,from_multivar,5
bjet0_pt_x_bjet1_pt_x_trijet_pt_rat_llr,521.25,from_multivar,3
bjet0_pt_x_blnu_pt_x_trijet_pt_rat_x_trijet_bijet_dR_llr,521.25,from_multivar,4
bjet0_pt_x_bjet1_pt_x_blnu_mT_x_blnu_pt_x_trijet_pt_rat_llr,521.5,from_multivar,5
lep0_pt_x_bjets_mbb_x_trijet_pt_rat_llr,521.75,from_multivar,3
lep0_pt_x_bjets_dR_x_bjet1_pt_x_blnu_mT_x_blnu_pt_x_trijet_pt_rat_x_trijet_bijet_dR_llr,521.875,from_multivar,7
bjets_dR_x_bjet1_pt_x_blnu_pt_x_trijet_pt_x_trijet_pt_rat_x_trijet_bijet_dR_llr,521.9375,from_multivar,6
bjet0_pt_x_bjet1_pt_x_trijet_mInv_x_trijet_pt_rat_llr,522.0,from_multivar,4
bjets_mbb_x_bjet1_pt_x_blnu_pt_x_trijet_bijet_dR_llr,522.25,from_multivar,4
bjet0_pt_x_bjet1_pt_x_trijet_pt_rat_x_trijet_bijet_dR_llr,522.25,from_multivar,4
bjets_mbb_x_bjet1_pt_x_blnu_pt_x_trijet_mInv_x_trijet_pt_x_trijet_bijet_dR_llr,522.25,from_multivar,6
lep0_pt_x_bjet0_pt_x_trijet_mInv_x_trijet_pt_llr,522.625,from_multivar,4
bjet0_pt_x_blnu_pt_x_trijet_mInv_x_trijet_pt_rat_x_trijet_bijet_dR_llr,522.875,from_multivar,5
bjet0_pt_x_bjet1_pt_x_blnu_pt_x_trijet_mInv_x_trijet_pt_x_trijet_pt_rat_llr,522.875,from_multivar,6
bjet0_pt_x_bjet1_pt_x_blnu_pt_x_trijet_mInv_x_trijet_pt_llr,523.25,from_multivar,5
lep0_pt_x_bjets_dR_x_trijet_mInv_x_trijet_pt_llr,523.25,from_multivar,4
lep0_pt_x_bjets_pt_bb_x_blnu_mT_llr,523.25,from_multivar,3
bjets_mbb_x_blnu_mT_x_trijet_mInv_x_trijet_pt_x_trijet_pt_rat_x_trijet_bijet_dR_llr,523.25,from_multivar,6
bjets_mbb_x_bjet1_pt_x_blnu_mT_x_trijet_mInv_x_trijet_pt_x_trijet_pt_rat_x_trijet_bijet_dR_llr,523.25,from_multivar,7
lep0_pt_x_bjet0_pt_x_bjet1_pt_x_trijet_mInv_x_trijet_pt_rat_x_trijet_bijet_dR_llr,523.5,from_multivar,6
lep0_pt_x_bjets_dR_x_bjet1_pt_x_blnu_mT_x_trijet_pt_rat_llr,523.625,from_multivar,5
lep0_pt_x_bjet0_pt_x_blnu_mT_x_trijet_pt_rat_x_trijet_bijet_dR_llr,524.0,from_multivar,5
lep0_pt_x_bjets_mbb_x_blnu_mT_x_blnu_pt_x_trijet_mInv_x_trijet_bijet_dR_llr,524.25,from_multivar,6
lep0_pt_x_bjets_mbb_x_bjet1_pt_x_blnu_mT_x_blnu_pt_x_trijet_mInv_x_trijet_bijet_dR_llr,524.25,from_multivar,7
lep0_pt_x_bjet0_pt_x_blnu_mT_x_blnu_pt_x_trijet_mInv_x_trijet_pt_rat_llr,524.5,from_multivar,6
bjets_dR_x_blnu_mT_x_trijet_mInv_x_trijet_pt_llr,524.9375,from_multivar,4
lep0_pt_x_bjet0_pt_x_trijet_mInv_x_trijet_pt_x_trijet_pt_rat_llr,525.25,from_multivar,5
lep0_pt_x_bjet0_pt_x_bjet1_pt_x_blnu_pt_x_trijet_mInv_x_trijet_pt_rat_x_trijet_bijet_dR_llr,525.25,from_multivar,7
bjets_dR_x_blnu_pt_x_trijet_mInv_x_trijet_pt_x_trijet_pt_rat_llr,525.5,from_multivar,5
bjet0_pt_x_bjet1_pt_x_blnu_mT_x_trijet_pt_rat_x_trijet_bijet_dR_llr,525.5,from_multivar,5
lep0_pt_x_bjets_dR_x_blnu_mT_x_trijet_mInv_x_trijet_pt_x_trijet_pt_rat_llr,525.5,from_multivar,6
lep0_pt_x_bjet0_pt_x_bjet1_pt_x_trijet_pt_x_trijet_pt_rat_llr,525.625,from_multivar,5
bjets_dR_x_blnu_mT_x_trijet_pt_rat_llr,525.625,from_multivar,3
bjet0_pt_x_trijet_mInv_x_trijet_pt_rat_llr,525.875,from_multivar,3
lep0_pt_x_bjet0_pt_x_bjet1_pt_x_trijet_pt_rat_x_trijet_bijet_dR_llr,526.25,from_multivar,5
bjets_dR_x_bjet1_pt_x_blnu_pt_x_trijet_pt_rat_llr,526.25,from_multivar,4
bjet0_pt_x_blnu_mT_x_trijet_pt_rat_x_trijet_bijet_dR_llr,526.25,from_multivar,4
bjets_dR_x_blnu_mT_x_blnu_pt_x_trijet_mInv_x_trijet_pt_x_trijet_pt_rat_x_trijet_bijet_dR_llr,526.25,from_multivar,7
bjets_dR_x_blnu_mT_x_trijet_mInv_x_trijet_pt_x_trijet_pt_rat_llr,526.5,from_multivar,5
bjets_mbb_x_bjet1_pt_x_blnu_mT_x_trijet_pt_rat_llr,526.625,from_multivar,4
bjets_pt_bb_x_bjet1_pt_x_blnu_mT_x_trijet_mInv_llr,526.625,from_multivar,4
bjets_mbb_x_bjet1_pt_x_blnu_mT_x_trijet_bijet_dR_llr,526.625,from_multivar,4
lep0_pt_x_bjets_dR_x_blnu_pt_x_trijet_mInv_x_trijet_pt_x_trijet_pt_rat_llr,527.25,from_multivar,6
bjet0_pt_x_bjet1_pt_x_blnu_mT_x_trijet_mInv_x_trijet_pt_rat_llr,527.25,from_multivar,5
lep0_pt_x_bjet0_pt_x_blnu_pt_x_trijet_pt_rat_x_trijet_bijet_dR_llr,527.25,from_multivar,5
lep0_pt_x_bjet0_pt_x_bjet1_pt_x_blnu_pt_x_trijet_pt_rat_x_trijet_bijet_dR_llr,527.25,from_multivar,6
bjets_mbb_x_trijet_mInv_x_trijet_pt_x_trijet_pt_rat_llr,527.5,from_multivar,4
bjets_mbb_x_bjet1_pt_x_blnu_pt_x_trijet_mInv_x_trijet_pt_x_trijet_pt_rat_x_trijet_bijet_dR_llr,527.5,from_multivar,7
lep0_pt_x_bjet0_pt_x_trijet_mInv_x_trijet_pt_rat_llr,527.625,from_multivar,4
lep0_pt_x_bjets_dR_x_bjet1_pt_x_blnu_mT_x_trijet_mInv_x_trijet_pt_llr,527.75,from_multivar,6
lep0_pt_x_bjet0_pt_x_trijet_mInv_x_trijet_pt_x_trijet_pt_rat_x_trijet_bijet_dR_llr,527.875,from_multivar,6
bjets_mbb_x_blnu_mT_x_trijet_mInv_x_trijet_pt_x_trijet_bijet_dR_llr,527.875,from_multivar,5
lep0_pt_x_bjets_dR_x_blnu_mT_x_blnu_pt_x_trijet_mInv_x_trijet_pt_x_trijet_pt_rat_x_trijet_bijet_dR_llr,528.0,from_multivar,8
bjets_mbb_x_bjet1_pt_x_blnu_pt_x_trijet_mInv_x_trijet_pt_llr,528.0,from_multivar,5
bjet0_pt_x_blnu_mT_x_trijet_mInv_x_trijet_pt_x_trijet_pt_rat_x_trijet_bijet_dR_llr,528.25,from_multivar,6
bjet0_pt_x_blnu_mT_x_trijet_mInv_x_trijet_pt_rat_llr,528.25,from_multivar,4
lep0_pt_x_bjets_dR_x_bjet1_pt_x_blnu_mT_x_trijet_mInv_x_trijet_pt_x_trijet_pt_rat_llr,528.25,from_multivar,7
lep0_pt_x_bjet0_pt_x_bjet1_pt_x_trijet_mInv_x_trijet_pt_rat_llr,528.625,from_multivar,5
bjets_mbb_x_blnu_mT_x_blnu_pt_x_trijet_mInv_x_trijet_pt_rat_llr,528.625,from_multivar,5
lep0_pt_x_bjet0_pt_x_trijet_pt_x_trijet_pt_rat_llr,528.75,from_multivar,4
lep0_pt_x_bjets_pt_bb_x_bjet1_pt_x_blnu_mT_llr,528.875,from_multivar,4
bjet0_pt_x_blnu_mT_x_trijet_mInv_x_trijet_pt_llr,529.25,from_multivar,4
lep0_pt_x_bjets_dR_x_bjet1_pt_x_blnu_pt_x_trijet_pt_rat_llr,529.25,from_multivar,5
bjet0_pt_x_bjet1_pt_x_blnu_mT_x_blnu_pt_x_trijet_pt_rat_x_trijet_bijet_dR_llr,529.25,from_multivar,6
bjets_dR_x_bjet1_pt_x_blnu_mT_x_blnu_pt_x_trijet_pt_x_trijet_bijet_dR_llr,529.75,from_multivar,6
lep0_pt_x_bjet0_pt_x_trijet_pt_rat_llr,529.875,from_multivar,3
bjets_dR_x_blnu_pt_x_trijet_mInv_x_trijet_pt_llr,530.25,from_multivar,4
bjets_dR_x_blnu_pt_x_trijet_pt_x_trijet_bijet_dR_llr,530.25,from_multivar,4
lep0_pt_x_bjet0_pt_x_bjet1_pt_x_trijet_mInv_x_trijet_pt_llr,530.5,from_multivar,5
lep0_pt_x_bjets_dR_x_blnu_mT_x_trijet_pt_x_trijet_pt_rat_x_trijet_bijet_dR_llr,530.625,from_multivar,6
bjet0_pt_x_blnu_mT_x_blnu_pt_x_trijet_mInv_x_trijet_pt_x_trijet_bijet_dR_llr,530.625,from_multivar,6
bjets_pt_bb_x_blnu_mT_llr,530.75,from_multivar,2
bjet0_pt_x_bjet1_pt_x_blnu_mT_x_trijet_pt_rat_llr,530.875,from_multivar,4
lep0_pt_x_bjets_dR_x_blnu_mT_x_trijet_pt_rat_llr,530.875,from_multivar,4
lep0_pt_x_bjets_dR_x_blnu_mT_x_blnu_pt_x_trijet_mInv_llr,531.5,from_multivar,5
bjets_mbb_x_bjet1_pt_x_trijet_pt_x_trijet_pt_rat_x_trijet_bijet_dR_llr,531.5,from_multivar,5
bjets_dR_x_blnu_pt_x_trijet_pt_rat_llr,531.625,from_multivar,3
lep0_pt_x_bjets_mbb_x_bjet1_pt_x_blnu_mT_x_trijet_mInv_x_trijet_pt_x_trijet_bijet_dR_llr,531.75,from_multivar,7
lep0_pt_x_bjet0_pt_x_bjet1_pt_x_trijet_pt_rat_llr,531.75,from_multivar,4
lep0_pt_x_bjets_dR_x_bjet1_pt_x_blnu_pt_x_trijet_mInv_x_trijet_pt_x_trijet_pt_rat_llr,532.25,from_multivar,7
lep0_pt_x_bjets_mbb_x_bjet1_pt_x_blnu_mT_x_trijet_mInv_x_trijet_pt_x_trijet_pt_rat_x_trijet_bijet_dR_llr,532.25,from_multivar,8
lep0_pt_x_bjets_mbb_x_bjet1_pt_x_blnu_mT_x_blnu_pt_x_trijet_mInv_x_trijet_pt_rat_llr,532.5,from_multivar,7
bjet0_pt_x_blnu_pt_x_trijet_mInv_x_trijet_pt_llr,532.5,from_multivar,4
bjets_mbb_x_bjet1_pt_x_blnu_mT_x_trijet_mInv_x_trijet_pt_x_trijet_pt_rat_llr,532.75,from_multivar,6
bjet0_pt_x_bjet1_pt_x_trijet_mInv_x_trijet_pt_x_trijet_pt_rat_x_trijet_bijet_dR_llr,532.75,from_multivar,6
lep0_pt_x_bjets_mbb_x_blnu_pt_x_trijet_mInv_x_trijet_pt_x_trijet_bijet_dR_llr,532.875,from_multivar,6
bjets_mbb_x_bjet1_pt_x_blnu_mT_x_blnu_pt_x_trijet_pt_rat_x_trijet_bijet_dR_llr,532.875,from_multivar,6
bjet0_pt_x_bjet1_pt_x_blnu_mT_x_trijet_mInv_x_trijet_pt_x_trijet_pt_rat_x_trijet_bijet_dR_llr,533.25,from_multivar,7
lep0_pt_x_bjets_mbb_x_bjet1_pt_x_blnu_pt_x_trijet_bijet_dR_llr,533.5,from_multivar,5
lep0_pt_x_bjets_dR_x_bjet1_pt_x_trijet_pt_x_trijet_pt_rat_llr,533.5,from_multivar,5
lep0_pt_x_bjets_dR_x_blnu_pt_x_trijet_pt_x_trijet_bijet_dR_llr,533.625,from_multivar,5
bjets_pt_bb_x_bjet1_pt_x_blnu_mT_llr,534.25,from_multivar,3
lep0_pt_x_bjet0_pt_x_blnu_mT_x_trijet_mInv_x_trijet_pt_rat_llr,534.25,from_multivar,5
lep0_pt_x_bjet0_pt_x_blnu_mT_x_trijet_pt_rat_llr,534.25,from_multivar,4
lep0_pt_x_bjets_mbb_x_bjet1_pt_x_blnu_pt_x_trijet_mInv_x_trijet_pt_x_trijet_pt_rat_x_trijet_bijet_dR_llr,534.5,from_multivar,8
lep0_pt_x_bjets_dR_x_bjet1_pt_x_blnu_mT_x_trijet_pt_x_trijet_pt_rat_x_trijet_bijet_dR_llr,534.625,from_multivar,7
bjets_mbb_x_blnu_pt_x_trijet_mInv_x_trijet_pt_x_trijet_bijet_dR_llr,534.625,from_multivar,5
bjets_dR_x_bjet1_pt_x_trijet_pt_x_trijet_pt_rat_llr,534.75,from_multivar,4
lep0_pt_x_bjet0_pt_x_bjet1_pt_x_blnu_mT_x_trijet_mInv_x_trijet_pt_rat_llr,534.875,from_multivar,6
bjet0_pt_x_blnu_mT_x_trijet_mInv_x_trijet_pt_x_trijet_bijet_dR_llr,535.25,from_multivar,5
bjet0_pt_x_bjet1_pt_x_blnu_mT_x_blnu_pt_x_trijet_mInv_x_trijet_pt_rat_x_trijet_bijet_dR_llr,535.25,from_multivar,7
lep0_pt_x_bjets_dR_x_blnu_mT_x_trijet_mInv_x_trijet_pt_llr,535.25,from_multivar,5
bjet0_pt_x_blnu_mT_x_trijet_mInv_x_trijet_pt_x_trijet_pt_rat_llr,535.625,from_multivar,5
bjets_mbb_x_trijet_pt_x_trijet_pt_rat_x_trijet_bijet_dR_llr,535.75,from_multivar,4
lep0_pt_x_bjets_mbb_x_bjet1_pt_x_trijet_pt_x_trijet_pt_rat_x_trijet_bijet_dR_llr,535.875,from_multivar,6
bjets_mbb_x_bjet1_pt_x_trijet_pt_x_trijet_pt_rat_llr,535.9375,from_multivar,4
lep0_pt_x_bjets_mbb_x_trijet_mInv_x_trijet_pt_x_trijet_pt_rat_llr,535.9375,from_multivar,5
lep0_pt_x_bjets_mbb_x_blnu_mT_x_trijet_mInv_x_trijet_pt_x_trijet_bijet_dR_llr,536.0,from_multivar,6
lep0_pt_x_bjets_mbb_x_blnu_mT_x_blnu_pt_x_trijet_mInv_x_trijet_pt_rat_llr,536.0,from_multivar,6
lep0_pt_x_bjets_mbb_x_bjet1_pt_x_blnu_pt_x_trijet_mInv_x_trijet_pt_x_trijet_bijet_dR_llr,536.25,from_multivar,7
lep0_pt_x_bjets_mbb_x_bjet1_pt_x_blnu_mT_x_trijet_bijet_dR_llr,536.625,from_multivar,5
lep0_pt_x_bjets_mbb_x_bjet1_pt_x_blnu_pt_x_trijet_pt_rat_llr,536.75,from_multivar,5
lep0_pt_x_bjet0_pt_x_bjet1_pt_x_blnu_pt_x_trijet_mInv_x_trijet_pt_llr,537.25,from_multivar,6
lep0_pt_x_bjets_dR_x_blnu_pt_x_trijet_mInv_x_trijet_pt_llr,537.25,from_multivar,5
bjet0_pt_x_blnu_mT_x_blnu_pt_x_trijet_pt_rat_llr,537.75,from_multivar,4
bjets_mbb_x_blnu_mT_x_trijet_bijet_dR_llr,537.75,from_multivar,3
lep0_pt_x_bjets_mbb_x_blnu_mT_x_trijet_mInv_x_trijet_pt_x_trijet_pt_rat_x_trijet_bijet_dR_llr,537.9375,from_multivar,7
bjet0_pt_x_blnu_pt_x_trijet_mInv_x_trijet_pt_x_trijet_pt_rat_llr,538.25,from_multivar,5
bjets_dR_x_bjet1_pt_x_blnu_mT_x_blnu_pt_x_trijet_mInv_x_trijet_pt_llr,538.25,from_multivar,6
WW_mInv_llr,538.25,from_1D,1
bjets_mbb_x_blnu_pt_x_trijet_bijet_dR_llr,538.625,from_multivar,3
lep0_pt_x_bjets_dR_x_blnu_pt_x_trijet_pt_x_trijet_pt_rat_x_trijet_bijet_dR_llr,538.625,from_multivar,6
bjet0_pt_x_bjet1_pt_x_blnu_pt_x_trijet_pt_x_trijet_pt_rat_llr,538.75,from_multivar,5
lep0_pt_x_bjets_mbb_x_bjet1_pt_x_blnu_mT_x_trijet_pt_rat_llr,538.875,from_multivar,5
bjet0_pt_x_bjet1_pt_x_blnu_pt_x_trijet_pt_rat_x_trijet_bijet_dR_llr,539.25,from_multivar,5
bjet0_pt_x_blnu_pt_x_trijet_pt_llr,539.25,from_multivar,3
bjets_mbb_x_blnu_mT_x_trijet_pt_rat_llr,541.25,from_multivar,3
bjets_mbb_x_blnu_pt_x_trijet_mInv_x_trijet_pt_x_trijet_pt_rat_llr,541.25,from_multivar,5
bjets_mbb_x_blnu_mT_x_blnu_pt_x_trijet_pt_rat_x_trijet_bijet_dR_llr,541.25,from_multivar,5
bjet0_pt_x_blnu_mT_x_trijet_pt_x_trijet_pt_rat_x_trijet_bijet_dR_llr,541.5,from_multivar,5
bjets_mbb_x_bjet1_pt_x_trijet_pt_x_trijet_bijet_dR_llr,541.75,from_multivar,4
bjets_dR_x_blnu_pt_x_trijet_pt_x_trijet_pt_rat_x_trijet_bijet_dR_llr,542.0,from_multivar,5
bjet0_pt_x_bjet1_pt_x_trijet_pt_x_trijet_pt_rat_x_trijet_bijet_dR_llr,542.625,from_multivar,5
bjet0_pt_x_blnu_pt_x_trijet_pt_x_trijet_pt_rat_llr,543.0,from_multivar,4
bjet0_pt_x_trijet_mInv_x_trijet_pt_x_trijet_pt_rat_x_trijet_bijet_dR_llr,543.25,from_multivar,5
lep0_pt_x_bjet0_pt_x_bjet1_pt_x_trijet_pt_x_trijet_pt_rat_x_trijet_bijet_dR_llr,543.25,from_multivar,6
lep0_pt_x_bjet0_pt_x_bjet1_pt_x_blnu_mT_x_trijet_pt_rat_llr,543.25,from_multivar,5
lep0_pt_x_bjets_dR_x_bjet1_pt_x_blnu_mT_x_blnu_pt_x_trijet_pt_rat_llr,543.875,from_multivar,6
bjets_dR_x_bjet1_pt_x_blnu_mT_x_blnu_pt_x_trijet_pt_rat_llr,544.25,from_multivar,5
lep0_pt_x_bjets_mbb_x_blnu_mT_x_trijet_bijet_dR_llr,544.5,from_multivar,4
lep0_pt_x_bjet0_pt_x_bjet1_pt_x_blnu_mT_x_trijet_mInv_x_trijet_pt_rat_x_trijet_bijet_dR_llr,544.75,from_multivar,7
bjet0_pt_x_bjet1_pt_x_blnu_mT_x_blnu_pt_x_trijet_pt_x_trijet_pt_rat_llr,545.0,from_multivar,6
lep0_pt_x_bjet0_pt_x_bjet1_pt_x_blnu_pt_x_trijet_pt_x_trijet_pt_rat_llr,545.25,from_multivar,6
bjets_dR_x_blnu_mT_x_blnu_pt_x_trijet_mInv_x_trijet_pt_x_trijet_pt_rat_llr,545.5,from_multivar,6
bjets_dR_x_bjet1_pt_x_blnu_mT_x_blnu_pt_x_trijet_mInv_x_trijet_pt_x_trijet_pt_rat_llr,545.75,from_multivar,7
lep0_pt_x_bjets_mbb_x_trijet_pt_x_trijet_pt_rat_x_trijet_bijet_dR_llr,545.75,from_multivar,5
bjets_mbb_x_bjet1_pt_x_blnu_mT_x_blnu_pt_x_trijet_mInv_x_trijet_pt_x_trijet_pt_rat_x_trijet_bijet_dR_llr,545.9375,from_multivar,8
lep0_pt_x_bjets_mbb_x_blnu_pt_x_trijet_mInv_x_trijet_pt_x_trijet_pt_rat_x_trijet_bijet_dR_llr,546.25,from_multivar,7
bjets_dR_x_bjet1_pt_x_trijet_pt_llr,546.25,from_multivar,3
bjets_mbb_x_bjet1_pt_x_blnu_pt_x_trijet_mInv_llr,546.25,from_multivar,4
lep0_pt_x_bjets_mbb_x_blnu_pt_x_trijet_mInv_x_trijet_pt_x_trijet_pt_rat_llr,546.625,from_multivar,6
bjets_dR_x_blnu_mT_x_blnu_pt_x_trijet_pt_x_trijet_pt_rat_x_trijet_bijet_dR_llr,546.625,from_multivar,6
lep0_pt_x_bjets_mbb_x_blnu_mT_x_blnu_pt_x_trijet_pt_rat_x_trijet_bijet_dR_llr,546.75,from_multivar,6
bjets_dR_x_blnu_mT_x_blnu_pt_x_trijet_pt_rat_llr,547.25,from_multivar,4
lep0_pt_x_bjets_mbb_x_blnu_pt_x_trijet_bijet_dR_llr,547.625,from_multivar,4
lep0_pt_x_bjet0_pt_x_bjet1_pt_x_blnu_mT_x_blnu_pt_x_trijet_mInv_x_trijet_pt_rat_llr,547.75,from_multivar,7
bjet0_pt_x_bjet1_pt_x_blnu_mT_x_blnu_pt_x_trijet_mInv_x_trijet_pt_x_trijet_pt_rat_llr,547.75,from_multivar,7
bjets_pt_bb_x_trijet_mInv_llr,548.25,from_multivar,2
lep0_pt_x_bjets_dR_x_bjet1_pt_x_blnu_pt_x_trijet_pt_x_trijet_pt_rat_x_trijet_bijet_dR_llr,548.25,from_multivar,7
lep0_pt_x_bjets_mbb_x_bjet1_pt_x_blnu_pt_x_trijet_mInv_x_trijet_pt_x_trijet_pt_rat_llr,548.5,from_multivar,7
lep0_pt_x_bjet0_pt_x_bjet1_pt_x_blnu_pt_x_trijet_mInv_x_trijet_pt_x_trijet_pt_rat_llr,548.5,from_multivar,7
bjets_dR_x_blnu_mT_x_blnu_pt_x_trijet_pt_x_trijet_bijet_dR_llr,548.75,from_multivar,5
lep0_pt_x_bjet0_pt_x_trijet_pt_x_trijet_pt_rat_x_trijet_bijet_dR_llr,548.75,from_multivar,5
lep0_pt_x_bjet0_pt_x_blnu_mT_x_trijet_pt_x_trijet_pt_rat_x_trijet_bijet_dR_llr,549.25,from_multivar,6
bjets_mbb_x_blnu_pt_x_trijet_pt_rat_llr,549.25,from_multivar,3
lep0_pt_x_bjet0_pt_x_blnu_pt_x_trijet_mInv_x_trijet_pt_llr,549.25,from_multivar,5
lep0_pt_x_bjets_pt_bb_x_bjet1_pt_x_trijet_mInv_llr,549.5,from_multivar,4
bjet0_pt_x_bjet1_pt_x_blnu_mT_x_trijet_pt_x_trijet_pt_rat_x_trijet_bijet_dR_llr,549.5,from_multivar,6
bjet0_pt_x_blnu_pt_x_trijet_mInv_x_trijet_pt_x_trijet_pt_rat_x_trijet_bijet_dR_llr,549.5,from_multivar,6
lep0_pt_x_bjets_pt_bb_x_trijet_mInv_llr,549.875,from_multivar,3
lep0_pt_x_bjets_mbb_x_bjet1_pt_x_trijet_pt_x_trijet_pt_rat_llr,549.875,from_multivar,5
lep0_pt_x_bjet0_pt_x_bjet1_pt_x_blnu_mT_x_trijet_mInv_x_trijet_pt_x_trijet_pt_rat_x_trijet_bijet_dR_llr,550.25,from_multivar,8
lep0_pt_x_bjet0_pt_x_blnu_pt_x_trijet_mInv_x_trijet_pt_x_trijet_pt_rat_llr,550.25,from_multivar,6
bjet0_pt_x_blnu_mT_x_blnu_pt_x_trijet_mInv_x_trijet_pt_x_trijet_pt_rat_llr,550.25,from_multivar,6
bjet0_pt_x_bjet1_pt_x_blnu_mT_x_blnu_pt_x_trijet_mInv_x_trijet_bijet_dR_llr,550.25,from_multivar,6
bjets_mbb_x_bjet1_pt_x_blnu_pt_x_trijet_pt_x_trijet_pt_rat_x_trijet_bijet_dR_llr,550.5,from_multivar,6
lep0_pt_x_bjets_mbb_x_bjet1_pt_x_blnu_mT_x_blnu_pt_x_trijet_pt_rat_x_trijet_bijet_dR_llr,550.75,from_multivar,7
bjets_mbb_x_bjet1_pt_x_blnu_mT_x_trijet_pt_x_trijet_pt_rat_x_trijet_bijet_dR_llr,550.75,from_multivar,6
lep0_pt_x_bjet0_pt_x_bjet1_pt_x_blnu_mT_x_blnu_pt_x_trijet_mInv_x_trijet_pt_rat_x_trijet_bijet_dR_llr,550.875,from_multivar,8
bjet0_pt_x_trijet_pt_x_trijet_pt_rat_x_trijet_bijet_dR_llr,551.25,from_multivar,4
lep0_pt_x_bjets_dR_x_blnu_mT_x_blnu_pt_x_trijet_pt_rat_llr,551.25,from_multivar,5
lep0_pt_x_bjet0_pt_x_blnu_mT_x_blnu_pt_x_trijet_mInv_x_trijet_pt_rat_x_trijet_bijet_dR_llr,551.25,from_multivar,7
bjets_dR_x_blnu_mT_x_blnu_pt_x_trijet_mInv_x_trijet_pt_llr,551.25,from_multivar,5
lep0_pt_x_bjet0_pt_x_bjet1_pt_x_blnu_mT_x_trijet_mInv_x_trijet_pt_llr,551.25,from_multivar,6
lep0_pt_x_bjets_dR_x_bjet1_pt_x_blnu_mT_x_blnu_pt_x_trijet_pt_x_trijet_bijet_dR_llr,551.75,from_multivar,7
lep0_pt_x_bjets_dR_x_bjet1_pt_x_blnu_mT_x_blnu_pt_x_trijet_mInv_x_trijet_pt_x_trijet_pt_rat_llr,551.75,from_multivar,8
bjets_dR_x_bjet1_pt_x_trijet_mInv_llr,551.875,from_multivar,3
lep0_pt_x_bjet0_pt_x_blnu_mT_x_trijet_mInv_x_trijet_pt_x_trijet_pt_rat_x_trijet_bijet_dR_llr,551.875,from_multivar,7
trijet_mInv_vs_bjets_pt_bb_llr,552.25,from_2D,2
lep0_pt_x_bjets_mbb_x_bjet1_pt_x_blnu_mT_x_blnu_pt_x_trijet_mInv_x_trijet_pt_x_trijet_pt_rat_x_trijet_bijet_dR_llr,552.625,from_multivar,9
lep0_pt_x_bjets_dR_x_bjet1_pt_x_trijet_mInv_llr,552.9375,from_multivar,4
lep0_pt_x_bjets_mbb_x_blnu_mT_x_trijet_pt_rat_llr,553.0,from_multivar,4
bjet0_pt_x_trijet_mInv_x_trijet_pt_x_trijet_bijet_dR_llr,553.0,from_multivar,4
bjets_mbb_x_bjet1_pt_x_blnu_mT_x_blnu_pt_x_trijet_mInv_x_trijet_pt_x_trijet_bijet_dR_llr,553.75,from_multivar,7
bjets_mbb_x_blnu_mT_x_blnu_pt_x_trijet_mInv_x_trijet_pt_x_trijet_pt_rat_x_trijet_bijet_dR_llr,553.75,from_multivar,7
lep0_pt_x_bjets_mbb_x_bjet1_pt_x_trijet_mInv_x_trijet_pt_llr,553.75,from_multivar,5
bjets_mbb_x_blnu_mT_x_trijet_mInv_x_trijet_pt_x_trijet_pt_rat_llr,554.25,from_multivar,5
lep0_pt_x_bjet0_pt_x_blnu_mT_x_trijet_mInv_x_trijet_pt_x_trijet_pt_rat_llr,554.25,from_multivar,6
lep0_pt_x_bjets_mbb_x_bjet1_pt_x_blnu_mT_x_trijet_mInv_x_trijet_pt_x_trijet_pt_rat_llr,554.25,from_multivar,7
bjet0_pt_x_blnu_mT_x_blnu_pt_x_trijet_mInv_x_trijet_bijet_dR_llr,554.5,from_multivar,5
bjets_mbb_x_blnu_mT_x_blnu_pt_x_trijet_mInv_x_trijet_pt_x_trijet_bijet_dR_llr,554.625,from_multivar,6
jj_lnu_dPhi_llr,554.9375,from_1D,1
bjet0_pt_x_bjet1_pt_x_blnu_pt_x_trijet_mInv_x_trijet_pt_x_trijet_bijet_dR_llr,554.9375,from_multivar,6
lep0_pt_x_bjets_pt_bb_x_bjet0_pt_x_bjet1_pt_x_blnu_mT_x_trijet_mInv_llr,555.25,from_multivar,6
lep0_pt_x_bjets_mbb_x_blnu_mT_x_trijet_mInv_x_trijet_pt_x_trijet_pt_rat_llr,555.25,from_multivar,6
lep0_pt_x_bjets_dR_x_blnu_mT_x_blnu_pt_x_trijet_pt_x_trijet_bijet_dR_llr,555.25,from_multivar,6
lep0_pt_x_bjets_dR_x_bjet1_pt_x_blnu_mT_x_blnu_pt_x_trijet_mInv_x_trijet_pt_llr,555.25,from_multivar,7
lep0_pt_x_bjet0_pt_x_bjet1_pt_x_trijet_mInv_x_trijet_pt_x_trijet_pt_rat_x_trijet_bijet_dR_llr,555.5,from_multivar,7
bjet0_pt_x_trijet_pt_x_trijet_bijet_dR_llr,555.5,from_multivar,3
bjets_dR_x_bjet1_pt_x_blnu_mT_x_blnu_pt_x_trijet_pt_x_trijet_pt_rat_x_trijet_bijet_dR_llr,555.625,from_multivar,7
bjets_mbb_x_blnu_pt_x_trijet_pt_x_trijet_pt_rat_x_trijet_bijet_dR_llr,555.875,from_multivar,5
bjet0_pt_x_blnu_pt_llr,556.625,from_multivar,2
lep0_pt_x_bjets_dR_x_blnu_mT_x_blnu_pt_x_trijet_mInv_x_trijet_pt_llr,556.75,from_multivar,6
lep0_pt_x_bjets_mbb_x_bjet1_pt_x_trijet_pt_x_trijet_bijet_dR_llr,556.875,from_multivar,5
lep0_pt_x_bjet0_pt_x_bjet1_pt_x_trijet_mInv_x_trijet_pt_x_trijet_bijet_dR_llr,557.25,from_multivar,6
bjet0_pt_x_blnu_mT_x_trijet_pt_x_trijet_bijet_dR_llr,557.625,from_multivar,4
bjets_pt_bb_x_bjet1_pt_x_trijet_mInv_llr,557.625,from_multivar,3
lep0_pt_x_bjet0_pt_x_trijet_mInv_x_trijet_pt_x_trijet_bijet_dR_llr,557.875,from_multivar,5
lep0_pt_x_bjet0_pt_x_blnu_mT_x_blnu_pt_x_trijet_pt_rat_x_trijet_bijet_dR_llr,558.25,from_multivar,6
lep0_pt_x_bjet0_pt_x_blnu_mT_x_trijet_mInv_x_trijet_pt_llr,558.5,from_multivar,5
lep0_pt_x_bjets_mbb_x_blnu_pt_x_trijet_pt_rat_llr,558.625,from_multivar,4
lep0_pt_x_bjets_pt_bb_x_bjet0_pt_x_blnu_mT_x_trijet_mInv_llr,558.75,from_multivar,5
bjet0_pt_x_bjet1_pt_x_trijet_mInv_x_trijet_pt_x_trijet_bijet_dR_llr,559.25,from_multivar,5
lep0_pt_x_bjets_mbb_x_bjet1_pt_x_blnu_mT_x_blnu_pt_x_trijet_mInv_x_trijet_pt_x_trijet_bijet_dR_llr,559.875,from_multivar,8
bjets_mbb_x_bjet1_pt_x_blnu_mT_x_blnu_pt_x_trijet_bijet_dR_llr,560.5,from_multivar,5
lep0_pt_x_bjet0_pt_x_bjet1_pt_x_blnu_mT_x_trijet_mInv_x_trijet_pt_x_trijet_pt_rat_llr,560.5,from_multivar,7
lep0_pt_x_bjet0_pt_x_blnu_mT_x_trijet_pt_x_trijet_pt_rat_llr,560.625,from_multivar,5
lep0_pt_x_bjets_dR_x_bjet1_pt_x_blnu_mT_x_trijet_mInv_llr,560.75,from_multivar,5
lep0_pt_x_bjets_mbb_x_blnu_mT_x_blnu_pt_x_trijet_mInv_x_trijet_pt_x_trijet_pt_rat_x_trijet_bijet_dR_llr,560.75,from_multivar,8
lep0_pt_x_bjets_dR_x_bjet1_pt_x_blnu_mT_x_blnu_pt_x_trijet_pt_x_trijet_pt_rat_x_trijet_bijet_dR_llr,560.75,from_multivar,8
bjets_dR_x_bjet1_pt_x_blnu_mT_x_trijet_mInv_llr,560.75,from_multivar,4
bjet0_pt_x_blnu_pt_x_trijet_mInv_x_trijet_bijet_dR_llr,560.75,from_multivar,4
bjets_mbb_x_bjet1_pt_x_blnu_mT_x_blnu_pt_x_trijet_pt_rat_llr,561.25,from_multivar,5
bjets_dR_x_trijet_pt_x_trijet_pt_rat_llr,561.25,from_multivar,3
bjets_mbb_x_blnu_mT_x_trijet_pt_x_trijet_pt_rat_x_trijet_bijet_dR_llr,561.5,from_multivar,5
bjet0_pt_x_bjet1_pt_x_blnu_mT_x_blnu_pt_x_trijet_pt_x_trijet_pt_rat_x_trijet_bijet_dR_llr,561.875,from_multivar,7
bjets_mbb_x_trijet_pt_x_trijet_bijet_dR_llr,561.9375,from_multivar,3
lep0_pt_x_bjet0_pt_x_blnu_mT_x_trijet_mInv_x_trijet_pt_x_trijet_bijet_dR_llr,562.5,from_multivar,6
bjet0_pt_x_bjet1_pt_x_blnu_pt_x_trijet_mInv_x_trijet_bijet_dR_llr,562.625,from_multivar,5
bjet0_pt_x_blnu_mT_x_blnu_pt_x_trijet_pt_x_trijet_pt_rat_x_trijet_bijet_dR_llr,562.625,from_multivar,6
lep0_pt_x_bjets_dR_x_blnu_mT_x_blnu_pt_x_trijet_mInv_x_trijet_pt_x_trijet_pt_rat_llr,562.875,from_multivar,7
bjet0_pt_x_bjet1_pt_x_blnu_mT_x_trijet_pt_x_trijet_bijet_dR_llr,563.625,from_multivar,5
lep0_pt_x_bjets_mbb_x_blnu_mT_x_blnu_pt_x_trijet_mInv_x_trijet_pt_x_trijet_bijet_dR_llr,563.625,from_multivar,7
lep0_pt_x_bjet0_pt_x_bjet1_pt_x_blnu_mT_x_blnu_pt_x_trijet_pt_rat_llr,563.75,from_multivar,6
bjets_dR_x_bjet1_pt_x_blnu_mT_x_trijet_pt_x_trijet_pt_rat_llr,563.75,from_multivar,5
lep0_pt_x_bjet0_pt_x_blnu_pt_x_trijet_mInv_x_trijet_bijet_dR_llr,564.25,from_multivar,5
bjet0_pt_x_blnu_pt_x_trijet_mInv_llr,564.5,from_multivar,3
lep0_pt_x_bjet0_pt_x_bjet1_pt_x_blnu_pt_x_trijet_pt_llr,564.875,from_multivar,5
lep0_pt_x_bjets_mbb_x_bjet1_pt_x_blnu_mT_x_blnu_pt_x_trijet_bijet_dR_llr,565.25,from_multivar,6
bjets_mbb_x_bjet1_pt_x_blnu_mT_x_blnu_pt_x_trijet_mInv_x_trijet_pt_x_trijet_pt_rat_llr,565.25,from_multivar,7
bjets_pt_bb_x_bjet0_pt_x_bjet1_pt_x_blnu_mT_x_trijet_mInv_llr,565.75,from_multivar,5
bjets_dR_x_bjet1_pt_x_blnu_pt_x_trijet_pt_x_trijet_pt_rat_llr,566.0,from_multivar,5
bjet0_pt_x_bjet1_pt_x_blnu_pt_x_trijet_mInv_llr,566.0,from_multivar,4
lep0_pt_x_bjets_dR_x_trijet_pt_x_trijet_pt_rat_llr,566.5,from_multivar,4
lep0_pt_x_bjets_pt_bb_llr,566.5,from_multivar,2
lep0_pt_x_bjets_mbb_x_blnu_pt_x_trijet_pt_x_trijet_pt_rat_x_trijet_bijet_dR_llr,566.5,from_multivar,6
lep0_pt_x_bjet0_pt_x_bjet1_pt_x_blnu_pt_x_trijet_mInv_x_trijet_bijet_dR_llr,566.75,from_multivar,6
lep0_pt_x_bjet0_pt_x_bjet1_pt_x_blnu_mT_x_trijet_pt_x_trijet_pt_rat_llr,567.25,from_multivar,6
bjet0_pt_x_bjet1_pt_x_blnu_pt_llr,567.25,from_multivar,3
bjets_pt_bb_x_bjet0_pt_x_blnu_mT_x_trijet_mInv_llr,567.5,from_multivar,4
bjets_mbb_x_blnu_mT_x_blnu_pt_x_trijet_bijet_dR_llr,567.5,from_multivar,4
bjet0_pt_x_bjet1_pt_x_blnu_mT_x_blnu_pt_x_trijet_mInv_x_trijet_pt_llr,568.0,from_multivar,6
lep0_pt_x_bjets_mbb_x_bjet1_pt_x_blnu_mT_x_blnu_pt_x_trijet_pt_rat_llr,568.25,from_multivar,6
lep0_pt_x_bjets_dR_x_blnu_pt_x_trijet_pt_x_trijet_pt_rat_llr,568.25,from_multivar,5
bjets_dR_x_blnu_mT_x_trijet_mInv_llr,568.75,from_multivar,3
lep0_pt_x_bjet0_pt_x_blnu_mT_x_blnu_pt_x_trijet_pt_rat_llr,568.75,from_multivar,5
lep0_pt_x_bjets_mbb_x_blnu_mT_x_trijet_pt_x_trijet_pt_rat_x_trijet_bijet_dR_llr,569.0,from_multivar,6
bjet0_pt_x_bjet1_pt_x_trijet_pt_x_trijet_bijet_dR_llr,569.25,from_multivar,4
lep0_pt_x_bjets_mbb_x_trijet_pt_x_trijet_bijet_dR_llr,569.25,from_multivar,4
lep0_pt_x_bjets_pt_bb_x_bjet1_pt_llr,569.5,from_multivar,3
lep0_pt_x_bjets_dR_x_trijet_mInv_llr,569.75,from_multivar,3
lep0_pt_x_bjets_mbb_x_bjet1_pt_x_blnu_mT_x_trijet_pt_x_trijet_pt_rat_x_trijet_bijet_dR_llr,569.75,from_multivar,7
bjet0_pt_x_bjet1_pt_x_blnu_mT_x_blnu_pt_x_trijet_pt_x_trijet_bijet_dR_llr,569.9375,from_multivar,6
lep0_pt_x_bjets_dR_x_bjet1_pt_x_blnu_pt_x_trijet_pt_x_trijet_pt_rat_llr,570.0,from_multivar,6
lep0_pt_x_bjet0_pt_x_blnu_mT_x_trijet_pt_llr,570.25,from_multivar,4
lep0_pt_x_bjets_mbb_x_bjet1_pt_x_blnu_pt_x_trijet_mInv_llr,570.5,from_multivar,5
bjets_dR_x_blnu_mT_x_trijet_pt_x_trijet_pt_rat_llr,570.75,from_multivar,4
lep0_pt_x_bjet0_pt_x_blnu_pt_x_trijet_pt_llr,570.75,from_multivar,4
bjets_mbb_x_bjet1_pt_x_blnu_pt_x_trijet_pt_x_trijet_pt_rat_llr,570.875,from_multivar,5
lep0_pt_x_bjets_dR_x_blnu_mT_x_trijet_mInv_llr,571.25,from_multivar,4
lep0_pt_x_bjet0_pt_x_blnu_pt_x_trijet_pt_x_trijet_pt_rat_x_trijet_bijet_dR_llr,571.25,from_multivar,6
lep0_pt_x_bjets_mbb_x_bjet1_pt_x_blnu_pt_x_trijet_mInv_x_trijet_pt_llr,571.5,from_multivar,6
lep0_pt_x_bjet0_pt_x_bjet1_pt_x_blnu_mT_x_trijet_pt_llr,571.875,from_multivar,5
bjet0_pt_x_blnu_pt_x_trijet_bijet_dR_llr,572.5,from_multivar,3
bjets_dR_x_trijet_mInv_llr,572.5,from_multivar,2
lep0_pt_x_bjet0_pt_x_bjet1_pt_x_trijet_pt_x_trijet_bijet_dR_llr,572.5,from_multivar,5
bjets_mbb_x_bjet1_pt_x_blnu_mT_x_trijet_pt_x_trijet_bijet_dR_llr,573.25,from_multivar,5
lep0_pt_x_bjets_dR_x_blnu_mT_x_blnu_pt_x_trijet_pt_x_trijet_pt_rat_x_trijet_bijet_dR_llr,573.75,from_multivar,7
lep0_pt_x_bjets_mbb_x_bjet1_pt_x_blnu_mT_x_blnu_pt_x_trijet_mInv_x_trijet_pt_x_trijet_pt_rat_llr,573.75,from_multivar,8
lep0_pt_x_bjets_dR_x_bjet1_pt_x_blnu_mT_x_trijet_pt_x_trijet_pt_rat_llr,573.75,from_multivar,6
lep0_pt_x_bjet0_pt_x_blnu_mT_x_blnu_pt_x_trijet_mInv_x_trijet_bijet_dR_llr,573.875,from_multivar,6
bjets_dR_x_bjet1_pt_x_blnu_pt_llr,573.9375,from_multivar,3
lep0_pt_x_bjet0_pt_x_blnu_pt_x_trijet_mInv_x_trijet_pt_x_trijet_bijet_dR_llr,574.0,from_multivar,6
bjet0_pt_x_blnu_mT_x_blnu_pt_x_trijet_mInv_x_trijet_pt_llr,574.25,from_multivar,5
bjet0_pt_x_bjet1_pt_x_blnu_pt_x_trijet_mInv_x_trijet_pt_x_trijet_pt_rat_x_trijet_bijet_dR_llr,574.5,from_multivar,7
bjets_mbb_x_blnu_mT_x_blnu_pt_x_trijet_mInv_x_trijet_pt_x_trijet_pt_rat_llr,574.75,from_multivar,6
bjet0_pt_x_bjet1_pt_x_blnu_pt_x_trijet_pt_x_trijet_pt_rat_x_trijet_bijet_dR_llr,574.875,from_multivar,6
lep0_pt_x_bjets_mbb_x_bjet1_pt_x_blnu_pt_x_trijet_pt_x_trijet_pt_rat_x_trijet_bijet_dR_llr,575.625,from_multivar,7
lep0_pt_x_bjet0_pt_x_trijet_pt_x_trijet_bijet_dR_llr,576.75,from_multivar,4
lep0_pt_x_bjet0_pt_x_blnu_pt_x_trijet_pt_x_trijet_pt_rat_llr,576.875,from_multivar,5
bjets_mbb_x_trijet_pt_x_trijet_pt_rat_llr,576.9375,from_multivar,3
lep0_pt_x_bjet0_pt_x_blnu_pt_x_trijet_bijet_dR_llr,577.0,from_multivar,4
bjets_mbb_x_bjet1_pt_x_blnu_pt_x_trijet_pt_x_trijet_bijet_dR_llr,578.0,from_multivar,5
lep0_pt_x_bjets_dR_x_bjet1_pt_x_trijet_pt_llr,578.5,from_multivar,4
bjets_pt_bb_x_bjet1_pt_llr,578.5,from_multivar,2
bjet0_pt_x_blnu_pt_x_trijet_mInv_x_trijet_pt_x_trijet_bijet_dR_llr,578.625,from_multivar,5
bjets_mbb_x_blnu_mT_x_blnu_pt_x_trijet_pt_rat_llr,578.75,from_multivar,4
lep0_pt_x_bjets_dR_x_blnu_mT_x_trijet_pt_x_trijet_pt_rat_llr,578.875,from_multivar,5
lep0_pt_x_bjets_dR_x_blnu_pt_llr,579.0,from_multivar,3
lep0_pt_x_bjet0_pt_x_bjet1_pt_x_blnu_mT_x_trijet_mInv_x_trijet_pt_x_trijet_bijet_dR_llr,579.25,from_multivar,7
lep0_pt_x_bjets_dR_x_bjet1_pt_x_blnu_pt_llr,579.5,from_multivar,4
bjet0_pt_x_blnu_mT_x_blnu_pt_x_trijet_mInv_x_trijet_pt_x_trijet_pt_rat_x_trijet_bijet_dR_llr,579.5,from_multivar,7
bjets_mbb_x_blnu_pt_x_trijet_pt_x_trijet_bijet_dR_llr,579.625,from_multivar,4
bjets_mbb_x_trijet_mInv_x_trijet_pt_llr,580.5,from_multivar,3
bjet0_pt_x_bjet1_pt_x_blnu_pt_x_trijet_bijet_dR_llr,580.625,from_multivar,4
lep0_pt_x_bjets_pt_bb_x_bjet0_pt_x_blnu_mT_llr,580.75,from_multivar,4
lep0_pt_x_bjet0_pt_x_bjet1_pt_x_blnu_pt_x_trijet_mInv_x_trijet_pt_x_trijet_pt_rat_x_trijet_bijet_dR_llr,580.75,from_multivar,8
lep0_pt_x_bjets_mbb_x_bjet1_pt_x_blnu_mT_x_trijet_pt_x_trijet_bijet_dR_llr,581.5,from_multivar,6
bjets_pt_bb_llr,581.75,from_1D,1
lep0_pt_x_bjet0_pt_x_bjet1_pt_x_blnu_mT_x_trijet_pt_x_trijet_bijet_dR_llr,581.75,from_multivar,6
lep0_pt_x_bjets_mbb_x_blnu_mT_x_blnu_pt_x_trijet_bijet_dR_llr,581.875,from_multivar,5
bjet0_pt_x_bjet1_pt_x_blnu_mT_x_blnu_pt_x_trijet_mInv_x_trijet_pt_x_trijet_pt_rat_x_trijet_bijet_dR_llr,582.25,from_multivar,8
lep0_pt_x_bjet0_pt_x_blnu_pt_x_trijet_mInv_x_trijet_pt_x_trijet_pt_rat_x_trijet_bijet_dR_llr,582.5,from_multivar,7
lep0_pt_x_bjets_pt_bb_x_bjet0_pt_x_bjet1_pt_x_trijet_mInv_llr,582.75,from_multivar,5
lep0_pt_x_bjets_pt_bb_x_bjet0_pt_x_bjet1_pt_x_blnu_mT_llr,582.9375,from_multivar,5
bjet0_pt_x_bjet1_pt_x_blnu_mT_x_blnu_pt_x_trijet_mInv_llr,583.25,from_multivar,5
lep0_pt_x_bjet0_pt_x_bjet1_pt_x_blnu_pt_x_trijet_mInv_llr,583.5,from_multivar,5
bjets_mbb_x_blnu_mT_x_trijet_pt_x_trijet_bijet_dR_llr,583.5,from_multivar,4
lep0_pt_x_bjets_mbb_x_bjet1_pt_x_blnu_pt_x_trijet_pt_x_trijet_bijet_dR_llr,583.625,from_multivar,6
bjet0_pt_x_blnu_mT_x_blnu_pt_x_trijet_bijet_dR_llr,583.75,from_multivar,4
lep0_pt_x_bjet0_pt_x_bjet1_pt_x_blnu_pt_x_trijet_mInv_x_trijet_pt_x_trijet_bijet_dR_llr,584.25,from_multivar,7
lep0_pt_x_bjets_pt_bb_x_bjet0_pt_x_trijet_mInv_llr,584.25,from_multivar,4
lep0_pt_x_bjet0_pt_x_bjet1_pt_x_blnu_pt_x_trijet_bijet_dR_llr,584.25,from_multivar,5
bjet0_pt_x_blnu_pt_x_trijet_pt_x_trijet_pt_rat_x_trijet_bijet_dR_llr,584.875,from_multivar,5
bjets_mbb_x_blnu_pt_x_trijet_mInv_x_trijet_pt_llr,585.75,from_multivar,4
bjet0_pt_x_bjet1_pt_x_blnu_mT_x_blnu_pt_x_trijet_pt_llr,585.75,from_multivar,5
lep0_pt_x_bjet0_pt_x_blnu_pt_x_trijet_mInv_llr,585.875,from_multivar,4
bjets_dR_x_blnu_pt_llr,585.9375,from_multivar,2
bjets_mbb_x_bjet1_pt_x_blnu_mT_x_trijet_mInv_x_trijet_pt_llr,586.25,from_multivar,5
bjets_dPhi_vs_mbb_llr,586.25,from_2D,2
bjets_mbb_x_blnu_mT_x_blnu_pt_x_trijet_pt_x_trijet_pt_rat_x_trijet_bijet_dR_llr,586.5,from_multivar,6
bjets_dR_x_blnu_pt_x_trijet_pt_x_trijet_pt_rat_llr,586.625,from_multivar,4
bjets_mbb_x_blnu_pt_x_trijet_mInv_llr,587.0,from_multivar,3
lep0_pt_x_bjets_dR_x_bjet1_pt_x_blnu_mT_x_blnu_pt_llr,587.5,from_multivar,5
lep0_pt_x_bjet0_pt_x_bjet1_pt_x_blnu_mT_x_blnu_pt_x_trijet_mInv_x_trijet_pt_x_trijet_pt_rat_llr,587.75,from_multivar,8
lep0_pt_x_bjet0_pt_x_bjet1_pt_x_blnu_mT_x_blnu_pt_x_trijet_pt_rat_x_trijet_bijet_dR_llr,587.75,from_multivar,7
bjets_pt_bb_x_bjet0_pt_x_blnu_mT_llr,587.875,from_multivar,3
lep0_pt_x_bjet0_pt_x_bjet1_pt_x_blnu_mT_x_trijet_pt_x_trijet_pt_rat_x_trijet_bijet_dR_llr,588.25,from_multivar,7
lep0_pt_x_bjet0_pt_x_bjet1_pt_x_blnu_pt_llr,588.875,from_multivar,4
jj_l_dPhi_llr,589.25,from_1D,1
bjets_pt_bb_x_bjet0_pt_x_bjet1_pt_x_trijet_mInv_llr,589.25,from_multivar,4
bjet0_pt_x_blnu_mT_x_blnu_pt_x_trijet_mInv_llr,589.25,from_multivar,4
lep0_pt_x_bjet0_pt_x_bjet1_pt_x_blnu_mT_x_blnu_pt_x_trijet_mInv_x_trijet_pt_x_trijet_pt_rat_x_trijet_bijet_dR_llr,589.25,from_multivar,9
lep0_pt_x_bjets_mbb_x_bjet1_pt_x_blnu_mT_x_trijet_mInv_x_trijet_pt_llr,589.5,from_multivar,6
lep0_pt_x_bjets_mbb_x_blnu_mT_x_trijet_pt_x_trijet_bijet_dR_llr,590.0,from_multivar,5
bjets_pt_bb_x_bjet0_pt_x_bjet1_pt_x_blnu_mT_llr,590.25,from_multivar,4
lep0_pt_x_bjet0_pt_x_bjet1_pt_x_blnu_mT_x_blnu_pt_x_trijet_mInv_x_trijet_bijet_dR_llr,590.25,from_multivar,7
lep0_pt_x_bjets_mbb_x_bjet1_pt_x_blnu_pt_x_trijet_pt_x_trijet_pt_rat_llr,590.875,from_multivar,6
bjet0_pt_x_bjet1_pt_x_blnu_mT_x_blnu_pt_x_trijet_bijet_dR_llr,591.25,from_multivar,5
bjets_dR_x_bjet1_pt_x_blnu_mT_x_blnu_pt_llr,591.25,from_multivar,4
bjets_mbb_x_bjet1_pt_x_blnu_mT_x_blnu_pt_x_trijet_pt_x_trijet_pt_rat_x_trijet_bijet_dR_llr,591.5,from_multivar,7
bjet0_pt_x_blnu_mT_x_blnu_pt_x_trijet_pt_x_trijet_pt_rat_llr,591.5,from_multivar,5
bjets_mbb_x_bjet1_pt_x_blnu_mT_x_trijet_pt_x_trijet_pt_rat_llr,591.5,from_multivar,5
lep0_pt_x_bjet0_pt_x_bjet1_pt_x_blnu_pt_x_trijet_pt_x_trijet_bijet_dR_llr,591.75,from_multivar,6
lep0_pt_x_bjets_mbb_x_trijet_pt_x_trijet_pt_rat_llr,591.875,from_multivar,4
lep0_pt_x_bjets_mbb_x_trijet_mInv_x_trijet_pt_llr,592.25,from_multivar,4
lep0_pt_x_bjets_mbb_x_bjet1_pt_x_blnu_mT_x_trijet_pt_x_trijet_pt_rat_llr,592.25,from_multivar,6
bjets_dR_x_blnu_mT_x_blnu_pt_llr,592.875,from_multivar,3
lep0_pt_x_bjets_mbb_x_blnu_mT_x_blnu_pt_x_trijet_pt_rat_llr,593.25,from_multivar,5
lep0_pt_x_bjets_mbb_x_blnu_mT_x_blnu_pt_x_trijet_mInv_x_trijet_pt_x_trijet_pt_rat_llr,593.625,from_multivar,7
lep0_pt_x_bjets_dR_x_blnu_mT_x_blnu_pt_llr,593.75,from_multivar,4
bjet0_pt_x_bjet1_pt_x_blnu_mT_x_blnu_pt_x_trijet_mInv_x_trijet_pt_x_trijet_bijet_dR_llr,593.9375,from_multivar,7
bjets_dR_x_bjet1_pt_x_blnu_mT_x_blnu_pt_x_trijet_pt_x_trijet_pt_rat_llr,594.25,from_multivar,6
lep0_pt_x_bjet0_pt_x_blnu_pt_llr,594.9375,from_multivar,3
bjet0_pt_x_blnu_mT_x_blnu_pt_x_trijet_pt_x_trijet_bijet_dR_llr,595.0,from_multivar,5
bjets_pt_bb_x_bjet0_pt_x_trijet_mInv_llr,595.25,from_multivar,3
bjets_dR_x_trijet_pt_llr,595.5,from_multivar,2
lep0_pt_x_bjets_mbb_x_bjet1_pt_x_blnu_mT_x_blnu_pt_x_trijet_pt_x_trijet_pt_rat_x_trijet_bijet_dR_llr,595.625,from_multivar,8
bjets_dR_x_bjet1_pt_x_blnu_pt_x_trijet_pt_llr,595.75,from_multivar,4
bjets_mbb_x_bjet1_pt_x_blnu_mT_x_blnu_pt_x_trijet_mInv_x_trijet_pt_llr,596.5,from_multivar,6
lep0_pt_x_bjets_mbb_x_blnu_pt_x_trijet_mInv_x_trijet_pt_llr,596.625,from_multivar,5
lep0_pt_x_bjet0_pt_x_blnu_mT_x_blnu_pt_x_trijet_mInv_x_trijet_pt_llr,596.75,from_multivar,6
lep0_pt_x_bjet0_pt_x_blnu_mT_x_trijet_pt_x_trijet_bijet_dR_llr,597.25,from_multivar,5
lep0_pt_x_bjets_dR_x_trijet_pt_llr,597.5,from_multivar,3
bjet0_pt_x_blnu_pt_x_trijet_pt_x_trijet_bijet_dR_llr,597.5,from_multivar,4
lep0_pt_x_bjet0_pt_x_bjet1_pt_x_blnu_mT_x_blnu_pt_x_trijet_pt_x_trijet_pt_rat_x_trijet_bijet_dR_llr,597.625,from_multivar,8
bjet0_pt_x_blnu_mT_x_blnu_pt_llr,597.75,from_multivar,3
lep0_pt_x_bjet0_pt_x_blnu_mT_x_blnu_pt_x_trijet_mInv_x_trijet_pt_x_trijet_pt_rat_x_trijet_bijet_dR_llr,598.75,from_multivar,8
lep0_pt_x_bjets_dR_x_bjet1_pt_x_blnu_mT_x_trijet_pt_llr,599.25,from_multivar,5
bjet0_pt_x_bjet1_pt_x_blnu_mT_x_blnu_pt_llr,599.25,from_multivar,4
bjets_dR_x_blnu_mT_x_trijet_pt_llr,599.5,from_multivar,3
bjets_mbb_x_bjet1_pt_x_blnu_mT_x_blnu_pt_x_trijet_mInv_llr,599.9375,from_multivar,5
lep0_pt_x_bjets_mbb_x_blnu_pt_x_trijet_pt_x_trijet_bijet_dR_llr,599.9375,from_multivar,5
lep0_pt_x_bjet0_pt_x_bjet1_pt_x_blnu_mT_x_blnu_pt_x_trijet_bijet_dR_llr,600.25,from_multivar,6
bjets_mbb_x_blnu_pt_x_trijet_pt_x_trijet_pt_rat_llr,600.25,from_multivar,4
bjets_dR_x_bjet1_pt_x_blnu_mT_x_trijet_pt_llr,600.5,from_multivar,4
lep0_pt_x_bjet0_pt_x_blnu_pt_x_trijet_pt_x_trijet_bijet_dR_llr,600.75,from_multivar,5
lep0_pt_x_bjets_mbb_x_blnu_pt_x_trijet_mInv_llr,600.75,from_multivar,4
lep0_pt_x_bjets_dR_x_blnu_mT_x_trijet_pt_llr,600.875,from_multivar,4
bjets_mbb_x_blnu_mT_x_trijet_mInv_x_trijet_pt_llr,601.25,from_multivar,4
bjet0_pt_x_bjet1_pt_x_blnu_pt_x_trijet_pt_x_trijet_bijet_dR_llr,601.25,from_multivar,5
lep0_pt_x_bjet0_pt_x_bjet1_pt_x_blnu_mT_x_blnu_pt_x_trijet_mInv_llr,602.0,from_multivar,6
bjets_dR_x_bjet1_pt_llr,602.25,from_multivar,2
lep0_pt_x_bjets_dR_x_blnu_mT_x_blnu_pt_x_trijet_pt_x_trijet_pt_rat_llr,604.25,from_multivar,6
lep0_pt_x_bjet0_pt_x_bjet1_pt_x_blnu_mT_x_blnu_pt_x_trijet_mInv_x_trijet_pt_x_trijet_bijet_dR_llr,604.5,from_multivar,8
bjets_mbb_x_blnu_mT_x_trijet_pt_x_trijet_pt_rat_llr,605.25,from_multivar,4
bjets_mbb_x_bjet1_pt_x_blnu_mT_x_blnu_pt_x_trijet_pt_x_trijet_bijet_dR_llr,605.25,from_multivar,6
lep0_pt_x_bjets_pt_bb_x_bjet0_pt_llr,605.25,from_multivar,3
lep0_pt_x_bjet0_pt_x_blnu_mT_x_blnu_pt_x_trijet_bijet_dR_llr,605.75,from_multivar,5
lep0_pt_x_bjet0_pt_x_bjet1_pt_x_blnu_mT_x_blnu_pt_x_trijet_mInv_x_trijet_pt_llr,605.75,from_multivar,7
lep0_pt_x_bjets_mbb_x_blnu_mT_x_blnu_pt_x_trijet_pt_x_trijet_pt_rat_x_trijet_bijet_dR_llr,605.75,from_multivar,7
lep0_pt_x_bjets_dR_x_bjet1_pt_x_blnu_pt_x_trijet_pt_llr,606.0,from_multivar,5
bjets_dR_x_blnu_mT_x_blnu_pt_x_trijet_pt_x_trijet_pt_rat_llr,606.5,from_multivar,5
lep0_pt_x_bjet0_pt_x_blnu_mT_x_blnu_pt_x_trijet_mInv_llr,607.25,from_multivar,5
lep0_pt_x_bjets_pt_bb_x_bjet0_pt_x_bjet1_pt_llr,608.25,from_multivar,4
lep0_pt_x_bjets_mbb_x_bjet1_pt_x_blnu_mT_x_blnu_pt_x_trijet_mInv_llr,608.75,from_multivar,6
lep0_pt_x_bjets_mbb_x_blnu_mT_x_trijet_pt_x_trijet_pt_rat_llr,609.5,from_multivar,5
lep0_pt_x_bjets_dR_x_bjet1_pt_x_blnu_mT_x_blnu_pt_x_trijet_pt_x_trijet_pt_rat_llr,610.25,from_multivar,7
lep0_pt_x_bjet0_pt_x_bjet1_pt_x_blnu_pt_x_trijet_pt_x_trijet_pt_rat_x_trijet_bijet_dR_llr,610.25,from_multivar,7
lep0_pt_x_bjets_mbb_x_blnu_mT_x_trijet_mInv_x_trijet_pt_llr,611.25,from_multivar,5
lep0_pt_x_bjet0_pt_x_blnu_mT_x_blnu_pt_x_trijet_mInv_x_trijet_pt_x_trijet_bijet_dR_llr,611.875,from_multivar,7
bjets_mbb_x_blnu_mT_x_blnu_pt_x_trijet_mInv_x_trijet_pt_llr,612.25,from_multivar,5
lep0_pt_x_bjet0_pt_x_blnu_mT_x_blnu_pt_x_trijet_mInv_x_trijet_pt_x_trijet_pt_rat_llr,613.9375,from_multivar,7
lep0_pt_x_bjets_mbb_x_blnu_pt_x_trijet_pt_x_trijet_pt_rat_llr,615.25,from_multivar,5
bjets_dR_x_blnu_pt_x_trijet_pt_llr,615.5,from_multivar,3
lep0_pt_x_bjets_dR_x_bjet1_pt_x_blnu_mT_x_blnu_pt_x_trijet_pt_llr,615.625,from_multivar,6
bjets_mbb_x_blnu_mT_x_blnu_pt_x_trijet_pt_x_trijet_bijet_dR_llr,616.5,from_multivar,5
bjets_pt_bb_x_bjet0_pt_x_bjet1_pt_llr,617.5,from_multivar,3
lep0_pt_x_bjets_dR_x_blnu_pt_x_trijet_pt_llr,617.75,from_multivar,4
bjets_dR_x_bjet1_pt_x_blnu_mT_x_blnu_pt_x_trijet_pt_llr,618.25,from_multivar,5
bjets_mbb_x_blnu_mT_x_blnu_pt_x_trijet_mInv_llr,618.25,from_multivar,4
lep0_pt_x_bjets_mbb_x_bjet1_pt_x_blnu_mT_x_blnu_pt_x_trijet_mInv_x_trijet_pt_llr,619.25,from_multivar,7
lep0_pt_x_bjet0_pt_x_bjet1_pt_x_blnu_mT_x_blnu_pt_x_trijet_pt_x_trijet_bijet_dR_llr,619.5,from_multivar,7
lep0_pt_x_bjets_mbb_x_bjet1_pt_x_blnu_mT_x_blnu_pt_x_trijet_pt_x_trijet_bijet_dR_llr,619.625,from_multivar,7
lep0_pt_x_bjet0_pt_x_blnu_mT_x_trijet_mInv_x_trijet_bijet_dR_llr,619.625,from_multivar,5
bjets_mbb_x_bjet1_pt_x_blnu_mT_x_blnu_pt_x_trijet_pt_x_trijet_pt_rat_llr,620.875,from_multivar,6
lep0_pt_x_bjets_dR_x_bjet1_pt_llr,621.25,from_multivar,3
lep0_pt_x_bjet0_pt_x_blnu_mT_x_blnu_pt_x_trijet_pt_x_trijet_bijet_dR_llr,621.5,from_multivar,6
bjet0_pt_x_blnu_mT_x_trijet_mInv_x_trijet_bijet_dR_llr,621.5,from_multivar,4
lep0_pt_x_bjets_mbb_x_blnu_mT_x_blnu_pt_x_trijet_pt_x_trijet_bijet_dR_llr,623.25,from_multivar,6
lep0_pt_x_bjet0_pt_x_blnu_mT_x_blnu_pt_x_trijet_pt_x_trijet_pt_rat_llr,623.75,from_multivar,6
bjets_mbb_x_bjet1_pt_x_trijet_pt_llr,624.0,from_multivar,3
lep0_pt_x_bjets_mbb_x_blnu_mT_x_blnu_pt_x_trijet_mInv_llr,624.25,from_multivar,5
bjet0_pt_x_blnu_mT_x_blnu_pt_x_trijet_pt_llr,624.5,from_multivar,4
bjets_dR_x_blnu_mT_x_blnu_pt_x_trijet_pt_llr,624.625,from_multivar,4
bjets_pt_bb_x_bjet0_pt_llr,625.625,from_multivar,2
lep0_pt_x_bjets_mbb_x_blnu_mT_x_blnu_pt_x_trijet_mInv_x_trijet_pt_llr,626.75,from_multivar,6
lep0_pt_x_bjet0_pt_x_bjet1_pt_x_blnu_mT_x_trijet_mInv_x_trijet_bijet_dR_llr,628.5,from_multivar,6
bjet0_pt_x_bjet1_pt_x_blnu_mT_x_trijet_mInv_x_trijet_bijet_dR_llr,628.75,from_multivar,5
lep0_pt_x_bjets_dR_x_blnu_mT_x_blnu_pt_x_trijet_pt_llr,629.25,from_multivar,5
lep0_pt_x_bjet0_pt_x_bjet1_pt_x_blnu_mT_x_blnu_pt_x_trijet_pt_x_trijet_pt_rat_llr,629.25,from_multivar,7
bjet0_pt_vs_trijet_pt_rat_llr,630.75,from_2D,2
lep0_pt_x_bjet0_pt_x_blnu_mT_x_trijet_bijet_dR_llr,634.25,from_multivar,4
bjets_mbb_x_blnu_mT_x_blnu_pt_x_trijet_pt_x_trijet_pt_rat_llr,634.625,from_multivar,5
lep0_pt_x_bjets_mbb_x_bjet1_pt_x_blnu_mT_x_blnu_pt_x_trijet_pt_x_trijet_pt_rat_llr,636.9375,from_multivar,7
bjet0_pt_x_blnu_mT_x_trijet_bijet_dR_llr,637.625,from_multivar,3
trijet_mInv_x_trijet_pt_rat_x_trijet_bijet_dR_llr,638.25,from_multivar,3
lep0_pt_x_bjet1_pt_x_trijet_mInv_x_trijet_pt_rat_x_trijet_bijet_dR_llr,640.25,from_multivar,5
lep0_pt_x_bjet0_pt_x_trijet_mInv_x_trijet_bijet_dR_llr,641.5,from_multivar,4
lep0_pt_x_bjets_dR_x_bjet1_pt_x_blnu_mT_llr,641.75,from_multivar,4
lep0_pt_x_bjets_mbb_x_blnu_mT_x_blnu_pt_x_trijet_pt_x_trijet_pt_rat_llr,641.75,from_multivar,6
lep0_pt_x_bjets_dR_x_blnu_mT_llr,642.875,from_multivar,3
bjet1_pt_x_trijet_mInv_x_trijet_pt_rat_x_trijet_bijet_dR_llr,642.875,from_multivar,4
bjets_dR_x_blnu_mT_llr,643.625,from_multivar,2
bjets_dR_x_bjet1_pt_x_blnu_mT_llr,643.75,from_multivar,3
lep0_pt_x_bjet0_pt_x_bjet1_pt_x_blnu_mT_x_blnu_pt_llr,645.25,from_multivar,5
lep0_pt_x_bjet0_pt_x_bjet1_pt_x_trijet_mInv_x_trijet_bijet_dR_llr,645.875,from_multivar,5
lep0_pt_x_bjet0_pt_x_blnu_mT_x_blnu_pt_llr,646.25,from_multivar,4
lep0_pt_x_bjet0_pt_x_blnu_mT_x_blnu_pt_x_trijet_pt_x_trijet_pt_rat_x_trijet_bijet_dR_llr,646.25,from_multivar,7
lep0_pt_x_trijet_mInv_x_trijet_pt_rat_x_trijet_bijet_dR_llr,647.75,from_multivar,4
bjet0_pt_x_trijet_mInv_x_trijet_bijet_dR_llr,648.25,from_multivar,3
lep0_pt_x_bjet0_pt_x_bjet1_pt_x_blnu_mT_x_blnu_pt_x_trijet_pt_llr,649.25,from_multivar,6
bjet0_pt_x_bjet1_pt_x_trijet_mInv_x_trijet_bijet_dR_llr,649.25,from_multivar,4
lep0_pt_x_bjets_dR_llr,649.875,from_multivar,2
bjet1_pt_x_blnu_mT_x_trijet_mInv_x_trijet_pt_rat_x_trijet_bijet_dR_llr,651.5,from_multivar,5
lep0_pt_x_bjet0_pt_x_trijet_bijet_dR_llr,653.9375,from_multivar,3
lep0_pt_x_bjet1_pt_x_blnu_mT_x_trijet_mInv_x_trijet_pt_rat_x_trijet_bijet_dR_llr,655.25,from_multivar,6
lep0_pt_x_bjet0_pt_x_bjet1_pt_x_blnu_mT_x_trijet_bijet_dR_llr,655.625,from_multivar,5
bjet1_pt_x_blnu_pt_x_trijet_mInv_x_trijet_pt_rat_x_trijet_bijet_dR_llr,655.75,from_multivar,5
bjet0_pt_x_bjet1_pt_x_blnu_mT_x_trijet_bijet_dR_llr,656.75,from_multivar,4
blnu_pt_x_trijet_mInv_x_trijet_pt_rat_x_trijet_bijet_dR_llr,656.875,from_multivar,4
blnu_mT_x_trijet_mInv_x_trijet_pt_rat_x_trijet_bijet_dR_llr,659.875,from_multivar,4
lep0_pt_x_blnu_mT_x_trijet_mInv_x_trijet_pt_rat_x_trijet_bijet_dR_llr,660.25,from_multivar,5
bjets_mbb_x_bjet1_pt_x_blnu_pt_llr,660.25,from_multivar,3
bjet0_pt_x_trijet_bijet_dR_llr,661.5,from_multivar,2
lep0_pt_x_bjet1_pt_x_blnu_pt_x_trijet_mInv_x_trijet_pt_rat_x_trijet_bijet_dR_llr,661.75,from_multivar,6
bjets_dR_llr,661.75,from_1D,1
bjets_mbb_x_bjet1_pt_x_blnu_pt_x_trijet_pt_llr,661.75,from_multivar,4
bjet1_pt_x_blnu_mT_x_blnu_pt_x_trijet_mInv_x_trijet_pt_rat_x_trijet_bijet_dR_llr,662.75,from_multivar,6
bjets_mbb_x_bjet1_pt_x_trijet_mInv_llr,663.875,from_multivar,3
blnu_mT_x_blnu_pt_x_trijet_mInv_x_trijet_pt_rat_x_trijet_bijet_dR_llr,667.25,from_multivar,5
lep0_pt_x_blnu_pt_x_trijet_mInv_x_trijet_pt_rat_x_trijet_bijet_dR_llr,667.25,from_multivar,5
lep0_pt_x_bjet0_pt_x_blnu_mT_x_blnu_pt_x_trijet_pt_llr,670.0,from_multivar,5
lep0_pt_x_bjet1_pt_x_trijet_mInv_x_trijet_pt_x_trijet_pt_rat_x_trijet_bijet_dR_llr,671.0,from_multivar,6
lep0_pt_x_blnu_mT_x_blnu_pt_x_trijet_mInv_x_trijet_pt_rat_x_trijet_bijet_dR_llr,671.0,from_multivar,6
lep0_pt_x_bjet0_pt_x_bjet1_pt_x_trijet_bijet_dR_llr,671.5,from_multivar,4
lep0_pt_x_bjets_mbb_x_bjet1_pt_x_trijet_pt_llr,678.0,from_multivar,4
lep0_pt_x_bjets_mbb_x_bjet1_pt_x_trijet_mInv_llr,679.5,from_multivar,4
bjet1_pt_x_trijet_mInv_x_trijet_pt_x_trijet_pt_rat_x_trijet_bijet_dR_llr,680.75,from_multivar,5
bjet0_pt_x_bjet1_pt_x_trijet_bijet_dR_llr,681.875,from_multivar,3
trijet_mInv_x_trijet_pt_x_trijet_pt_rat_x_trijet_bijet_dR_llr,683.75,from_multivar,4
lep0_pt_x_bjets_mbb_x_bjet1_pt_x_blnu_pt_x_trijet_pt_llr,684.5,from_multivar,5
lep0_pt_x_trijet_pt_rat_x_trijet_bijet_dR_llr,686.875,from_multivar,3
lep0_pt_x_trijet_mInv_x_trijet_pt_x_trijet_pt_rat_x_trijet_bijet_dR_llr,688.25,from_multivar,5
lep0_pt_x_bjets_mbb_x_bjet1_pt_x_blnu_pt_llr,688.625,from_multivar,4
lep0_pt_x_bjet1_pt_x_blnu_mT_x_blnu_pt_x_trijet_mInv_x_trijet_pt_rat_x_trijet_bijet_dR_llr,688.75,from_multivar,7
lep0_pt_x_bjet1_pt_x_trijet_pt_rat_x_trijet_bijet_dR_llr,689.25,from_multivar,4
lep0_pt_x_bjets_mbb_x_bjet1_pt_x_blnu_mT_x_trijet_mInv_llr,690.25,from_multivar,5
bjet1_pt_x_trijet_pt_rat_x_trijet_bijet_dR_llr,691.25,from_multivar,3
bjet1_pt_x_blnu_mT_x_trijet_mInv_x_trijet_pt_x_trijet_pt_rat_x_trijet_bijet_dR_llr,691.5,from_multivar,6
bjets_mbb_x_bjet1_pt_x_blnu_mT_x_trijet_mInv_llr,693.25,from_multivar,4
bjet1_pt_x_blnu_pt_x_trijet_mInv_x_trijet_pt_x_trijet_pt_rat_x_trijet_bijet_dR_llr,694.25,from_multivar,6
blnu_mT_x_trijet_mInv_x_trijet_pt_x_trijet_pt_rat_x_trijet_bijet_dR_llr,695.625,from_multivar,5
bjets_mbb_x_bjet1_pt_x_blnu_mT_x_trijet_pt_llr,696.0,from_multivar,4
lep0_pt_x_bjets_mbb_x_blnu_mT_x_trijet_mInv_llr,696.875,from_multivar,4
lep0_pt_x_blnu_pt_x_trijet_mInv_x_trijet_pt_x_trijet_pt_rat_x_trijet_bijet_dR_llr,698.5,from_multivar,6
bjet1_pt_x_blnu_pt_x_trijet_pt_rat_x_trijet_bijet_dR_llr,699.875,from_multivar,4
bjet0_pt_vs_bjet_bijet_dPhi_llr,700.5,from_2D,2
bjet1_pt_x_blnu_pt_x_trijet_mInv_x_trijet_pt_rat_llr,700.875,from_multivar,4
bjets_mbb_x_blnu_mT_x_trijet_mInv_llr,701.25,from_multivar,3
bjets_mbb_x_blnu_pt_x_trijet_pt_llr,701.5,from_multivar,3
lep0_pt_x_bjets_mbb_x_trijet_mInv_llr,702.75,from_multivar,3
blnu_mT_x_trijet_pt_rat_x_trijet_bijet_dR_llr,702.75,from_multivar,3
trijet_pt_rat_x_trijet_bijet_dR_llr,702.9375,from_multivar,2
blnu_pt_x_trijet_mInv_x_trijet_pt_x_trijet_pt_rat_x_trijet_bijet_dR_llr,703.75,from_multivar,5
lep0_pt_x_blnu_mT_x_trijet_mInv_x_trijet_pt_x_trijet_pt_rat_x_trijet_bijet_dR_llr,704.5,from_multivar,6
bjets_mbb_x_bjet1_pt_x_blnu_mT_x_blnu_pt_llr,706.0,from_multivar,4
bjet1_pt_x_blnu_pt_x_trijet_mInv_x_trijet_bijet_dR_llr,706.625,from_multivar,4
lep0_pt_x_bjets_mbb_x_bjet1_pt_x_blnu_mT_x_trijet_pt_llr,706.75,from_multivar,5
bjets_mbb_x_blnu_pt_llr,707.0,from_multivar,2
blnu_mT_x_blnu_pt_x_trijet_mInv_x_trijet_pt_x_trijet_pt_rat_x_trijet_bijet_dR_llr,707.875,from_multivar,6
bjet1_pt_x_blnu_mT_x_trijet_pt_rat_x_trijet_bijet_dR_llr,708.25,from_multivar,4
blnu_pt_x_trijet_pt_rat_x_trijet_bijet_dR_llr,709.25,from_multivar,3
bjet1_pt_x_blnu_mT_x_blnu_pt_x_trijet_pt_rat_x_trijet_bijet_dR_llr,709.25,from_multivar,5
lep0_pt_x_bjets_mbb_x_blnu_pt_x_trijet_pt_llr,709.75,from_multivar,4
bjet1_pt_x_trijet_mInv_x_trijet_pt_x_trijet_bijet_dR_llr,709.75,from_multivar,4
bjets_mbb_x_bjet1_pt_x_blnu_mT_x_blnu_pt_x_trijet_pt_llr,709.75,from_multivar,5
bjets_mbb_x_trijet_mInv_llr,710.0,from_multivar,2
lep0_pt_x_bjet1_pt_x_blnu_mT_x_blnu_pt_x_trijet_mInv_x_trijet_bijet_dR_llr,710.5,from_multivar,6
bjets_mbb_x_trijet_pt_llr,710.625,from_multivar,2
lep0_pt_x_bjets_mbb_x_bjet1_pt_x_blnu_mT_x_blnu_pt_llr,712.75,from_multivar,5
lep0_pt_x_bjet1_pt_x_blnu_mT_x_trijet_pt_rat_x_trijet_bijet_dR_llr,713.75,from_multivar,5
lep0_pt_x_bjet1_pt_x_blnu_mT_x_trijet_mInv_x_trijet_pt_x_trijet_pt_rat_x_trijet_bijet_dR_llr,714.25,from_multivar,7
lep0_pt_x_bjets_mbb_x_bjet1_pt_x_blnu_mT_x_blnu_pt_x_trijet_pt_llr,714.25,from_multivar,6
bjet1_pt_x_trijet_mInv_x_trijet_pt_rat_llr,715.25,from_multivar,3
lep0_pt_x_bjet1_pt_x_blnu_pt_x_trijet_mInv_x_trijet_pt_rat_llr,716.25,from_multivar,5
bjet1_pt_x_blnu_mT_x_blnu_pt_x_trijet_mInv_x_trijet_pt_x_trijet_pt_rat_x_trijet_bijet_dR_llr,717.25,from_multivar,7
lep0_pt_x_bjets_mbb_x_blnu_pt_llr,717.5,from_multivar,3
lep0_pt_x_bjet1_pt_x_blnu_pt_x_trijet_mInv_x_trijet_pt_x_trijet_pt_rat_x_trijet_bijet_dR_llr,718.25,from_multivar,7
blnu_pt_x_trijet_mInv_x_trijet_bijet_dR_llr,718.5,from_multivar,3
bjet1_pt_x_blnu_mT_x_blnu_pt_x_trijet_mInv_x_trijet_bijet_dR_llr,718.625,from_multivar,5
lep0_pt_x_bjets_mbb_x_trijet_pt_llr,719.75,from_multivar,3
blnu_pt_x_trijet_mInv_x_trijet_pt_rat_llr,720.0,from_multivar,3
lep0_pt_x_bjet1_pt_x_blnu_pt_x_trijet_pt_rat_x_trijet_bijet_dR_llr,720.75,from_multivar,5
bjets_mbb_x_blnu_mT_x_blnu_pt_llr,722.9375,from_multivar,3
lep0_pt_x_bjet1_pt_x_blnu_pt_x_trijet_mInv_x_trijet_bijet_dR_llr,723.25,from_multivar,5
blnu_mT_x_blnu_pt_x_trijet_mInv_x_trijet_bijet_dR_llr,724.25,from_multivar,4
blnu_mT_x_blnu_pt_x_trijet_pt_rat_x_trijet_bijet_dR_llr,724.25,from_multivar,4
lep0_pt_x_blnu_mT_x_blnu_pt_x_trijet_mInv_x_trijet_bijet_dR_llr,724.25,from_multivar,5
bjets_mbb_x_blnu_mT_x_blnu_pt_x_trijet_pt_llr,724.5,from_multivar,4
lep0_pt_x_bjet1_pt_x_blnu_mT_x_blnu_pt_x_trijet_mInv_x_trijet_pt_x_trijet_pt_rat_x_trijet_bijet_dR_llr,725.875,from_multivar,8
lep0_pt_x_blnu_pt_x_trijet_mInv_x_trijet_bijet_dR_llr,726.25,from_multivar,4
lep0_pt_x_blnu_mT_x_trijet_pt_rat_x_trijet_bijet_dR_llr,726.75,from_multivar,4
lep0_pt_x_blnu_pt_x_trijet_pt_rat_x_trijet_bijet_dR_llr,727.25,from_multivar,4
lep0_pt_x_bjet1_pt_x_blnu_mT_x_blnu_pt_x_trijet_pt_rat_x_trijet_bijet_dR_llr,729.875,from_multivar,6
lep0_pt_x_bjet1_pt_x_trijet_mInv_x_trijet_pt_x_trijet_bijet_dR_llr,730.75,from_multivar,5
lep0_pt_x_bjets_mbb_x_blnu_mT_x_trijet_pt_llr,731.25,from_multivar,4
bjets_mbb_x_blnu_mT_x_trijet_pt_llr,732.25,from_multivar,3
bjet1_pt_x_blnu_mT_x_trijet_mInv_x_trijet_pt_rat_llr,732.25,from_multivar,4
lep0_pt_x_bjet1_pt_x_trijet_mInv_x_trijet_pt_rat_llr,733.25,from_multivar,4
lep0_pt_x_bjet1_pt_x_trijet_mInv_x_trijet_pt_x_trijet_pt_rat_llr,733.75,from_multivar,5
bjet1_pt_x_blnu_mT_x_trijet_mInv_x_trijet_pt_x_trijet_bijet_dR_llr,734.625,from_multivar,5
bjet1_pt_x_blnu_mT_x_blnu_pt_x_trijet_mInv_x_trijet_pt_rat_llr,734.75,from_multivar,5
lep0_pt_x_blnu_pt_x_trijet_mInv_x_trijet_pt_rat_llr,735.0,from_multivar,4
trijet_mInv_x_trijet_pt_rat_llr,735.25,from_multivar,2
lep0_pt_x_blnu_mT_x_blnu_pt_x_trijet_mInv_x_trijet_pt_x_trijet_pt_rat_x_trijet_bijet_dR_llr,735.75,from_multivar,7
bjets_dPhi_vs_dEta_llr,735.875,from_2D,2
bjet1_pt_x_blnu_mT_x_blnu_pt_x_trijet_mInv_x_trijet_pt_x_trijet_bijet_dR_llr,736.0,from_multivar,6
lep0_pt_x_bjets_mbb_x_blnu_mT_x_blnu_pt_llr,736.0,from_multivar,4
bjet1_pt_x_trijet_pt_x_trijet_pt_rat_x_trijet_bijet_dR_llr,736.875,from_multivar,4
lep0_pt_x_bjet1_pt_x_blnu_mT_x_trijet_mInv_x_trijet_pt_rat_llr,737.25,from_multivar,5
lep0_pt_x_bjets_mbb_x_blnu_mT_x_blnu_pt_x_trijet_pt_llr,739.5,from_multivar,5
lep0_pt_x_blnu_mT_x_blnu_pt_x_trijet_pt_rat_x_trijet_bijet_dR_llr,741.25,from_multivar,5
bjet1_pt_x_blnu_pt_x_trijet_mInv_x_trijet_pt_x_trijet_bijet_dR_llr,741.5,from_multivar,5
bjet1_pt_x_trijet_mInv_x_trijet_pt_x_trijet_pt_rat_llr,741.75,from_multivar,4
bjet1_pt_x_blnu_pt_x_trijet_mInv_x_trijet_pt_x_trijet_pt_rat_llr,742.75,from_multivar,5
min_b_l_dR_llr,742.75,from_1D,1
lep0_pt_x_trijet_mInv_x_trijet_pt_x_trijet_bijet_dR_llr,742.875,from_multivar,4
trijet_mInv_x_trijet_pt_x_trijet_bijet_dR_llr,743.0,from_multivar,3
lep0_pt_x_bjet1_pt_x_blnu_mT_x_blnu_pt_x_trijet_mInv_x_trijet_pt_rat_llr,743.75,from_multivar,6
blnu_mT_x_blnu_pt_x_trijet_mInv_x_trijet_pt_rat_llr,744.25,from_multivar,4
blnu_mT_x_trijet_mInv_x_trijet_pt_rat_llr,744.25,from_multivar,3
blnu_mT_x_trijet_mInv_x_trijet_pt_x_trijet_bijet_dR_llr,744.5,from_multivar,4
lep0_pt_x_bjet1_pt_x_trijet_pt_x_trijet_pt_rat_x_trijet_bijet_dR_llr,744.5,from_multivar,5
lep0_pt_x_bjet1_pt_x_blnu_pt_x_trijet_mInv_x_trijet_pt_x_trijet_bijet_dR_llr,745.875,from_multivar,6
lep0_pt_x_trijet_mInv_x_trijet_pt_rat_llr,746.875,from_multivar,3
blnu_pt_x_trijet_mInv_x_trijet_pt_x_trijet_bijet_dR_llr,749.5,from_multivar,4
bjet1_pt_x_blnu_mT_x_trijet_mInv_x_trijet_bijet_dR_llr,750.5,from_multivar,4
lep0_pt_x_bjet1_pt_x_blnu_mT_x_trijet_mInv_x_trijet_pt_x_trijet_bijet_dR_llr,751.9375,from_multivar,6
trijet_pt_x_trijet_pt_rat_x_trijet_bijet_dR_llr,752.25,from_multivar,3
lep0_pt_x_blnu_pt_x_trijet_mInv_x_trijet_pt_x_trijet_bijet_dR_llr,753.0,from_multivar,5
lep0_pt_x_blnu_mT_x_trijet_mInv_x_trijet_pt_rat_llr,753.5,from_multivar,4
lep0_pt_x_blnu_mT_x_blnu_pt_x_trijet_mInv_x_trijet_pt_rat_llr,754.625,from_multivar,5
bjet1_pt_x_blnu_mT_x_trijet_pt_x_trijet_pt_rat_x_trijet_bijet_dR_llr,754.75,from_multivar,5
blnu_mT_x_trijet_pt_x_trijet_pt_rat_x_trijet_bijet_dR_llr,756.875,from_multivar,4
lep0_pt_x_bjet1_pt_x_blnu_mT_x_trijet_mInv_x_trijet_bijet_dR_llr,757.25,from_multivar,5
lep0_pt_x_bjet1_pt_x_blnu_pt_x_trijet_mInv_x_trijet_pt_x_trijet_pt_rat_llr,757.875,from_multivar,6
bjet1_pt_x_blnu_pt_x_trijet_pt_x_trijet_pt_rat_x_trijet_bijet_dR_llr,758.0,from_multivar,5
blnu_pt_x_trijet_pt_x_trijet_pt_rat_x_trijet_bijet_dR_llr,758.0,from_multivar,4
blnu_mT_x_trijet_mInv_x_trijet_bijet_dR_llr,759.0,from_multivar,3
lep0_pt_x_blnu_mT_x_trijet_mInv_x_trijet_bijet_dR_llr,759.875,from_multivar,4
lep0_pt_x_trijet_pt_x_trijet_pt_rat_x_trijet_bijet_dR_llr,760.5,from_multivar,4
blnu_mT_x_blnu_pt_x_trijet_mInv_x_trijet_pt_x_trijet_bijet_dR_llr,761.25,from_multivar,5
trijet_mInv_x_trijet_pt_x_trijet_pt_rat_llr,762.25,from_multivar,3
lep0_pt_x_bjet1_pt_x_blnu_mT_x_trijet_pt_x_trijet_pt_rat_x_trijet_bijet_dR_llr,764.25,from_multivar,6
blnu_pt_x_trijet_mInv_x_trijet_pt_x_trijet_pt_rat_llr,764.75,from_multivar,4
lep0_pt_x_blnu_mT_x_trijet_mInv_x_trijet_pt_x_trijet_bijet_dR_llr,765.75,from_multivar,5
bjet1_pt_x_blnu_mT_x_trijet_mInv_x_trijet_pt_x_trijet_pt_rat_llr,766.75,from_multivar,5
bjet1_pt_x_blnu_mT_x_blnu_pt_x_trijet_pt_x_trijet_pt_rat_x_trijet_bijet_dR_llr,766.875,from_multivar,6
lep0_pt_x_bjet1_pt_x_blnu_mT_x_trijet_mInv_x_trijet_pt_x_trijet_pt_rat_llr,767.25,from_multivar,6
lep0_pt_x_bjet1_pt_x_blnu_mT_x_blnu_pt_x_trijet_mInv_x_trijet_pt_x_trijet_bijet_dR_llr,767.75,from_multivar,7
lep0_pt_x_blnu_mT_x_blnu_pt_x_trijet_mInv_x_trijet_pt_x_trijet_bijet_dR_llr,768.5,from_multivar,6
lep0_pt_x_bjet1_pt_x_blnu_pt_x_trijet_pt_x_trijet_pt_rat_x_trijet_bijet_dR_llr,768.875,from_multivar,6
blnu_mT_x_blnu_pt_x_trijet_pt_x_trijet_pt_rat_x_trijet_bijet_dR_llr,769.625,from_multivar,5
lep0_pt_x_blnu_pt_x_trijet_pt_x_trijet_pt_rat_x_trijet_bijet_dR_llr,771.5,from_multivar,5
lep0_pt_x_blnu_mT_x_trijet_pt_x_trijet_pt_rat_x_trijet_bijet_dR_llr,772.25,from_multivar,5
bjets_mbb_x_bjet1_pt_llr,772.5,from_multivar,2
bjet0_pt_vs_bjet_bijet_dR_llr,772.75,from_2D,2
lep0_pt_x_trijet_mInv_x_trijet_pt_x_trijet_pt_rat_llr,773.875,from_multivar,4
bjet1_pt_x_trijet_pt_rat_llr,774.25,from_multivar,2
lep0_pt_x_blnu_pt_x_trijet_mInv_x_trijet_pt_x_trijet_pt_rat_llr,776.25,from_multivar,5
bjet1_pt_x_trijet_mInv_x_trijet_bijet_dR_llr,776.625,from_multivar,3
bjet1_pt_x_blnu_pt_x_trijet_bijet_dR_llr,778.25,from_multivar,3
lep0_pt_x_blnu_mT_x_blnu_pt_x_trijet_pt_x_trijet_pt_rat_x_trijet_bijet_dR_llr,778.875,from_multivar,6
trijet_mInv_x_trijet_bijet_dR_llr,779.25,from_multivar,2
trijet_bijet_dPhi_llr,779.75,from_1D,1
bjet_bijet_dR_vs_trijet_pt_rat_llr,782.5,from_2D,2
bjet1_pt_x_blnu_mT_x_blnu_pt_x_trijet_mInv_x_trijet_pt_x_trijet_pt_rat_llr,782.75,from_multivar,6
blnu_mT_x_trijet_mInv_x_trijet_pt_x_trijet_pt_rat_llr,785.0,from_multivar,4
blnu_mT_x_blnu_pt_x_trijet_mInv_x_trijet_pt_x_trijet_pt_rat_llr,787.25,from_multivar,5
lep0_pt_x_bjet1_pt_x_trijet_pt_rat_llr,789.75,from_multivar,3
lep0_pt_x_bjet1_pt_x_trijet_mInv_x_trijet_bijet_dR_llr,790.75,from_multivar,4
lep0_pt_x_trijet_mInv_x_trijet_bijet_dR_llr,791.0,from_multivar,3
lep0_pt_x_blnu_mT_x_trijet_mInv_x_trijet_pt_x_trijet_pt_rat_llr,792.25,from_multivar,5
lep0_pt_x_bjet1_pt_x_blnu_mT_x_blnu_pt_x_trijet_pt_x_trijet_pt_rat_x_trijet_bijet_dR_llr,794.5,from_multivar,7
lep0_pt_x_blnu_mT_x_blnu_pt_x_trijet_mInv_x_trijet_pt_x_trijet_pt_rat_llr,795.0,from_multivar,6
lep0_pt_x_bjet1_pt_x_blnu_pt_x_trijet_bijet_dR_llr,796.5,from_multivar,4
blnu_pt_x_trijet_bijet_dR_llr,796.75,from_multivar,2
lep0_pt_x_bjet1_pt_x_blnu_mT_x_blnu_pt_x_trijet_bijet_dR_llr,798.25,from_multivar,5
bjet1_pt_x_blnu_mT_x_blnu_pt_x_trijet_bijet_dR_llr,798.75,from_multivar,4
lep0_pt_x_bjet1_pt_x_blnu_mT_x_blnu_pt_x_trijet_mInv_x_trijet_pt_x_trijet_pt_rat_llr,799.25,from_multivar,7
bjet1_pt_x_trijet_pt_x_trijet_bijet_dR_llr,800.0,from_multivar,3
lep0_pt_x_blnu_mT_x_blnu_pt_x_trijet_bijet_dR_llr,801.5,from_multivar,4
bjet1_pt_x_blnu_pt_x_trijet_pt_rat_llr,801.75,from_multivar,3
lep0_pt_x_bjets_mbb_x_bjet1_pt_llr,803.75,from_multivar,3
lep0_pt_x_trijet_pt_rat_llr,804.25,from_multivar,2
bjet1_pt_x_blnu_mT_x_trijet_pt_rat_llr,804.5,from_multivar,3
blnu_mT_x_blnu_pt_x_trijet_bijet_dR_llr,807.25,from_multivar,3
lep0_pt_x_bjet1_pt_x_blnu_pt_x_trijet_pt_rat_llr,808.75,from_multivar,4
lep0_pt_x_blnu_pt_x_trijet_bijet_dR_llr,808.875,from_multivar,3
trijet_pt_rat_llr,809.75,from_1D,1
lep0_pt_x_blnu_pt_x_trijet_pt_rat_llr,811.625,from_multivar,3
blnu_mT_x_blnu_pt_x_trijet_pt_rat_llr,811.75,from_multivar,3
lep0_pt_x_bjet1_pt_x_blnu_mT_x_trijet_pt_rat_llr,812.0,from_multivar,4
blnu_pt_x_trijet_pt_rat_llr,813.5,from_multivar,2
lep0_pt_x_blnu_mT_x_trijet_pt_rat_llr,815.0,from_multivar,3
blnu_mT_x_trijet_pt_rat_llr,815.75,from_multivar,2
bjet1_pt_x_blnu_mT_x_blnu_pt_x_trijet_pt_rat_llr,816.75,from_multivar,4
lep0_pt_x_bjet1_pt_x_trijet_pt_x_trijet_pt_rat_llr,817.25,from_multivar,4
bjet_bijet_dPhi_llr,817.25,from_1D,1
trijet_mInv_vs_bjets_mbb_llr,817.25,from_2D,2
bjet1_pt_x_trijet_pt_x_trijet_pt_rat_llr,817.5,from_multivar,3
lep0_pt_x_bjet1_pt_x_blnu_mT_x_blnu_pt_x_trijet_pt_rat_llr,821.0,from_multivar,5
bjet1_pt_x_blnu_pt_x_trijet_mInv_x_trijet_pt_llr,829.25,from_multivar,4
lep0_pt_x_bjets_mbb_x_bjet1_pt_x_blnu_mT_llr,830.25,from_multivar,4
bjets_mbb_x_bjet1_pt_x_blnu_mT_llr,830.75,from_multivar,3
bjet1_pt_x_trijet_mInv_x_trijet_pt_llr,832.75,from_multivar,3
bjet1_pt_x_blnu_pt_x_trijet_pt_x_trijet_bijet_dR_llr,834.75,from_multivar,4
lep0_pt_x_bjet1_pt_x_trijet_pt_x_trijet_bijet_dR_llr,834.9375,from_multivar,4
blnu_mT_x_trijet_bijet_dR_llr,835.625,from_multivar,2
lep0_pt_x_bjet1_pt_x_blnu_pt_x_trijet_pt_x_trijet_bijet_dR_llr,836.75,from_multivar,5
lep0_pt_x_blnu_mT_x_blnu_pt_x_trijet_pt_rat_llr,837.875,from_multivar,4
blnu_pt_x_trijet_pt_x_trijet_bijet_dR_llr,838.75,from_multivar,3
lep0_pt_x_blnu_mT_x_trijet_bijet_dR_llr,839.75,from_multivar,3
lep0_pt_x_trijet_pt_x_trijet_bijet_dR_llr,839.75,from_multivar,3
bjet1_pt_x_blnu_mT_x_trijet_bijet_dR_llr,840.25,from_multivar,3
blnu_bl_mInv_llr,840.25,from_1D,1
bjet1_pt_x_blnu_mT_x_trijet_pt_x_trijet_bijet_dR_llr,841.5,from_multivar,4
trijet_pt_x_trijet_bijet_dR_llr,843.5,from_multivar,2
bjet1_pt_x_blnu_pt_x_trijet_pt_x_trijet_pt_rat_llr,845.5,from_multivar,4
lep0_pt_x_bjet1_pt_x_blnu_pt_x_trijet_mInv_x_trijet_pt_llr,848.5,from_multivar,5
lep0_pt_x_bjet1_pt_x_blnu_mT_x_trijet_pt_x_trijet_bijet_dR_llr,848.5,from_multivar,5
blnu_mT_x_trijet_pt_x_trijet_bijet_dR_llr,848.75,from_multivar,3
lep0_pt_x_bjet1_pt_x_blnu_mT_x_trijet_bijet_dR_llr,849.25,from_multivar,4
bjet1_pt_x_blnu_mT_x_blnu_pt_x_trijet_pt_x_trijet_bijet_dR_llr,852.875,from_multivar,5
bjet1_pt_x_trijet_bijet_dR_llr,852.875,from_multivar,2
lep0_pt_x_bjet1_pt_x_trijet_bijet_dR_llr,854.875,from_multivar,3
lep0_pt_x_blnu_pt_x_trijet_pt_x_trijet_bijet_dR_llr,854.875,from_multivar,4
lep0_pt_x_bjet1_pt_x_blnu_pt_x_trijet_pt_x_trijet_pt_rat_llr,855.25,from_multivar,5
bjet1_pt_x_blnu_pt_x_trijet_mInv_llr,855.5,from_multivar,3
lep0_pt_x_trijet_bijet_dR_llr,855.5,from_multivar,2
lep0_pt_x_bjet1_pt_x_blnu_mT_x_blnu_pt_x_trijet_pt_x_trijet_bijet_dR_llr,857.625,from_multivar,6
bjet1_pt_x_blnu_mT_x_trijet_pt_x_trijet_pt_rat_llr,858.5,from_multivar,4
lep0_pt_x_bjets_mbb_x_blnu_mT_llr,858.875,from_multivar,3
WW_pt_llr,860.75,from_1D,1
lep0_pt_x_blnu_pt_x_trijet_pt_x_trijet_pt_rat_llr,861.0,from_multivar,4
lep0_pt_x_bjets_mbb_llr,861.75,from_multivar,2
bjets_mbb_x_blnu_mT_llr,863.875,from_multivar,2
blnu_pt_x_trijet_mInv_x_trijet_pt_llr,865.5,from_multivar,3
trijet_bijet_dR_llr,865.75,from_1D,1
bjet1_pt_x_blnu_mT_x_blnu_pt_x_trijet_mInv_x_trijet_pt_llr,866.75,from_multivar,5
blnu_mT_x_blnu_pt_x_trijet_pt_x_trijet_bijet_dR_llr,867.25,from_multivar,4
lep0_pt_x_blnu_mT_x_trijet_pt_x_trijet_bijet_dR_llr,867.75,from_multivar,4
trijet_pt_x_trijet_pt_rat_llr,869.25,from_multivar,2
blnu_pt_x_trijet_pt_x_trijet_pt_rat_llr,870.25,from_multivar,3
lep0_pt_x_blnu_mT_x_blnu_pt_x_trijet_pt_x_trijet_bijet_dR_llr,873.75,from_multivar,5
lep0_pt_x_bjet1_pt_x_blnu_mT_x_blnu_pt_x_trijet_mInv_x_trijet_pt_llr,874.25,from_multivar,6
blnu_mT_x_trijet_pt_x_trijet_pt_rat_llr,875.5,from_multivar,3
lep0_pt_x_trijet_pt_x_trijet_pt_rat_llr,875.75,from_multivar,3
lep0_pt_x_bjet1_pt_x_blnu_mT_x_trijet_pt_x_trijet_pt_rat_llr,876.0,from_multivar,5
lep0_pt_x_bjet1_pt_x_blnu_mT_x_blnu_pt_x_trijet_pt_x_trijet_pt_rat_llr,876.0,from_multivar,6
bjet1_pt_x_blnu_mT_x_blnu_pt_x_trijet_pt_x_trijet_pt_rat_llr,877.75,from_multivar,5
lep0_pt_x_bjet1_pt_x_trijet_mInv_x_trijet_pt_llr,877.875,from_multivar,4
lep0_pt_x_blnu_pt_x_trijet_mInv_x_trijet_pt_llr,880.5,from_multivar,4
bjets_mbb_llr,883.75,from_1D,1
lep0_pt_x_blnu_mT_x_trijet_pt_x_trijet_pt_rat_llr,884.5,from_multivar,4
bjet1_pt_x_blnu_mT_x_trijet_mInv_x_trijet_pt_llr,886.75,from_multivar,4
blnu_pt_x_trijet_mInv_llr,888.25,from_multivar,2
lep0_pt_x_bjet1_pt_x_blnu_pt_x_trijet_mInv_llr,890.75,from_multivar,4
blnu_mT_x_blnu_pt_x_trijet_mInv_x_trijet_pt_llr,892.5,from_multivar,4
lep0_pt_x_blnu_mT_x_blnu_pt_x_trijet_pt_x_trijet_pt_rat_llr,892.75,from_multivar,5
blnu_mT_x_blnu_pt_x_trijet_pt_x_trijet_pt_rat_llr,894.25,from_multivar,4
trijet_mInv_x_trijet_pt_llr,898.75,from_multivar,2
bjets_dEta_vs_mbb_llr,898.75,from_2D,2
lep0_pt_x_blnu_mT_x_blnu_pt_x_trijet_mInv_x_trijet_pt_llr,899.25,from_multivar,5
bjet1_pt_x_blnu_mT_x_blnu_pt_x_trijet_mInv_llr,900.75,from_multivar,4
lep0_pt_x_bjet1_pt_x_blnu_mT_x_blnu_pt_x_trijet_mInv_llr,902.5,from_multivar,5
lep0_pt_x_blnu_pt_x_trijet_mInv_llr,904.75,from_multivar,3
lep0_pt_x_blnu_mT_x_blnu_pt_x_trijet_mInv_llr,907.0,from_multivar,4
blnu_mT_x_trijet_mInv_x_trijet_pt_llr,908.5,from_multivar,3
lep0_pt_x_trijet_mInv_x_trijet_pt_llr,908.5,from_multivar,3
lep0_pt_x_bjet1_pt_x_blnu_mT_x_trijet_mInv_x_trijet_pt_llr,910.875,from_multivar,5
blnu_mT_x_blnu_pt_x_trijet_mInv_llr,913.75,from_multivar,3
lep0_pt_x_blnu_mT_x_trijet_mInv_x_trijet_pt_llr,921.875,from_multivar,4
lep0_pt_x_bjet0_pt_x_blnu_mT_x_trijet_mInv_llr,931.25,from_multivar,4
bjet0_pt_x_blnu_mT_x_trijet_mInv_llr,934.0,from_multivar,3
bjets_dPhi_llr,945.75,from_1D,1
bb_lnu_dPhi_llr,951.875,from_1D,1
lep0_pt_x_bjet0_pt_x_bjet1_pt_x_blnu_mT_x_trijet_mInv_llr,952.25,from_multivar,5
bjet0_pt_x_bjet1_pt_x_blnu_mT_x_trijet_mInv_llr,969.25,from_multivar,4
bjet_bijet_dR_llr,1004.5,from_1D,1
lep0_pt_x_bjet0_pt_x_trijet_mInv_llr,1008.25,from_multivar,3
bjet0_pt_vs_bjet1_pt_llr,1011.25,from_2D,2
bjet1_pt_x_trijet_pt_llr,1014.25,from_multivar,2
lep0_pt_x_bjet0_pt_x_bjet1_pt_x_trijet_mInv_llr,1024.75,from_multivar,4
min_b_l_dPhi_llr,1033.0,from_1D,1
bjet0_pt_x_trijet_mInv_llr,1034.25,from_multivar,2
bb_lnu_dR_llr,1040.25,from_1D,1
bjet0_pt_x_bjet1_pt_x_trijet_mInv_llr,1049.0,from_multivar,3
bjet1_pt_x_blnu_pt_x_trijet_pt_llr,1057.75,from_multivar,3
bjet1_pt_x_blnu_pt_llr,1058.875,from_multivar,2
bjet1_pt_x_blnu_mT_x_blnu_pt_x_trijet_pt_llr,1073.5,from_multivar,4
blnu_mT_x_blnu_pt_x_trijet_pt_llr,1074.5,from_multivar,3
lep0_pt_x_bjet0_pt_x_blnu_mT_llr,1074.5,from_multivar,3
lep0_pt_x_bjet1_pt_x_blnu_pt_x_trijet_pt_llr,1076.5,from_multivar,4
lep0_pt_x_blnu_mT_x_blnu_pt_x_trijet_pt_llr,1076.875,from_multivar,4
lep0_pt_x_bjet1_pt_x_blnu_mT_x_blnu_pt_x_trijet_pt_llr,1078.75,from_multivar,5
lep0_pt_x_blnu_pt_x_trijet_pt_llr,1100.5,from_multivar,3
blnu_pt_x_trijet_pt_llr,1100.75,from_multivar,2
bjet0_pt_x_blnu_mT_llr,1103.75,from_multivar,2
lep0_pt_x_blnu_mT_x_blnu_pt_llr,1111.0,from_multivar,3
bjet1_pt_x_blnu_mT_x_blnu_pt_llr,1112.25,from_multivar,3
lep0_pt_x_bjet0_pt_x_bjet1_pt_x_blnu_mT_llr,1126.25,from_multivar,4
blnu_mT_x_blnu_pt_llr,1130.5,from_multivar,2
lep0_pt_x_bjet0_pt_llr,1133.75,from_multivar,2
lep0_pt_x_bjet1_pt_x_trijet_pt_llr,1134.5,from_multivar,3
lep0_pt_x_bjet1_pt_x_blnu_mT_x_blnu_pt_llr,1139.5,from_multivar,4
lep0_pt_x_bjet1_pt_x_blnu_pt_llr,1150.875,from_multivar,3
bjet0_pt_x_bjet1_pt_x_blnu_mT_llr,1150.875,from_multivar,3
blnu_pt_llr,1151.5,from_1D,1
min_b_lnu_dPhi_llr,1153.75,from_1D,1
lep0_pt_x_blnu_pt_llr,1174.5,from_multivar,2
bjet1_pt_x_blnu_mT_x_trijet_pt_llr,1177.5,from_multivar,3
lep0_pt_x_bjet1_pt_x_blnu_mT_x_trijet_pt_llr,1202.5,from_multivar,4
blnu_mT_x_trijet_pt_llr,1207.0,from_multivar,2
lep0_pt_x_blnu_mT_x_trijet_pt_llr,1235.0,from_multivar,3
lep0_pt_x_trijet_pt_llr,1241.0,from_multivar,2
lep0_pt_x_bjet0_pt_x_bjet1_pt_llr,1243.5,from_multivar,3
trijet_pt_llr,1245.75,from_1D,1
ak4_jet0_bscore_llr,1275.0,from_1D,1
bjet0_pt_llr,1280.0,from_1D,1
bjet0_pt_x_bjet1_pt_llr,1283.0,from_multivar,2
bjet0_pt_vs_mjj_llr,1295.5,from_2D,2
lep0_pt_x_bjet1_pt_x_blnu_mT_x_trijet_mInv_llr,1361.25,from_multivar,4
lep0_pt_x_blnu_mT_x_trijet_mInv_llr,1364.75,from_multivar,3
bjets_mean_pt_llr,1375.875,from_1D,1
blnu_mT_x_trijet_mInv_llr,1396.75,from_multivar,2
bjet1_pt_x_blnu_mT_x_trijet_mInv_llr,1400.75,from_multivar,3
lep0_pt_x_bjet1_pt_x_trijet_mInv_llr,1488.25,from_multivar,3
trijet_mInv_vs_mjj_vs_bjets_mbb_llr,1494.0,from_3D,3
lep0_pt_x_trijet_mInv_llr,1513.5,from_multivar,2
bjet1_pt_x_trijet_mInv_llr,1558.75,from_multivar,2
WW_mT_llr,1568.0,from_1D,1
trijet_mInv_llr,1591.5,from_1D,1
bjets_dEta_llr,1592.0,from_1D,1
jj_l_dEta_llr,1720.5,from_1D,1
blnu_lnu_mT_llr,1727.75,from_1D,1
trijet_bijet_dEta_llr,1748.0,from_1D,1
trijet_mInv_vs_bjets_dEta_vs_mbb_llr,1798.0,from_3D,3
lep0_pt_vs_mjj_llr,1979.75,from_2D,2
mjj_llr,1990.75,from_1D,1
lep0_pt_x_blnu_mT_llr,2109.75,from_multivar,2
met_pt_llr,2138.75,from_1D,1
jj_lnu_dEta_llr,2205.0,from_1D,1
trijet_mInv_vs_bjets_dEta_vs_mjj_llr,2244.0,from_3D,3
lep0_pt_x_bjet1_pt_x_blnu_mT_llr,2245.5,from_multivar,3
ak4_jet0_pt_llr,2292.75,from_1D,1
blnu_mT_llr,2318.5,from_1D,1
bjet1_pt_x_blnu_mT_llr,2339.0,from_multivar,2
all_sT_llr,2797.75,from_1D,1
all_jets_HT_llr,2802.0,from_1D,1
all_mInv_llr,3200.0,from_1D,1
trijet_mInv_vs_bjets_dPhi_vs_mbb_llr,3237.5,from_3D,3
all_mT_llr,3279.75,from_1D,1
lep0_pt_x_bjet1_pt_llr,3292.5,from_multivar,2
ak4_jet1_pt_llr,3462.5,from_1D,1
ak4_jet3_pt_llr,3852.0,from_1D,1
lep0_pt_llr,3875.0,from_1D,1
bb_lnu_dEta_llr,3937.5,from_1D,1
nAK4_llr,4000.0,from_1D,1
ak4_jet0_eta_llr,4000.0,from_1D,1
ak4_jet1_bscore_llr,4000.0,from_1D,1
ak4_jet1_eta_llr,4000.0,from_1D,1
ak4_jet1_phi_llr,4000.0,from_1D,1
ak4_jet2_bscore_llr,4000.0,from_1D,1
ak4_jet2_eta_llr,4000.0,from_1D,1
ak4_jet2_phi_llr,4000.0,from_1D,1
ak4_jet2_pt_llr,4000.0,from_1D,1
ak4_jet3_eta_llr,4000.0,from_1D,1
ak4_jet3_phi_llr,4000.0,from_1D,1
all_pt_llr,4000.0,from_1D,1
bjet1_pt_llr,4000.0,from_1D,1
bjet_bijet_dEta_llr,4000.0,from_1D,1
lep0_eta_llr,4000.0,from_1D,1
lep0_iso_llr,4000.0,from_1D,1
lep0_phi_llr,4000.0,from_1D,1
met_phi_llr,4000.0,from_1D,1
nAK4_btag_llr,4000.0,from_1D,1
nAK4_nonbtag_llr,4000.0,from_1D,1
ak4_jet3_bscore_llr,4000.0,from_1D,1
