,i,j,MI_S,MI_B,delta
2051,bjets_mean_pt,bjets_pt_bb,0.8584062036922793,0.3250106510528191,0.5333955526394601
1425,WW_mT,WW_mInv,1.1707151480663016,1.5711661815880076,0.40045103352170597
1056,jj_l_dPhi,jj_lnu_dPhi,0.6961748802527923,0.356257802175277,0.33991707807751526
0,bjet0_pt,ak4_jet0_pt,0.6987815436447984,0.4040273213182083,0.2947542223265901
652,bjet_bijet_dPhi,jj_lnu_dPhi,0.4599713779058907,0.185103472397003,0.27486790550888773
612,bjet_bijet_dPhi,jj_l_dPhi,0.3780126132223091,0.11386615553584131,0.26414645768646783
1200,jj_lnu_dR,jj_l_dR,0.6068735370664251,0.3439046927669985,0.26296884429942663
590,WW_pt,bjets_mean_pt,0.3404459963898126,0.08447037084618095,0.2559756255436316
1274,trijet_pt,all_sT,0.3688947036868869,0.6179268060122283,0.24903210232534134
1268,trijet_pt,all_jets_HT,0.25789614629695856,0.48625612457913814,0.22835997828217958
602,WW_pt,bjets_pt_bb,0.5212068401067069,0.2983129324737506,0.2228939076329563
126,ak4_jet0_pt,bjets_pt_bb,0.3748475427060013,0.16122913377678338,0.2136184089292179
1020,jj_l_dPhi,jj_lnu_dR,0.3226596612305075,0.11385961969417506,0.20880004153633241
114,ak4_jet0_pt,bjets_mean_pt,0.5902097287057905,0.39453497384910474,0.19567475485668573
1317,jj_l_dR,jj_lnu_dPhi,0.29471867855047496,0.1036058271473663,0.19111285140310866
2106,all_sT,bjets_pt_bb,0.3147523237042474,0.12572302970982147,0.18902929399442592
1966,trijet_bijet_dPhi,jj_lnu_dPhi,0.4035244637542931,0.21869852746704646,0.1848259362872466
1090,trijet_bijet_dR,trijet_bijet_dPhi,0.7690715003344121,0.5852503016469062,0.1838211986875059
86,ak4_jet0_pt,trijet_pt,0.25432836363462696,0.4374241750621871,0.18309581142756015
2078,blnu_mT,blnu_pt,0.21561664102612993,0.39665805583651237,0.18104141481038244
449,ak4_jet1_pt,trijet_pt,0.1257006215967576,0.30654410143382865,0.18084347983707105
1466,blnu_bl_mInv,blnu_mT,0.3298136687746872,0.15560997740065013,0.17420369137403707
2052,bjets_mean_pt,bjets_mbb,0.20164646385117252,0.37090448778945806,0.16925802393828554
1665,bjet1_pt,bjets_mean_pt,0.22931186738253626,0.3980051704974179,0.16869330311488165
1044,jj_l_dPhi,trijet_bijet_dPhi,0.28272074421189247,0.11437021010000453,0.16835053411188794
70,ak4_jet0_pt,ak4_jet1_pt,0.32608852773238706,0.49380929972500337,0.1677207719926163
2108,all_sT,blnu_pt,0.25877283396563044,0.4209672066016864,0.16219437263605596
2097,bjets_dR,bjets_pt_bb,0.33276977451298534,0.17292902215187717,0.15984075236110817
2037,all_jets_HT,bjets_pt_bb,0.28743952645799004,0.13119653652719904,0.156242989930791
616,bjet_bijet_dPhi,jj_lnu_dR,0.19891031358641137,0.051985271579366533,0.14692504200704484
1225,jj_lnu_dR,WW_mInv,0.26342952584906454,0.11903646490297767,0.14439306094608687
1496,trijet_mInv,mjj,0.34838637580172127,0.48772821169752534,0.13934183589580407
595,WW_pt,all_sT,0.3129054634883409,0.173746991646509,0.13915847184183192
908,min_b_l_dR,bjets_dPhi,0.2250105346982304,0.08977624784927615,0.13523428684895425
671,ak4_jet2_pt,trijet_pt,0.08038228202112156,0.21468155600666902,0.13429927398554747
618,bjet_bijet_dPhi,jj_l_dR,0.16664765763016984,0.03296926764917628,0.13367838998099357
1308,jj_l_dR,WW_mInv,0.2161478499078,0.08306883457936277,0.13307901532843724
2044,bjets_mean_pt,all_sT,0.3557463310340309,0.22389874255011694,0.13184758848391398
2043,bjets_mean_pt,bjets_dR,0.14940420714477903,0.01866992502543669,0.13073428211934235
2015,WW_mInv,all_sT,0.18096276061359082,0.31142613600490376,0.13046337539131295
1159,jj_lnu_dEta,jj_l_dEta,1.0413186219352115,1.1698285384458087,0.12850991651059718
613,bjet_bijet_dPhi,trijet_bijet_dR,0.2063119006805163,0.0796987798658284,0.1266131208146879
6,bjet0_pt,ak4_jet1_pt,0.19853662130114136,0.3214158126438116,0.12287919134267022
1285,jj_l_dR,jj_l_dEta,0.4079623583995645,0.288023441375878,0.11993891702368653
113,ak4_jet0_pt,all_jets_HT,0.5449196896701671,0.6644629313146893,0.11954324164452212
1975,mjj,WW_mInv,0.3824493457982657,0.26422319224064844,0.11822615355761729
594,WW_pt,bjets_dR,0.17029875919456244,0.05343500124099258,0.11686375795356986
2039,all_jets_HT,blnu_pt,0.12681901889492717,0.24347461708123644,0.11665559818630927
2030,all_jets_HT,all_sT,0.8334655828518605,0.9499661812863979,0.11650059843453742
1678,bjet1_pt,bjets_mbb,0.06604043009544516,0.18202595630402058,0.11598552620857541
175,all_mInv,WW_mInv,0.37638365299705734,0.4894124658315866,0.11302881283452926
1640,bjet_bijet_dEta,trijet_bijet_dEta,0.3751496627092824,0.4881343663660673,0.11298470365678487
2098,bjets_dR,bjets_mbb,0.27423627280479695,0.3870153547400371,0.11277908193524017
2117,jj_lnu_dPhi,bb_lnu_dPhi,0.5153319188435033,0.40303711109157264,0.11229480775193063
750,all_mT,WW_mInv,0.3770157236704318,0.48903287607371315,0.11201715240328136
1234,jj_lnu_dR,jj_lnu_dPhi,0.7481460684926518,0.6394676641556823,0.1086784043369694
476,ak4_jet1_pt,all_jets_HT,0.56123679479236,0.6680334618166754,0.10679666702431545
1105,trijet_bijet_dR,bjet_bijet_dR,0.3442278490787225,0.2391519110315215,0.105075938047201
62,bjet0_pt,bjets_pt_bb,0.22011745960614343,0.11528577397104643,0.104831685635097
112,ak4_jet0_pt,WW_mInv,0.0702555647935326,0.17477241184026118,0.10451684704672859
119,ak4_jet0_pt,all_sT,0.48972428945459406,0.5932527236211369,0.10352843416654284
909,min_b_l_dR,bjets_dR,0.1550208367177493,0.05173644811998451,0.10328438859776479
477,ak4_jet1_pt,bjets_mean_pt,0.21090460723116122,0.3136833013788926,0.10277869414773139
491,ak4_jet1_pt,blnu_pt,0.07860570881664265,0.18132486956639632,0.10271916074975367
363,min_b_l_dPhi,bjets_dPhi,0.24913541939512998,0.14766798867535771,0.10146743071977227
1271,trijet_pt,blnu_mT,0.11984906233113472,0.22125518146171322,0.1014061191305785
882,min_b_l_dR,blnu_bl_mInv,0.27390280813236456,0.17332555334648006,0.1005772547858845
2012,WW_mInv,blnu_mT,0.12879645059525643,0.22836056780055508,0.09956411720529865
1022,jj_l_dPhi,jj_l_dR,0.7157437395138098,0.6182368601133729,0.0975068794004369
72,ak4_jet0_pt,WW_pt,0.2435115047421115,0.14654811110028265,0.09696339364182885
751,all_mT,all_jets_HT,0.440400992801272,0.5351906949527893,0.09478970215151727
655,bjet_bijet_dPhi,bjet_bijet_dR,0.5917706088657406,0.4974948920201563,0.09427571684558433
176,all_mInv,all_jets_HT,0.4400000016904039,0.5342026796075381,0.09420267791713421
1969,trijet_bijet_dPhi,bjet_bijet_dR,0.20284662240854728,0.10937630902747728,0.09347031338107001
155,all_mInv,trijet_mInv,0.3870563556760184,0.2936772355117626,0.09337912016425581
2017,WW_mInv,jj_lnu_dPhi,0.16949494261790632,0.07629989718513489,0.09319504543277143
537,min_b_lnu_dPhi,bjets_dPhi,0.23345581644872576,0.1409716196075292,0.09248419684119655
1468,blnu_bl_mInv,bjets_dR,0.09935467927036827,0.006975230610406592,0.09237944865996167
1701,ak4_jet0_eta,trijet_bijet_dEta,0.11088503969761217,0.01889399258885462,0.09199104710875755
1057,jj_l_dPhi,bb_lnu_dPhi,0.20734126638159373,0.11560125618710942,0.0917400101944843
8,bjet0_pt,WW_pt,0.13478204968844668,0.04305010507608998,0.0917319446123567
2090,bjets_dR,all_sT,0.09284986735158818,0.0015277826098347644,0.0913220847417534
482,ak4_jet1_pt,all_sT,0.38344256292011314,0.4744788735924344,0.09103631067232126
730,all_mT,trijet_mInv,0.38443760119071535,0.29404434348498343,0.09039325770573192
607,bjet_bijet_dPhi,trijet_pt_rat,0.4594567590345164,0.3690982052576347,0.09035855377688168
74,ak4_jet0_pt,ak4_jet2_pt,0.11755753855537947,0.20786919739041881,0.09031165883503935
1467,blnu_bl_mInv,bjets_dPhi,0.09625736880981167,0.006181211472171856,0.09007615733763982
704,ak4_jet2_pt,all_sT,0.27314263338523787,0.36148947296797695,0.08834683958273909
1182,jj_lnu_dEta,WW_mInv,0.11018240229124057,0.022229530094067987,0.08795287219717259
1047,jj_l_dPhi,WW_mInv,0.12429242051797698,0.037647689350441396,0.08664473116753559
1644,bjet_bijet_dEta,bjet_bijet_dR,0.2836903322115323,0.3700519725438909,0.0863616403323586
771,trijet_pt_rat,jj_l_dPhi,0.15552323483869293,0.06921551391682673,0.0863077209218662
698,ak4_jet2_pt,all_jets_HT,0.40422164788535675,0.4904410312540079,0.08621938336865115
90,ak4_jet0_pt,WW_mT,0.13009027576336749,0.21630087525354946,0.08621059949018198
149,all_mInv,trijet_pt,0.2681003614890606,0.35399550364217464,0.08589514215311406
724,all_mT,trijet_pt,0.27120626682903204,0.35699328131300334,0.0857870144839713
1677,bjet1_pt,bjets_pt_bb,0.14620552999034303,0.06077557645033581,0.08542995354000722
1101,trijet_bijet_dR,trijet_bijet_dEta,0.4730193237988056,0.5582125761192887,0.08519325232048303
128,ak4_jet0_pt,blnu_pt,0.16638257018675723,0.2513536700011831,0.08497109981442585
2119,jj_lnu_dPhi,bjet_bijet_dR,0.13582281674918012,0.051559927400962574,0.08426288934821755
364,min_b_l_dPhi,bjets_dR,0.16988314595539158,0.08581212463750652,0.08407102131788506
2025,all_jets_HT,bjets_mean_pt,0.3967306902786495,0.31268019205640135,0.08405049822224814
2084,bjets_dPhi,bjets_dEta,0.0866560122078024,0.0027970468716927398,0.08385896533610966
65,ak4_jet0_pt,all_mInv,0.25908498219482823,0.3424468319533814,0.08336184975855315
1155,jj_lnu_dEta,jj_lnu_dR,0.3630226408311473,0.2801620637192235,0.08286057711192385
1606,nAK4_btag,bjets_dR,0.08448532880809864,0.0018225728109766415,0.082662755997122
2009,WW_mInv,all_jets_HT,0.09788738685933032,0.17994191714022864,0.08205453028089832
75,ak4_jet0_pt,all_mT,0.2622305809754704,0.34398549822049085,0.08175491724502043
1387,jj_l_dEta,WW_mInv,0.11456432352429294,0.03373525629303778,0.08082906723125516
1615,nAK4_btag,bjets_mbb,0.08727615798740587,0.006797969142006019,0.08047818884539985
1059,jj_l_dPhi,bjet_bijet_dR,0.11691748122540979,0.03794220968933187,0.07897527153607792
549,WW_pt,bjet_bijet_dPhi,0.12903705973469942,0.05071271213457726,0.07832434760012216
811,trijet_pt_rat,jj_lnu_dPhi,0.18384245908638047,0.10572157528535996,0.07812088380102052
699,ak4_jet2_pt,bjets_mean_pt,0.11404335392463857,0.1907911347451145,0.07674778082047592
589,WW_pt,all_jets_HT,0.2415966557705029,0.16507093980513696,0.07652571596536595
775,trijet_pt_rat,jj_lnu_dR,0.1371066440196325,0.06112614330167154,0.07598050071796095
1283,trijet_pt,blnu_pt,0.42165134304283947,0.49763083368686645,0.07597949064402698
592,WW_pt,blnu_mT,0.14086136786141426,0.06601329365209883,0.07484807420931543
324,min_b_l_dPhi,min_b_l_dR,0.2772422566322785,0.20253262443455702,0.0747096321977215
640,bjet_bijet_dPhi,trijet_bijet_dPhi,1.0777542388072663,1.0033565039457233,0.074397734861543
1669,bjet1_pt,bjets_dR,0.08662102796471627,0.012518860822849493,0.07410216714186678
557,WW_pt,jj_l_dPhi,0.10374870468283598,0.029710359041765697,0.07403834564107029
777,trijet_pt_rat,jj_l_dR,0.10914781307768334,0.03528710555441874,0.0738607075232646
713,ak4_jet2_pt,blnu_pt,0.03952881039571725,0.11295055186258299,0.07342174146686574
542,min_b_lnu_dPhi,bb_lnu_dPhi,0.4498286837273618,0.3766545004897986,0.0731741832375632
926,ak4_jet3_pt,trijet_pt,0.05658456101025737,0.12926100495090231,0.07267644394064494
2029,all_jets_HT,bjets_dR,0.07634470648402428,0.003825589575401408,0.07251911690862287
1476,blnu_bl_mInv,bjets_pt_bb,0.10410497205939001,0.03214361057334497,0.07196136148604504
1423,WW_mT,mjj,0.32828750051249134,0.2565815304023869,0.07170597011010443
10,bjet0_pt,ak4_jet2_pt,0.12623744602069814,0.19746850810830688,0.07123106208760874
567,WW_pt,blnu_bl_mInv,0.09991519369232582,0.030218667602137962,0.06969652609018787
764,all_mT,bjets_pt_bb,0.15539763084870228,0.08622704805398285,0.06917058279471944
959,ak4_jet3_pt,all_sT,0.16922434819649212,0.2379471588578665,0.06872281066137437
189,all_mInv,bjets_pt_bb,0.15354475059198086,0.08507762721084154,0.06846712338113932
563,WW_pt,jj_l_dR,0.09205702084719063,0.024275605835995515,0.06778141501119511
1237,jj_lnu_dR,bjet_bijet_dR,0.10816942196595519,0.04127961156498444,0.06688981040097075
2046,bjets_mean_pt,jj_lnu_dPhi,0.07687153371921042,0.010015626648732321,0.0668559070704781
490,ak4_jet1_pt,bjets_mbb,0.05580530799341478,0.12190070763073485,0.06609539963732007
1383,jj_l_dEta,lep0_eta,0.1105892791710304,0.17578708275548496,0.06519780358445457
1631,bjet_bijet_dEta,bb_lnu_dEta,0.0875423316082336,0.022873467494172864,0.06466886411406074
1138,blnu_lnu_mT,WW_mInv,0.2284537918867994,0.2929969637102356,0.06454317182343619
660,ak4_jet2_pt,all_mT,0.18139612704015884,0.24447759249676668,0.06308146545660784
438,ak4_jet1_pt,all_mT,0.22753698823523252,0.29044387708754793,0.0629068888523154
137,all_mInv,ak4_jet2_pt,0.181988223146401,0.244705033796204,0.062716810649803
133,all_mInv,ak4_jet1_pt,0.22902463046183183,0.2905450030389667,0.06152037257713486
538,min_b_lnu_dPhi,bjets_dR,0.1414835306998893,0.08005575349317846,0.061427777206710846
1286,jj_l_dR,WW_mT,0.1207069044380814,0.05937499645905733,0.06133190797902406
1227,jj_lnu_dR,bjets_mean_pt,0.06904499809882358,0.008054144039810363,0.06099085405901322
1306,jj_l_dR,mjj,0.0659294335590535,0.005097453670249996,0.0608319798888035
1061,jj_l_dPhi,bjets_pt_bb,0.07356573297510852,0.012849249011799502,0.06071648396330902
1320,jj_l_dR,bjet_bijet_dR,0.09042343257216232,0.030024149381330252,0.060399283190832063
2076,blnu_mT,bjets_pt_bb,0.13638348541574946,0.07604726764836878,0.060336217767380684
191,all_mInv,blnu_pt,0.18048268761550007,0.2405346905611318,0.06005200294563173
2121,jj_lnu_dPhi,bjets_pt_bb,0.10706008348018095,0.04730479985363952,0.05975528362654143
481,ak4_jet1_pt,bjets_dR,0.06364767862231455,0.004258303527485362,0.05938937509482918
118,ak4_jet0_pt,bjets_dR,0.06300249380670797,0.003993038133167922,0.059009455673540046
766,all_mT,blnu_pt,0.18397906430660177,0.24285589262917523,0.05887682832257346
541,min_b_lnu_dPhi,jj_lnu_dPhi,0.23011387760167515,0.17128573250706172,0.05882814509461343
657,bjet_bijet_dPhi,bjets_pt_bb,0.15112533854199522,0.09270440682043506,0.05842093172156017
1269,trijet_pt,bjets_mean_pt,0.09091221571998694,0.1492761315160765,0.05836391579608956
1239,jj_lnu_dR,bjets_pt_bb,0.09735152785632073,0.039008040477910705,0.058343487378410025
1971,trijet_bijet_dPhi,bjets_pt_bb,0.08060483662874396,0.022395467559360366,0.05820936906938359
2120,jj_lnu_dPhi,bb_lnu_dR,0.15102646446045093,0.0929308026016274,0.05809566185882353
1746,ak4_jet1_eta,lep0_eta,0.10741290481032101,0.049544152579901024,0.057868752230419984
337,min_b_l_dPhi,blnu_bl_mInv,0.0818482912142535,0.024930493590559103,0.056917797623694394
814,trijet_pt_rat,bjet_bijet_dR,0.27227605021257106,0.2159182867251919,0.05635776348737917
645,bjet_bijet_dPhi,bjets_mean_pt,0.06031976273619008,0.00407920645624664,0.05624055627994344
593,WW_pt,bjets_dPhi,0.1259861887566413,0.07012236018110564,0.055863828575535665
498,min_b_lnu_dPhi,min_b_l_dR,0.1201554710108896,0.06432768178567548,0.055827789225214114
917,min_b_l_dR,bjets_pt_bb,0.07996206087285415,0.02418088294766071,0.05578117792519344
2142,bjets_pt_bb,bjets_mbb,0.08497565728891851,0.029687367657462743,0.05528828963145577
1464,blnu_bl_mInv,bjets_mean_pt,0.08235574233692974,0.027145903520650834,0.05520983881627891
953,ak4_jet3_pt,all_jets_HT,0.2572198814108969,0.3119495016252133,0.05472962021431638
2136,bjet_bijet_dR,bjets_pt_bb,0.08790071467625733,0.033408245172720674,0.05449246950353666
2000,bb_lnu_dEta,trijet_bijet_dEta,0.11308522138144389,0.05863244418060046,0.05445277720084343
2094,bjets_dR,bjets_dEta,0.19672513840236333,0.25092984436115773,0.0542047059587944
1322,jj_l_dR,bjets_pt_bb,0.06467924217609862,0.010584693412105148,0.05409454876399347
703,ak4_jet2_pt,bjets_dR,0.056195990598948115,0.00214504517327618,0.05405094542567193
327,min_b_l_dPhi,jj_l_dPhi,0.16813289200123352,0.11410180592547836,0.05403108607575516
598,WW_pt,bb_lnu_dPhi,0.06870355377171947,0.014839067648896802,0.053864486122822665
573,WW_pt,bjet1_pt,0.08310227748901627,0.029433969116366754,0.05366830837264952
437,ak4_jet1_pt,ak4_jet2_pt,0.44868954126728705,0.5022646060106577,0.05357506474337065
1500,trijet_mInv,bjets_mean_pt,0.1033817219644089,0.04981988188082326,0.05356184008358564
1242,trijet_pt,jj_l_dR,0.09047493280023464,0.03738756418245841,0.05308736861777623
1505,trijet_mInv,all_sT,0.18635712401316995,0.1335771775769484,0.05277994643622155
177,all_mInv,bjets_mean_pt,0.18148710376734029,0.1289270861031298,0.05256001766421048
1223,jj_lnu_dR,mjj,0.05960677558577855,0.007197109017808432,0.05240966656797012
752,all_mT,bjets_mean_pt,0.18155716017883333,0.12936587595668653,0.052191284222146805
2069,blnu_mT,all_sT,0.30841887803814905,0.360097136259613,0.051678258221463935
1689,ak4_jet0_eta,lep0_eta,0.09899499508247239,0.04740944153099857,0.051585553551473824
1959,trijet_bijet_dPhi,bjets_mean_pt,0.0782122902124617,0.026750609422868166,0.05146168078959354
867,ak4_jet0_bscore,bjets_pt_bb,0.0660438112419233,0.014811236044793206,0.05123257519713009
1824,ak4_jet3_eta,lep0_eta,0.07146128795657536,0.02029564517007453,0.051165642786500834
1365,jj_l_dEta,WW_mT,0.07933178040774735,0.028464883157572764,0.05086689725017459
116,ak4_jet0_pt,blnu_mT,0.13788335778646876,0.188303995586288,0.05042063779981923
600,WW_pt,bjet_bijet_dR,0.07221470910538508,0.021979440488107026,0.05023526861727805
2088,bjets_dPhi,bjets_mbb,0.12274850258003409,0.17280727181167393,0.05005876923163985
1469,blnu_bl_mInv,all_sT,0.07234143910408922,0.022389772189133152,0.04995166691495606
1107,trijet_bijet_dR,bjets_pt_bb,0.06612385211468852,0.016289588330969815,0.049834263783718705
1160,jj_lnu_dEta,WW_mT,0.06799749181524656,0.018166961748588256,0.0498305300666583
1222,jj_lnu_dR,trijet_bijet_dPhi,0.10369997637948067,0.05420651549735838,0.04949346088212229
1512,trijet_mInv,bjets_pt_bb,0.11118081748526508,0.06178347691568301,0.04939734056958207
1021,jj_l_dPhi,trijet_pt,0.11866480979999605,0.06926845236359255,0.0493963574364035
1692,ak4_jet0_eta,bb_lnu_dEta,0.14868528886300553,0.09932806964809202,0.04935721921491351
712,ak4_jet2_pt,bjets_mbb,0.03794217953546296,0.08662465392693706,0.048682474391474106
1067,trijet_bijet_dR,trijet_pt,0.07866523946011288,0.12721533389006903,0.048550094429956156
2127,bb_lnu_dPhi,bjets_pt_bb,0.05934256968481222,0.011223202521759092,0.04811936716305312
643,bjet_bijet_dPhi,WW_mInv,0.056140325896252535,0.00812261572758623,0.04801771016866631
1371,jj_l_dEta,bjet_bijet_dEta,0.289365697152938,0.2414281704847823,0.04793752666815568
1252,trijet_pt,bjet1_pt,0.025324269625574904,0.07319045422882794,0.04786618460325304
1770,lep0_phi,met_phi,0.05857605431720623,0.010711439323341211,0.04786461499386502
1141,blnu_lnu_mT,met_pt,0.4793839055986937,0.4322932617826856,0.04709064381600808
2068,blnu_mT,bjets_dR,0.05508551654415808,0.008221261992140051,0.04686425455201803
1235,jj_lnu_dR,bb_lnu_dPhi,0.13545124365070665,0.08862754258783109,0.04682370106287556
2027,all_jets_HT,blnu_mT,0.13449209459199574,0.18111958786173976,0.046627493269744025
1178,jj_lnu_dEta,lep0_eta,0.056833291591788196,0.10321928039959186,0.04638598880780366
1095,trijet_bijet_dR,bjets_mean_pt,0.06786813729970385,0.02151064800405251,0.046357489295651345
142,all_mInv,ak4_jet3_pt,0.13897140535821784,0.18522936246950422,0.046257957111286385
717,all_mT,ak4_jet3_pt,0.13876334536337387,0.18498491733048625,0.04622157196711238
1203,jj_lnu_dR,WW_mT,0.11655217945022114,0.07054331977629616,0.046008859673924984
1426,WW_mT,all_jets_HT,0.1804275478684818,0.22634148391974976,0.04591393605126795
1049,jj_l_dPhi,bjets_mean_pt,0.0477354139541159,0.0018824829161764277,0.04585293103793947
1157,jj_lnu_dEta,jj_l_dR,0.24570528959548515,0.20005338686994728,0.045651902725537874
1605,nAK4_btag,bjets_dPhi,0.047961915002815075,0.002341191605203574,0.0456207233976115
1582,nAK4_nonbtag,bjets_mbb,0.047988696472783254,0.0025377856011920535,0.0454509108715912
2053,bjets_mean_pt,blnu_pt,0.08468025044835897,0.12975087617350603,0.04507062572514706
15,bjet0_pt,ak4_jet3_pt,0.05658026539208137,0.1015666044614434,0.04498633906936203
454,ak4_jet1_pt,blnu_bl_mInv,0.06076495190186754,0.015833640928913727,0.04493131097295381
1142,blnu_lnu_mT,blnu_mT,0.41584243249193825,0.46075667004877713,0.044914237556838876
79,ak4_jet0_pt,ak4_jet3_pt,0.052366331278174263,0.0969329175729456,0.04456658629477134
1799,ak4_jet2_eta,lep0_eta,0.07599629602607882,0.03177877297390806,0.04421752305217076
2126,bb_lnu_dPhi,bb_lnu_dR,0.7595428833516109,0.7155440711725465,0.04399881217906443
1385,jj_l_dEta,mjj,0.046849624425951086,0.0028675381887997703,0.043982086237151316
2005,bb_lnu_dEta,bb_lnu_dR,0.22259938078032815,0.26656133227501283,0.04396195149468468
1264,trijet_pt,trijet_bijet_dPhi,0.06564232733677322,0.10949213413925996,0.043849806802486735
545,min_b_lnu_dPhi,bb_lnu_dR,0.16572878249613565,0.12193154120356947,0.04379724129256618
1287,jj_l_dR,blnu_bl_mInv,0.060047717500184325,0.016319091034855474,0.04372862646532885
263,ak4_jet1_bscore,ak4_jet0_bscore,0.06423383317252143,0.020624944186670147,0.04360888898585129
1405,WW_mT,trijet_mInv,0.2822176714397895,0.23879724554295106,0.04342042589683842
190,all_mInv,bjets_mbb,0.07483047652261048,0.11820297214247445,0.04337249561986398
475,ak4_jet1_pt,WW_mInv,0.07673476240412548,0.11983350638662824,0.043098743982502755
1504,trijet_mInv,bjets_dR,0.047380369626587496,0.004292898475963015,0.04308747115062448
511,min_b_lnu_dPhi,blnu_bl_mInv,0.050655070275744604,0.007711103490512041,0.04294396678523256
561,WW_pt,jj_lnu_dR,0.17045731849197474,0.12798341177923248,0.04247390671274226
765,all_mT,bjets_mbb,0.07561049218889507,0.11777952449919127,0.0421690323102962
45,bjet0_pt,trijet_bijet_dPhi,0.06248485488696594,0.020371616294536096,0.04211323859242984
1073,trijet_bijet_dR,trijet_mInv,0.08809803416792267,0.04614193325927658,0.041956100908646085
697,ak4_jet2_pt,WW_mInv,0.06300393774685747,0.10489041570744595,0.041886477960588475
554,WW_pt,min_b_l_dR,0.05415414970220578,0.012411106499351204,0.041743043202854574
609,bjet_bijet_dPhi,min_b_l_dR,0.049455963556814725,0.007745660032117234,0.04171030352469749
318,min_b_l_dPhi,WW_pt,0.06081731727736521,0.019178276387685857,0.04163904088967935
1102,trijet_bijet_dR,jj_lnu_dPhi,0.12394318043006278,0.08265495405151976,0.041288226378543014
1679,bjet1_pt,blnu_pt,0.022127084694254576,0.06323162764949514,0.04110454295524056
863,ak4_jet0_bscore,bb_lnu_dPhi,0.06516822612067874,0.024311826317285973,0.04085639980339277
1310,jj_l_dR,bjets_mean_pt,0.04198044778582439,0.0012626956255885578,0.040717752160235834
1071,trijet_bijet_dR,WW_mT,0.04149376531047934,0.08217431569287482,0.040680550382395486
1463,blnu_bl_mInv,all_jets_HT,0.055004455158442656,0.014408789423998817,0.04059566573444384
756,all_mT,bjets_dR,0.05724606252538534,0.016714614914087336,0.040531447611298003
372,min_b_l_dPhi,bjets_pt_bb,0.09141297932964328,0.05088899332149016,0.040523986008153115
1204,jj_lnu_dR,blnu_bl_mInv,0.04853481289211681,0.008033528571188896,0.04050128432092791
1025,jj_l_dPhi,WW_mT,0.06383389041540104,0.02366077756464291,0.04017311285075813
1100,trijet_bijet_dR,all_sT,0.02612746423308345,0.06626329967240735,0.0401358354393239
396,lep0_pt,blnu_bl_mInv,0.10121785078875163,0.0611492861033115,0.04006856468544013
603,WW_pt,bjets_mbb,0.051247469423087375,0.011269972329698473,0.0399774970933889
501,min_b_lnu_dPhi,jj_l_dPhi,0.10077649642371106,0.061029961009057734,0.039746535414653325
181,all_mInv,bjets_dR,0.056500582441528224,0.016895506103798023,0.0396050763377302
492,min_b_lnu_dPhi,WW_pt,0.06306690131108311,0.023478803646693146,0.03958809766438996
601,WW_pt,bb_lnu_dR,0.04919544422905271,0.009940107774273298,0.03925533645477941
1471,blnu_bl_mInv,jj_lnu_dPhi,0.050224062532657994,0.010991539397193207,0.039232523135464784
179,all_mInv,blnu_mT,0.2925828689147851,0.33148755194787016,0.038904683033085086
904,min_b_l_dR,all_jets_HT,0.012883918287199748,0.051386656604058514,0.03850273831685877
441,ak4_jet1_pt,min_b_l_dR,0.011533348071493664,0.04997609201472479,0.03844274394323113
479,ak4_jet1_pt,blnu_mT,0.1134337786963137,0.15185500549781464,0.03842122680150094
822,ak4_jet0_bscore,jj_l_dPhi,0.04820962841318237,0.00982023709299246,0.03838939132018991
1499,trijet_mInv,all_jets_HT,0.1881264347002079,0.14977184793796788,0.03835458676224002
1495,trijet_mInv,trijet_bijet_dPhi,0.0573950493396928,0.019186855363959796,0.038208193975733
57,bjet0_pt,jj_lnu_dPhi,0.04183819133063706,0.003783319466297525,0.038054871864339535
862,ak4_jet0_bscore,jj_lnu_dPhi,0.06755632642289228,0.029574601591027497,0.03798172483186478
1573,nAK4_nonbtag,bjets_dR,0.03940634735046822,0.0014394535853906407,0.03796689376507758
1026,jj_l_dPhi,blnu_bl_mInv,0.06495800323093137,0.027045004703885912,0.03791299852704546
1447,blnu_bl_mInv,bjet1_pt,0.05281635262474246,0.014928717749533575,0.03788763487520889
1311,jj_l_dR,met_pt,0.040658214977963014,0.002870870454986619,0.0377873445229764
1431,WW_mT,bjets_dR,0.03976775066418921,0.0021711963991291085,0.0375965542650601
742,all_mT,nAK4,0.08468621996069739,0.12228021412543033,0.03759399416473294
754,all_mT,blnu_mT,0.2960470014415734,0.3336360723392621,0.0375890708976887
954,ak4_jet3_pt,bjets_mean_pt,0.05477539231460052,0.09233289593590627,0.03755750362130575
552,WW_pt,trijet_pt_rat,0.042519234417523574,0.004970991958837177,0.0375482424586864
1113,blnu_lnu_mT,jj_l_dR,0.056205136662298705,0.018761855744137,0.03744328091816171
809,trijet_pt_rat,all_sT,0.019096552415842776,0.0564899739670755,0.03739342155123272
1050,jj_l_dPhi,met_pt,0.041927135330270086,0.004579380757868724,0.03734775457240136
167,all_mInv,nAK4,0.08526485187885412,0.12257421689920309,0.03730936502034897
1559,nAK4_nonbtag,nAK4,0.355338013512197,0.3923904649656581,0.03705245145346109
433,lep0_pt,blnu_pt,0.04099199279441485,0.07792825401943389,0.036936261225019036
1166,jj_lnu_dEta,bjet_bijet_dEta,0.2906623285436857,0.253740520758407,0.036921807785278704
489,ak4_jet1_pt,bjets_pt_bb,0.1430614132415869,0.10622736824242568,0.03683404499916121
2080,bjets_dPhi,all_sT,0.03952535501204148,0.002702377908644152,0.036822977103397325
1267,trijet_pt,WW_mInv,0.19099771478006947,0.2277703074980177,0.03677259271794822
1199,jj_lnu_dR,trijet_pt,0.09544590728450116,0.05894417856309067,0.036501728721410484
2038,all_jets_HT,bjets_mbb,0.0756865693875978,0.11218782213268275,0.03650125274508495
585,WW_pt,trijet_bijet_dPhi,0.048116380041282436,0.011699758047707912,0.036416621993574524
2024,WW_mInv,blnu_pt,0.17541515863562718,0.21176662973767296,0.036351471102045785
816,trijet_pt_rat,bjets_pt_bb,0.05593088016674588,0.01958684908580232,0.03634403108094356
546,min_b_lnu_dPhi,bjets_pt_bb,0.0871081205111784,0.05080496258713152,0.03630315792404688
1305,jj_l_dR,trijet_bijet_dPhi,0.06033513052647878,0.024037311790134137,0.03629781873634464
1859,nAK4,all_sT,0.07362222051881082,0.1097324661893755,0.036110245670564686
2064,met_pt,bjets_pt_bb,0.0460057866286773,0.010037040065691935,0.03596874656298536
2047,bjets_mean_pt,bb_lnu_dPhi,0.04233599871407139,0.006420205129942399,0.035915793584129
782,trijet_pt_rat,trijet_mInv,0.07833763339718518,0.04248761161171684,0.03585002178546834
1238,jj_lnu_dR,bb_lnu_dR,0.09817862876916193,0.06247934372109125,0.035699285048070684
591,WW_pt,met_pt,0.05057230209771736,0.014917089892114682,0.03565521220560268
1432,WW_mT,all_sT,0.35139036889717534,0.38698520602934594,0.0355948371321706
701,ak4_jet2_pt,blnu_mT,0.058158615559812284,0.09370359479418314,0.03554497923437085
91,ak4_jet0_pt,blnu_bl_mInv,0.04741122453697222,0.01188673637711771,0.03552448815985451
18,bjet0_pt,trijet_bijet_dR,0.05484009003957763,0.019630439459879134,0.03520965057969849
729,all_mT,blnu_bl_mInv,0.0791177747191512,0.04409159165101022,0.03502618306814098
1853,nAK4,all_jets_HT,0.10840454353065795,0.1434149101768635,0.03501036664620555
154,all_mInv,blnu_bl_mInv,0.07906885741898623,0.04412499495092608,0.034943862468060145
73,ak4_jet0_pt,bjet_bijet_dPhi,0.040842387691622205,0.005917660597409932,0.03492472709421227
866,ak4_jet0_bscore,bb_lnu_dR,0.05465862170089974,0.01981013641314536,0.034848485287754374
1024,jj_l_dPhi,jj_l_dEta,0.03722619540700618,0.0026257137685128246,0.03460048163849336
1152,blnu_lnu_mT,bjets_pt_bb,0.05006386345712777,0.015510535651464461,0.03455332780566331
1180,jj_lnu_dEta,mjj,0.03723773966179689,0.0027223328729561493,0.03451540678884074
2048,bjets_mean_pt,bjets_dEta,0.036773613355328846,0.0023105963037609693,0.034463017051567874
828,ak4_jet0_bscore,jj_l_dR,0.04056184369091098,0.006203653910482169,0.034358189780428816
826,ak4_jet0_bscore,jj_lnu_dR,0.0545369110210242,0.020356249060740825,0.03418066196028337
493,min_b_lnu_dPhi,bjet_bijet_dPhi,0.10792363866299579,0.14209756501413023,0.03417392635113445
1674,bjet1_pt,bjets_dEta,0.035982278883930345,0.0018245023052629976,0.03415777657866735
1749,ak4_jet1_eta,bb_lnu_dEta,0.05333349826006519,0.0874509766498586,0.034117478389793406
2077,blnu_mT,bjets_mbb,0.05527249795555384,0.08919501420878137,0.03392251625322753
915,min_b_l_dR,bjet_bijet_dR,0.042438130368282215,0.008873510687926207,0.03356461968035601
21,bjet0_pt,jj_lnu_dR,0.03670952289615715,0.003176761812188917,0.03353276108396823
2132,bjets_dEta,bjets_pt_bb,0.03400173534863839,0.0006508046170485386,0.033350930731589845
772,trijet_pt_rat,trijet_bijet_dR,0.18375891315384124,0.15041435641588774,0.0333445567379535
1202,jj_lnu_dR,jj_l_dEta,0.2515185374792455,0.21835650986101385,0.03316202761823167
1962,trijet_bijet_dPhi,bjets_dPhi,0.046583795476124214,0.01349992341458331,0.033083872061540905
63,bjet0_pt,bjets_mbb,0.12238257054214316,0.1553242230019801,0.032941652459836934
1967,trijet_bijet_dPhi,bb_lnu_dPhi,0.1923678420334489,0.15944157297033004,0.03292626906311885
1429,WW_mT,blnu_mT,0.2265514017224739,0.2594591254581492,0.0329077237356753
1324,jj_l_dR,blnu_pt,0.08253646791346433,0.0496779781323054,0.032858489781158934
2049,bjets_mean_pt,bjet_bijet_dR,0.040167943926050234,0.007621632402501379,0.03254631152354885
1109,trijet_bijet_dR,blnu_pt,0.04026546597790816,0.07279310180746534,0.032527635829557186
1017,jj_l_dPhi,trijet_bijet_dR,0.07583197134902413,0.04348678460659207,0.03234518674243206
435,ak4_jet1_pt,WW_pt,0.1443067854239252,0.11233912206955658,0.03196766335436861
110,ak4_jet0_pt,mjj,0.04267528760389729,0.07449215354843629,0.031816865944538995
1367,jj_l_dEta,trijet_mInv,0.043030551343239284,0.01147204135746227,0.031558509985777014
968,ak4_jet3_pt,blnu_pt,0.023524027786539184,0.05507841416436987,0.03155438637783069
283,ak4_jet1_bscore,bjet1_pt,0.04944730423684324,0.018005003017582198,0.03144230121926104
1427,WW_mT,bjets_mean_pt,0.050635717382757905,0.0192277814530699,0.031407935929688005
33,bjet0_pt,bjet1_pt,0.03972483025823435,0.008556191102063102,0.03116863915617125
1477,blnu_bl_mInv,bjets_mbb,0.052091186284515256,0.020978782900805255,0.03111240338371
2040,bjets_mean_pt,met_pt,0.037281897813465296,0.006253603481479315,0.031028294331985982
2122,jj_lnu_dPhi,bjets_mbb,0.03188606032499797,0.0009353797811026306,0.030950680543895336
1434,WW_mT,jj_lnu_dPhi,0.07219841979028815,0.04130690748317923,0.030891512307108925
1802,ak4_jet2_eta,bb_lnu_dEta,0.038570429341802395,0.06927684412040161,0.030706414778599214
1093,trijet_bijet_dR,WW_mInv,0.05134925814622575,0.08162674248169954,0.030277484335473795
1681,ak4_jet0_eta,ak4_jet1_eta,0.06698415476126629,0.03684378473416297,0.03014037002710332
958,ak4_jet3_pt,bjets_dR,0.030550685613851648,0.0005377795606206805,0.030012906053230967
1611,nAK4_btag,bjets_dEta,0.030418744182101984,0.0005949741419506716,0.029823770040151312
2066,met_pt,blnu_pt,0.16416419192084336,0.13434769893168458,0.029816492989158783
1503,trijet_mInv,bjets_dPhi,0.035456003476177396,0.005728702143181233,0.029727301332996163
135,all_mInv,WW_pt,0.1594756389133675,0.12979322461140147,0.029682414301966026
664,ak4_jet2_pt,ak4_jet3_pt,0.4319780061317152,0.4614969970598239,0.029518990928108668
1045,jj_l_dPhi,mjj,0.031455831278311426,0.0019560030303399437,0.029499828247971482
2083,bjets_dPhi,bb_lnu_dPhi,0.036612200781675645,0.0071524073106273255,0.02945979347104832
55,bjet0_pt,all_sT,0.15371520337816563,0.12425654846450138,0.029458654913664256
1053,jj_l_dPhi,bjets_dR,0.040599059092637835,0.011234197878439305,0.02936486121419853
2092,bjets_dR,jj_lnu_dPhi,0.04951242411715118,0.02018758290391446,0.029324841213236717
1292,jj_l_dR,bjet_bijet_dEta,0.05834292119926636,0.02905915802938534,0.02928376316988102
1396,jj_l_dEta,jj_lnu_dPhi,0.031603322595554366,0.002328283867466332,0.029275038728088034
551,WW_pt,all_mT,0.16237915133669786,0.13313602274514424,0.02924312859155362
367,min_b_l_dPhi,jj_lnu_dPhi,0.09576619741058798,0.06660839477864428,0.029157802631943702
952,ak4_jet3_pt,WW_mInv,0.04171348735404622,0.07075762996079661,0.029044142606750388
505,min_b_lnu_dPhi,jj_lnu_dR,0.06687394136819845,0.03800939669732409,0.028864544670874362
1984,mjj,jj_lnu_dPhi,0.03301844635696122,0.004183960207147942,0.028834486149813276
1228,jj_lnu_dR,met_pt,0.04771037794677839,0.018877498653281748,0.028832879293496642
910,min_b_l_dR,all_sT,0.012667005921453974,0.04135757482306526,0.02869056890161129
876,min_b_l_dR,jj_lnu_dR,0.04154683678130127,0.012871698533206126,0.028675138248095144
222,ak4_jet2_bscore,bjet1_pt,0.0437668266161511,0.015145604484070704,0.028621222132080393
442,ak4_jet1_pt,ak4_jet3_pt,0.1593544156216879,0.1879706950451609,0.028616279423473
559,WW_pt,blnu_lnu_mT,0.05001182857842143,0.021469369734860584,0.028542458843560846
617,bjet_bijet_dPhi,trijet_pt,0.11424133959802438,0.08573375305140335,0.028507586546621028
808,trijet_pt_rat,bjets_dR,0.08180732330594633,0.05335133192939122,0.028455991376555106
580,WW_pt,nAK4,0.009193053410568662,0.037550820201319876,0.028357766790751214
562,WW_pt,trijet_pt,0.04157453061968526,0.0699164112724651,0.028341880652779844
417,lep0_pt,WW_mInv,0.05274783812433491,0.08107641523570083,0.028328577111365924
623,bjet_bijet_dPhi,trijet_mInv,0.06738058400834104,0.03915513858841825,0.028225445419922793
1245,trijet_pt,WW_mT,0.22481887536832207,0.25302164124361587,0.0282027658752938
460,ak4_jet1_pt,bjet1_pt,0.2219740209591043,0.25008154088694534,0.02810751992784105
1288,jj_l_dR,trijet_mInv,0.03705167615529906,0.008945150596063215,0.028106525559235842
1994,bb_lnu_dEta,bjets_mean_pt,0.029672331665105616,0.001756961604000025,0.02791537006110559
1632,bjet_bijet_dEta,WW_mInv,0.03564704635575087,0.007782041793690533,0.027865004562060335
2067,blnu_mT,bjets_dPhi,0.03149572185557052,0.0036865306547374695,0.027809191200833052
1231,jj_lnu_dR,bjets_dR,0.049140284092121234,0.0213955807115135,0.027744703380607735
182,all_mInv,all_sT,0.6542297063810855,0.6819658673853437,0.027736161004258242
919,min_b_l_dR,blnu_pt,0.043153284720064855,0.07084569321592418,0.027692408495859328
1963,trijet_bijet_dPhi,bjets_dR,0.032767448736831344,0.005114636773879584,0.02765281196295176
13,bjet0_pt,ak4_jet0_bscore,0.1349932142892672,0.10739345190230548,0.027599762386961713
1144,blnu_lnu_mT,bjets_dR,0.028259035604147748,0.0006825209534135693,0.027576514650734178
17,bjet0_pt,jj_l_dPhi,0.02863545083126637,0.0010872748492561923,0.02754817598201018
92,ak4_jet0_pt,trijet_mInv,0.16658458800589795,0.1390473256640246,0.027537262341873342
1077,trijet_bijet_dR,bjet_bijet_dEta,0.044800974570744126,0.07227568125545047,0.02747470668470635
388,lep0_pt,blnu_lnu_mT,0.22612765446862404,0.19868225205393247,0.027445402414691566
597,WW_pt,jj_lnu_dPhi,0.18953212057079566,0.16222251032164442,0.02730961024915124
78,ak4_jet0_pt,min_b_l_dR,0.01705379497094428,0.044245707249409905,0.027191912278465624
1118,blnu_lnu_mT,trijet_mInv,0.04555178632580327,0.018566815497604677,0.026984970828198594
1168,jj_lnu_dEta,ak4_jet0_eta,0.055752731983470374,0.08270601859406947,0.026953286610599092
1428,WW_mT,met_pt,0.18069151137710524,0.15386124969243242,0.026830261684672813
1018,jj_l_dPhi,blnu_lnu_mT,0.05177401167601918,0.025055423666029912,0.026718588009989268
543,min_b_lnu_dPhi,bjets_dEta,0.027141285044876475,0.0005662176126393359,0.02657506743223714
1422,WW_mT,trijet_bijet_dPhi,0.038337106713224205,0.06490012086373526,0.02656301415051105
1574,nAK4_nonbtag,all_sT,0.04205372605295743,0.06855579145203074,0.026502065399073307
649,bjet_bijet_dPhi,bjets_dR,0.1347869175945125,0.10832359051208121,0.026463327082431293
1972,trijet_bijet_dPhi,bjets_mbb,0.031813254397457635,0.005351988909776718,0.026461265487680918
727,all_mT,jj_l_dEta,0.04159766227994209,0.015166394958954332,0.02643126732098776
157,all_mInv,nAK4_nonbtag,0.055062868856877875,0.08124867609077951,0.02618580723390164
502,min_b_lnu_dPhi,trijet_bijet_dR,0.04049415339617359,0.014400845432747222,0.02609330796342637
23,bjet0_pt,jj_l_dR,0.026756132134127864,0.0006839534964331873,0.026072178637694676
1140,blnu_lnu_mT,bjets_mean_pt,0.03610857430212153,0.010054180874140527,0.026054393427981
1240,jj_lnu_dR,bjets_mbb,0.027707611213717644,0.0016636040826793486,0.026044007131038296
702,ak4_jet2_pt,bjets_dPhi,0.030028186517470246,0.003998484658763877,0.02602970185870637
369,min_b_l_dPhi,bjets_dEta,0.02665313255802165,0.0006614918110929291,0.02599164074692872
628,bjet_bijet_dPhi,bjet1_pt,0.028166728330670278,0.0022289390706061243,0.025937789260064154
27,bjet0_pt,blnu_bl_mInv,0.04068826497353317,0.01479302488740131,0.025895240086131862
1278,trijet_pt,bjets_dEta,0.026211894991326135,0.00034609674637253035,0.025865798244953605
1276,trijet_pt,jj_lnu_dPhi,0.1267624527005585,0.10093672032422876,0.025825732376329735
152,all_mInv,jj_l_dEta,0.04101289350167085,0.015217359912816145,0.025795533588854707
1664,bjet1_pt,all_jets_HT,0.10637970557355515,0.13217518046193166,0.02579547488837651
1973,trijet_bijet_dPhi,blnu_pt,0.03865012444499856,0.06426106427729289,0.02561093983229433
54,bjet0_pt,bjets_dR,0.03457607858451325,0.009048228546792186,0.025527850037721067
9,bjet0_pt,bjet_bijet_dPhi,0.027224785992151775,0.0018234127441611667,0.02540137324799061
755,all_mT,bjets_dPhi,0.02710751367575137,0.001733391367197499,0.025374122308553872
886,min_b_l_dR,nAK4_btag,0.031729570826439554,0.006376846543292625,0.02535272428314693
732,all_mT,nAK4_nonbtag,0.05584270694336604,0.08118849005095122,0.02534578310758518
1758,ak4_jet1_eta,trijet_bijet_dEta,0.03567266704630965,0.010433396484557517,0.025239270561752132
1827,ak4_jet3_eta,bb_lnu_dEta,0.02541312554598243,0.05064985064230029,0.02523672509631786
2050,bjets_mean_pt,bb_lnu_dR,0.032076349155628264,0.006897215951299079,0.025179133204329185
304,ak4_jet1_bscore,bjets_dR,0.026932897585431704,0.0017680429860304075,0.025164854599401296
480,ak4_jet1_pt,bjets_dPhi,0.032751158258125995,0.007594377107503169,0.025156781150622826
2093,bjets_dR,bb_lnu_dPhi,0.029968443388832297,0.00482488628544938,0.025143557103382917
753,all_mT,met_pt,0.1103219080231343,0.08523527415703577,0.025086633866098523
757,all_mT,all_sT,0.6622672052877455,0.6873145333475251,0.025047328059779606
2095,bjets_dR,bjet_bijet_dR,0.07825590224743746,0.053283968353598596,0.024971933893838866
654,bjet_bijet_dPhi,bjets_dEta,0.025596687535178842,0.0006835264725611606,0.02491316106261768
178,all_mInv,met_pt,0.1090010744850135,0.08413242227017617,0.024868652214837333
1103,trijet_bijet_dR,bb_lnu_dPhi,0.09465947679759373,0.06987151502826348,0.02478796176933025
180,all_mInv,bjets_dPhi,0.026572107292587355,0.0018039663637409754,0.02476814092884638
553,WW_pt,ak4_jet0_bscore,0.03000543890699307,0.00524276876530682,0.02476267014168625
331,min_b_l_dPhi,jj_lnu_dR,0.039548822301930464,0.01491445022207636,0.024634372079854104
914,min_b_l_dR,bjets_dEta,0.03077260049915433,0.006187693469171241,0.02458490702998309
317,min_b_l_dPhi,min_b_lnu_dPhi,0.2997726872581631,0.2752006940222722,0.024571993235890877
1937,lep0_eta,bb_lnu_dEta,0.043005076639123264,0.018434725612081492,0.024570351027041772
1098,trijet_bijet_dR,bjets_dPhi,0.026233327543187804,0.0016637391957925046,0.0245695883473953
1964,trijet_bijet_dPhi,all_sT,0.021851535666168067,0.04636439685288299,0.02451286118671492
1501,trijet_mInv,met_pt,0.03975926665179029,0.015340521851911645,0.024418744799878645
370,min_b_l_dPhi,bjet_bijet_dR,0.0371073040814463,0.0127317855964907,0.024375518484955602
1514,trijet_mInv,blnu_pt,0.06277469019187112,0.0384760554852867,0.024298634706584422
1395,jj_l_dEta,trijet_bijet_dEta,0.0982184035427516,0.07396378176618576,0.024254621776565843
1210,jj_lnu_dR,bjet1_pt,0.026299305296704246,0.002112842098720053,0.024186463197984193
1672,bjet1_pt,jj_lnu_dPhi,0.02659515432118272,0.0024249775504091124,0.024170176770773606
644,bjet_bijet_dPhi,all_jets_HT,0.028426216339119195,0.0042799243418718755,0.02414629199724732
663,ak4_jet2_pt,min_b_l_dR,0.011258303826111957,0.03536927691273646,0.024110973086624504
676,ak4_jet2_pt,blnu_bl_mInv,0.03462504523500563,0.010535848142120625,0.02408919709288501
28,bjet0_pt,trijet_mInv,0.05032729615068551,0.0262911857663283,0.024036110384357212
2133,bjets_dEta,bjets_mbb,0.11299221450900955,0.13700697263083134,0.024014758121821786
620,bjet_bijet_dPhi,jj_l_dEta,0.024430711706155805,0.0004623949765617044,0.0239683167295941
19,bjet0_pt,blnu_lnu_mT,0.030169783699854336,0.006216427100182165,0.02395335659967217
1162,jj_lnu_dEta,trijet_mInv,0.03372661722068676,0.009826566036837504,0.023900051183849257
1066,trijet_bijet_dR,jj_lnu_dR,0.07122505577934472,0.04743275462526128,0.023792301154083442
1209,jj_lnu_dR,bjet_bijet_dEta,0.054342407473448824,0.03059291616496916,0.023749491308479663
675,ak4_jet2_pt,WW_mT,0.10523599912699994,0.1288928058589261,0.02365680673192616
1478,blnu_bl_mInv,blnu_pt,0.02693449536749575,0.003313812453611835,0.023620682913883913
2002,bb_lnu_dEta,bb_lnu_dPhi,0.023582275702844862,0.00030096901019388556,0.023281306692650976
252,ak4_jet2_bscore,bjets_mbb,0.02665363854131403,0.003425803564685557,0.023227834976628472
1170,jj_lnu_dEta,ak4_jet1_eta,0.06812166580781842,0.04494090762951594,0.02318075817830248
1094,trijet_bijet_dR,all_jets_HT,0.03464182600483566,0.057816219533201055,0.023174393528365395
529,min_b_lnu_dPhi,trijet_bijet_dPhi,0.08996433650081306,0.11313443427879961,0.02317009777798655
199,ak4_jet2_bscore,ak4_jet2_pt,0.043315955272657275,0.020146255724146224,0.02316969954851105
905,min_b_l_dR,bjets_mean_pt,0.019470868809753152,0.04259137363293525,0.023120504823182095
1668,bjet1_pt,bjets_dPhi,0.04478876744394133,0.021674938839069645,0.023113828604871683
2028,all_jets_HT,bjets_dPhi,0.029775415923797788,0.006693665895625731,0.023081750028172057
1318,jj_l_dR,bb_lnu_dPhi,0.033507143939154035,0.01047100750779045,0.023036136431363586
802,trijet_pt_rat,WW_mInv,0.04630055064763861,0.023290003814637663,0.02301054683300095
427,lep0_pt,bb_lnu_dPhi,0.026577325752489517,0.0035835847758360073,0.02299374097665351
768,trijet_pt_rat,min_b_l_dR,0.045392354312763644,0.0224383672464711,0.022953987066292543
243,ak4_jet2_bscore,bjets_dR,0.023586574219418784,0.000663062569693576,0.022923511649725208
813,trijet_pt_rat,bjets_dEta,0.023134890357230733,0.00026023180616959254,0.02287465855106114
322,min_b_l_dPhi,trijet_pt_rat,0.04155191672385093,0.018759596839993366,0.022792319883857565
2020,WW_mInv,bjet_bijet_dR,0.03471604528465237,0.012054969102927266,0.022661076181725106
912,min_b_l_dR,jj_lnu_dPhi,0.04464986522982313,0.021993210995910308,0.02265665423391282
1439,WW_mT,bjets_pt_bb,0.06510184002057438,0.042456287789948324,0.02264555223062606
1999,bb_lnu_dEta,all_sT,0.02444024975355743,0.0017948121653969216,0.022645437588160507
651,bjet_bijet_dPhi,trijet_bijet_dEta,0.03475276764217869,0.012148992585675127,0.022603775056503562
806,trijet_pt_rat,blnu_mT,0.040831605760851625,0.06339059240112921,0.022558986640277584
47,bjet0_pt,bb_lnu_dEta,0.02369994208741076,0.0011454170064299322,0.02255452508098083
1072,trijet_bijet_dR,blnu_bl_mInv,0.023298263380114995,0.0007557184236427796,0.022542544956472215
1970,trijet_bijet_dPhi,bb_lnu_dR,0.06477886096852942,0.04226089613305562,0.022517964835473796
2079,bjets_dPhi,bjets_dR,0.7247896576343681,0.7023181949548419,0.022471462679526155
1938,lep0_eta,WW_mInv,0.03520649848548005,0.01278770122876842,0.02241879725671163
1314,jj_l_dR,bjets_dR,0.035801962555730746,0.013393076572936521,0.022408885982794224
58,bjet0_pt,bb_lnu_dPhi,0.02750186274285068,0.005172555652468748,0.02232930709038193
1019,jj_l_dPhi,jj_lnu_dEta,0.02702672336403153,0.004750645038082042,0.022276078325949487
1060,jj_l_dPhi,bb_lnu_dR,0.03599312362602846,0.013744021256040042,0.022249102369988418
1099,trijet_bijet_dR,bjets_dR,0.024821548691799946,0.0026444782985991407,0.022177070393200805
722,all_mT,jj_lnu_dEta,0.03141918361340206,0.009352041132289674,0.022067142481112387
1869,met_phi,ak4_jet1_phi,0.033379346646390834,0.01139959087970123,0.021979755766689604
1620,bjet_bijet_dEta,ak4_jet1_eta,0.03715458463674055,0.01525396258260165,0.021900622054138896
1052,jj_l_dPhi,bjets_dPhi,0.03699515316151791,0.015111691586390995,0.021883461575126918
1246,trijet_pt,blnu_bl_mInv,0.02557942314941895,0.003872663878736436,0.021706759270682514
1108,trijet_bijet_dR,bjets_mbb,0.037241035693008503,0.01554038573560073,0.021700649957407774
303,ak4_jet1_bscore,bjets_dPhi,0.024445241998036826,0.0027631656454341243,0.021682076352602702
930,ak4_jet3_pt,WW_mT,0.06709318768943334,0.08873845492350477,0.021645267234071425
587,WW_pt,bb_lnu_dEta,0.040464829491863225,0.018916426628019692,0.021548402863843533
1247,trijet_pt,trijet_mInv,0.08423191947312068,0.06274836371759919,0.021483555755521494
565,WW_pt,jj_l_dEta,0.02168391538661363,0.0002538537418502809,0.02143006164476335
1965,trijet_bijet_dPhi,trijet_bijet_dEta,0.07023843326688073,0.048854743868935915,0.021383689397944813
333,min_b_l_dPhi,jj_l_dR,0.04982758172814961,0.028514364026854817,0.021313217701294795
51,bjet0_pt,met_pt,0.024901183861934902,0.003626408491121773,0.02127477537081313
147,all_mInv,jj_lnu_dEta,0.030660675173284614,0.009394374249098648,0.021266300924185966
1111,blnu_lnu_mT,jj_lnu_dR,0.04808901597060031,0.02684760055037365,0.02124141542022666
2139,bb_lnu_dR,bjets_pt_bb,0.050148675009671684,0.029028056142883424,0.02112061886678826
734,all_mT,bjet_bijet_dEta,0.035548323704113455,0.014454154790282819,0.021094168913830636
423,lep0_pt,bjets_dR,0.02142340317622215,0.0003445909995890145,0.021078812176633134
725,all_mT,jj_l_dR,0.04904314874426767,0.02800413570194386,0.02103901304232381
1550,nAK4_nonbtag,nAK4_btag,0.2729836529653267,0.25197431600628706,0.021009336959039615
430,lep0_pt,bb_lnu_dR,0.02278824164777938,0.0017807717288146757,0.021007469918964704
1259,trijet_pt,nAK4,0.03506912989873885,0.05606802383798562,0.02099889393924677
1143,blnu_lnu_mT,bjets_dPhi,0.021549636387747057,0.0006099703182680175,0.02093966606947904
956,ak4_jet3_pt,blnu_mT,0.027185671583510804,0.04812193587047456,0.020936264286963754
159,all_mInv,bjet_bijet_dEta,0.03538968269965659,0.014472063029539243,0.020917619670117345
315,min_b_l_dPhi,lep0_pt,0.024510435210726315,0.003676839030795246,0.02083359617993107
1293,jj_l_dR,bjet1_pt,0.021048378838837867,0.0002433595652190472,0.02080501927361882
1459,blnu_bl_mInv,trijet_bijet_dPhi,0.021803045771941486,0.0010002474921137622,0.020802798279827724
1375,jj_l_dEta,ak4_jet1_eta,0.048331136158394426,0.027594505598402003,0.020736630559992423
558,WW_pt,trijet_bijet_dR,0.03638445158484085,0.015663047767216325,0.020721403817624523
560,WW_pt,jj_lnu_dEta,0.02127905764954318,0.0005689104734001443,0.020710147176143036
820,ak4_jet0_bscore,ak4_jet3_pt,0.028164555357687877,0.007459627149660232,0.020704928208027645
2129,bb_lnu_dPhi,blnu_pt,0.03842095811178978,0.05909728197783009,0.020676323866040312
1205,jj_lnu_dR,trijet_mInv,0.028786538544213657,0.008274780974918634,0.020511757569295023
1675,bjet1_pt,bjet_bijet_dR,0.025340162184201286,0.004906581699837976,0.02043358048436331
85,ak4_jet0_pt,jj_lnu_dR,0.02499594385171307,0.00469572215586905,0.02030022169584402
599,WW_pt,bjets_dEta,0.020439888931052568,0.0001873579577858983,0.02025253097326667
967,ak4_jet3_pt,bjets_mbb,0.025010318522697056,0.04523004449687551,0.020219725974178454
341,min_b_l_dPhi,nAK4_btag,0.020835874009452998,0.0006246571098504211,0.020211216899602577
357,min_b_l_dPhi,bb_lnu_dEta,0.03060098200087167,0.01040662139137806,0.02019436060949361
391,lep0_pt,trijet_pt,0.03412461875502709,0.054297172606546276,0.020172553851519184
1230,jj_lnu_dR,bjets_dPhi,0.041572128658682,0.02140750298523302,0.02016462567344898
111,ak4_jet0_pt,bb_lnu_dEta,0.02256453981863541,0.0024022845675966097,0.0201622552510388
1993,bb_lnu_dEta,all_jets_HT,0.021620302286703332,0.001502454187889097,0.020117848098814235
383,lep0_pt,min_b_l_dR,0.02556164977488059,0.005469500103744439,0.02009214967113615
608,bjet_bijet_dPhi,ak4_jet0_bscore,0.0210368210655696,0.0010202308135489162,0.020016590252020683
1191,jj_lnu_dEta,jj_lnu_dPhi,0.026446800388985715,0.006432243206072916,0.0200145571829128
1226,jj_lnu_dR,all_jets_HT,0.023803435639240943,0.0038113404508833375,0.019992095188357605
1578,nAK4_nonbtag,bjets_dEta,0.020485033631408252,0.0005276612171215,0.019957372414286752
2059,met_pt,jj_lnu_dPhi,0.047092133849276435,0.027199741714310492,0.019892392134965943
1803,ak4_jet2_eta,WW_mInv,0.026855159550364868,0.007055151767282407,0.01980000778308246
1078,trijet_bijet_dR,bjet1_pt,0.045689866384225584,0.025894221601840513,0.01979564478238507
570,WW_pt,nAK4_nonbtag,0.009420732925330438,0.029199765457054317,0.01977903253172388
150,all_mInv,jj_l_dR,0.04805622772068864,0.028327982379339367,0.019728245341349274
2056,met_pt,bjets_dR,0.019994136099921952,0.0003040974879220601,0.01969003861199989
1614,nAK4_btag,bjets_pt_bb,0.020481683845424606,0.0007922042579705246,0.01968947958745408
1032,jj_l_dPhi,bjet1_pt,0.020066418377897206,0.00038952621639606194,0.019676892161501144
531,min_b_lnu_dPhi,bb_lnu_dEta,0.02904850862467921,0.00937952610246757,0.019668982522211637
851,ak4_jet0_bscore,mjj,0.054946809616967296,0.03528683334333725,0.019659976273630045
1154,blnu_lnu_mT,blnu_pt,0.18699924358159065,0.20661037038642635,0.019611126804835705
1946,lep0_eta,trijet_bijet_dEta,0.03684581769949635,0.01733250171932365,0.019513315980172703
1660,bjet1_pt,trijet_bijet_dPhi,0.04551826809725798,0.026039092393927887,0.019479175703330093
1956,trijet_bijet_dPhi,bb_lnu_dEta,0.02013550069285134,0.0006923167433690348,0.019443183949482305
497,min_b_lnu_dPhi,ak4_jet0_bscore,0.026544205808940513,0.007153518721134906,0.019390687087805607
1409,WW_mT,bjet_bijet_dEta,0.026462569034659014,0.007138092367002705,0.01932447666765631
386,lep0_pt,jj_l_dPhi,0.023926142969385035,0.0432501169724651,0.019323974003080065
1313,jj_l_dR,bjets_dPhi,0.030488355894435406,0.0111805773389325,0.019307778555502905
957,ak4_jet3_pt,bjets_dPhi,0.020348838973202527,0.0010589764661120063,0.01928986250709052
1828,ak4_jet3_eta,WW_mInv,0.025674882864021975,0.00641684095201972,0.019258041912002255
242,ak4_jet2_bscore,bjets_dPhi,0.020030902854773547,0.0007827590184186287,0.019248143836354918
328,min_b_l_dPhi,trijet_bijet_dR,0.026361922960550524,0.0071218758757963935,0.01924004708475413
850,ak4_jet0_bscore,trijet_bijet_dPhi,0.08653800853813687,0.06731056451647427,0.0192274440216626
1472,blnu_bl_mInv,bb_lnu_dPhi,0.02631689591042545,0.007149547900183954,0.019167348010241496
621,bjet_bijet_dPhi,WW_mT,0.02257900811068033,0.00346724441845107,0.01911176369222926
1430,WW_mT,bjets_dPhi,0.022425721608552242,0.0033277076368828304,0.019098013971669412
2134,bjets_dEta,blnu_pt,0.01941652802566791,0.0003271906739944555,0.019089337351673456
2107,all_sT,bjets_mbb,0.05978739451254555,0.07887106283634165,0.019083668323796106
622,bjet_bijet_dPhi,blnu_bl_mInv,0.020436586635675713,0.0013676772297989206,0.019068909405876792
653,bjet_bijet_dPhi,bb_lnu_dPhi,0.1489471970293951,0.12994617874073022,0.019001018288664878
1421,WW_mT,lep0_eta,0.029989949584292137,0.01104937172285672,0.018940577861435416
1148,blnu_lnu_mT,bb_lnu_dPhi,0.024265460879904503,0.0053541823671327295,0.018911278512771773
1363,ak4_jet3_bscore,bjets_mbb,0.038696548921286926,0.019815007842082424,0.018881541079204502
662,ak4_jet2_pt,ak4_jet0_bscore,0.025695858943527133,0.006820467573049396,0.018875391370477737
2128,bb_lnu_dPhi,bjets_mbb,0.021921850584133935,0.0030468702850158166,0.01887498029911812
646,bjet_bijet_dPhi,met_pt,0.02573509158815088,0.006913500964799098,0.018821590623351783
1475,blnu_bl_mInv,bb_lnu_dR,0.04315389625098919,0.0243588188838303,0.01879507736715889
878,min_b_l_dR,jj_l_dR,0.05631919739845869,0.03752689405054051,0.018792303347918184
1572,nAK4_nonbtag,bjets_dPhi,0.02097880770612088,0.0022040947517684845,0.018774712954352395
440,ak4_jet1_pt,ak4_jet0_bscore,0.025373342657713436,0.006601723293846281,0.018771619363867155
907,min_b_l_dR,blnu_mT,0.04012148273827354,0.021367554338721003,0.018753928399552536
1683,ak4_jet0_eta,ak4_jet2_eta,0.05551022792259715,0.03676539087429195,0.018744837048305193
1068,trijet_bijet_dR,jj_l_dR,0.04088226021163104,0.022171897710159223,0.01871036250147182
1415,WW_mT,ak4_jet2_eta,0.02487599607779084,0.006169327191194743,0.018706668886596098
121,ak4_jet0_pt,jj_lnu_dPhi,0.026398309998648763,0.007735371218703633,0.01866293877994513
902,min_b_l_dR,bb_lnu_dEta,0.0261860771521615,0.007741746208530978,0.018444330943630523
566,WW_pt,WW_mT,0.10101292540054055,0.08256966146384007,0.018443263936700482
496,min_b_lnu_dPhi,trijet_pt_rat,0.04055391881817004,0.022144205038648467,0.018409713779521573
918,min_b_l_dR,bjets_mbb,0.0577200046567253,0.03934969017097426,0.018370314485751035
2096,bjets_dR,bb_lnu_dR,0.03634392560026353,0.017975417438487143,0.01836850816177639
1811,ak4_jet2_eta,trijet_bijet_dEta,0.032660297098365224,0.014303351723822914,0.01835694537454231
812,trijet_pt_rat,bb_lnu_dPhi,0.029318495983536655,0.010994891537632452,0.018323604445904203
117,ak4_jet0_pt,bjets_dPhi,0.02526170631581743,0.00702213646897586,0.01823956984684157
1507,trijet_mInv,jj_lnu_dPhi,0.02011505248495049,0.0018834711837822996,0.01823158130116819
2034,all_jets_HT,bjets_dEta,0.01866533611484538,0.0004607011039260145,0.018204635010919366
2014,WW_mInv,bjets_dR,0.019223443210263126,0.0010295307752724338,0.018193912434990692
1151,blnu_lnu_mT,bb_lnu_dR,0.021287223471478413,0.0031312938825621417,0.01815592958891627
1483,trijet_mInv,bjet1_pt,0.044300250237796206,0.026163115041724742,0.018137135196071463
1957,trijet_bijet_dPhi,WW_mInv,0.050141950556481844,0.06826695823285694,0.0181250076763751
1707,ak4_jet0_eta,bjets_pt_bb,0.018164859989251745,5.084316861886373e-05,0.01811401682063288
503,min_b_lnu_dPhi,blnu_lnu_mT,0.020443644520478917,0.0023835384717345413,0.018060106048744376
2086,bjets_dPhi,bb_lnu_dR,0.03542257789511989,0.017393518991640843,0.01802905890347905
877,min_b_l_dR,trijet_pt,0.03800837988064257,0.05598331752727131,0.01797493764662874
1892,ak4_jet1_phi,ak4_jet2_phi,0.02465923469381865,0.0067102408868043376,0.017948993807014313
201,ak4_jet2_bscore,trijet_pt_rat,0.01992280043094958,0.001985398764176343,0.017937401666773236
540,min_b_lnu_dPhi,trijet_bijet_dEta,0.024050423882082398,0.006116105466931771,0.017934318415150627
1354,ak4_jet3_bscore,bjets_dR,0.02045962438124796,0.0025418975582626735,0.017917726822985286
431,lep0_pt,bjets_pt_bb,0.02480121721902106,0.006908130445303331,0.017893086773717728
803,trijet_pt_rat,all_jets_HT,0.014548236717400093,0.03243134136011845,0.017883104642718358
1390,jj_l_dEta,met_pt,0.01817059014698129,0.000299499720801729,0.01787109042617956
422,lep0_pt,bjets_dPhi,0.018089065568925766,0.0002637189777877913,0.017825346591137974
615,bjet_bijet_dPhi,jj_lnu_dEta,0.0187705708916855,0.0010019185580188925,0.017768652333666608
1750,ak4_jet1_eta,WW_mInv,0.026093738447502814,0.008333135396688836,0.017760603050813978
819,ak4_jet0_bscore,min_b_l_dR,0.018242077569791196,0.0005149403875935356,0.01772713718219766
1991,mjj,blnu_pt,0.04058714780833352,0.022889185681123178,0.017697962127210344
922,ak4_jet3_pt,trijet_bijet_dR,0.03719968630345863,0.01951122165890445,0.01768846464455418
1404,WW_mT,blnu_bl_mInv,0.03633158376415735,0.018650747070034758,0.01768083669412259
974,all_pt,trijet_pt,0.020337598703166683,0.002662638769367273,0.01767495993379941
659,bjet_bijet_dPhi,blnu_pt,0.05688426331845828,0.03921691139415277,0.017667351924305505
2,bjet0_pt,ak4_jet2_bscore,0.041531662607791564,0.0238702670746452,0.017661395533146364
1106,trijet_bijet_dR,bb_lnu_dR,0.08922651009733151,0.07157054634330551,0.017655963754026005
2103,all_sT,bjets_dEta,0.017977667646245966,0.00032870185815471464,0.01764896578809125
807,trijet_pt_rat,bjets_dPhi,0.09505537311587281,0.07740678229959952,0.01764859081627329
1506,trijet_mInv,trijet_bijet_dEta,0.054398286410031804,0.03686447845619623,0.01753380795383557
2114,trijet_bijet_dEta,bjets_pt_bb,0.01881970309734163,0.0012890073867217154,0.017530695710619916
728,all_mT,WW_mT,0.5495061778265108,0.567030077481421,0.01752389965491019
1673,bjet1_pt,bb_lnu_dPhi,0.01985375695029473,0.0023374879508184267,0.017516268999476302
928,ak4_jet3_pt,ak4_jet3_bscore,0.045902140966802604,0.028386128706970545,0.01751601225983206
719,all_mT,jj_l_dPhi,0.02754760808674461,0.010058479724296694,0.017489128362447915
1968,trijet_bijet_dPhi,bjets_dEta,0.017987867964579275,0.0005170056725183753,0.0174708622920609
708,ak4_jet2_pt,bjets_dEta,0.01780960142445428,0.0003873884794186322,0.017422212945035646
1270,trijet_pt,met_pt,0.0985918142790852,0.08123159367646546,0.01736022060261974
343,min_b_l_dPhi,bjet1_pt,0.023481900395880728,0.006141623989099898,0.01734027640678083
376,lep0_pt,min_b_lnu_dPhi,0.01965976478829693,0.002359646671655946,0.017300118116640985
1058,jj_l_dPhi,bjets_dEta,0.017323525353575956,4.78938888846675e-05,0.01727563146469129
1706,ak4_jet0_eta,bb_lnu_dR,0.02548076271509604,0.008217682392632788,0.01726308032246325
123,ak4_jet0_pt,bjets_dEta,0.017747801442775865,0.0005167749187169821,0.017231026524058883
801,trijet_pt_rat,bb_lnu_dEta,0.01986121731239935,0.0026308805101419343,0.017230336802257416
1826,ak4_jet3_eta,mjj,0.021942442289512535,0.004800472984041536,0.017141969305471
216,ak4_jet2_bscore,blnu_bl_mInv,0.018409142849355523,0.0012975052871671347,0.01711163756218839
1647,bjet_bijet_dEta,bjets_mbb,0.019419555994509795,0.002342661594132992,0.017076894400376803
1027,jj_l_dPhi,trijet_mInv,0.01847802280466633,0.0014098179578507335,0.017068204846815597
641,bjet_bijet_dPhi,mjj,0.019758365758989642,0.0027367919589690766,0.017021573800020565
1115,blnu_lnu_mT,jj_l_dEta,0.01740088493010604,0.0003857978916337809,0.01701508703847226
67,ak4_jet0_pt,ak4_jet1_bscore,0.02072645137375459,0.0037517676314756596,0.01697468374227893
436,ak4_jet1_pt,bjet_bijet_dPhi,0.019367147179120515,0.0024014176806983374,0.016965729498422177
377,lep0_pt,WW_pt,0.025094767420658547,0.008184494000111203,0.016910273420547343
474,ak4_jet1_pt,bb_lnu_dEta,0.017752052953747335,0.0008675271591710026,0.016884525794576333
1137,blnu_lnu_mT,bb_lnu_dEta,0.018091445254464857,0.001302322768275764,0.016789122486189093
144,all_mInv,jj_l_dPhi,0.026947432576090388,0.01027484876508995,0.016672583811000438
486,ak4_jet1_pt,bjets_dEta,0.017233653032440045,0.0005716904023367678,0.016661962630103277
26,bjet0_pt,WW_mT,0.03044377172395051,0.013793949287724297,0.01664982243622621
2013,WW_mInv,bjets_dPhi,0.01757910974465803,0.0009300771142639608,0.016649032630394068
2021,WW_mInv,bb_lnu_dR,0.04038700183344227,0.02375050864233219,0.01663649319111008
832,ak4_jet0_bscore,blnu_bl_mInv,0.01917671825628921,0.002559151217166645,0.016617567039122566
195,ak4_jet2_bscore,ak4_jet1_pt,0.025372620490185065,0.008779402794878047,0.016593217695307017
2033,all_jets_HT,bb_lnu_dPhi,0.02085273808635706,0.037424039487088126,0.016571301400731066
614,bjet_bijet_dPhi,blnu_lnu_mT,0.031216817753124262,0.014669673535799066,0.016547144217325196
277,ak4_jet1_bscore,blnu_bl_mInv,0.018283501076406725,0.001785757529241816,0.01649774354716491
104,ak4_jet0_pt,nAK4,0.006634530788587445,0.02311618993161219,0.016481659143024744
1181,jj_lnu_dEta,bb_lnu_dEta,0.04901849764965084,0.06549123794721637,0.016472740297565527
611,bjet_bijet_dPhi,all_pt,0.016660952961295383,0.00021859543854240576,0.016442357522752978
1215,jj_lnu_dR,ak4_jet2_eta,0.01954112286806611,0.003107348770371325,0.016433774097694785
153,all_mInv,WW_mT,0.5472047941544658,0.5636322914531875,0.016427497298721727
787,trijet_pt_rat,bjet1_pt,0.02339011573132663,0.006997846103698774,0.016392269627627857
1568,nAK4_nonbtag,all_jets_HT,0.06566841999920164,0.08204900106118149,0.016380581061979843
61,bjet0_pt,bb_lnu_dR,0.02328435570144817,0.006912703673096449,0.01637165202835172
309,ak4_jet1_bscore,bjets_dEta,0.016693342748845534,0.00032544613804086006,0.016367896610804674
885,min_b_l_dR,nAK4_nonbtag,0.018909911132610098,0.0025433784594247697,0.01636653267318533
1063,jj_l_dPhi,blnu_pt,0.10359709983073082,0.08723425645660207,0.016362843374128744
2055,met_pt,bjets_dPhi,0.016650786379153376,0.0002928518328769933,0.016357934546276383
249,ak4_jet2_bscore,bjet_bijet_dR,0.017035010984969443,0.0007161628250269836,0.01631884815994246
2018,WW_mInv,bb_lnu_dPhi,0.04136777134576045,0.02504999960895326,0.016317771736807193
605,bjet_bijet_dPhi,ak4_jet2_pt,0.017834650756805858,0.0015172336781435064,0.01631741707866235
1684,ak4_jet0_eta,ak4_jet3_eta,0.0455445039089835,0.02929932028129046,0.01624518362769304
1117,blnu_lnu_mT,blnu_bl_mInv,0.03507784861890609,0.018847481470592793,0.016230367148313295
572,WW_pt,bjet_bijet_dEta,0.017372127965428336,0.0011429666498059196,0.016229161315622416
767,trijet_pt_rat,ak4_jet0_bscore,0.016918129384284733,0.0007302786910005701,0.016187850693284163
1482,trijet_mInv,bjet_bijet_dEta,0.0964704082594887,0.11260161748578998,0.016131209226301277
124,ak4_jet0_pt,bjet_bijet_dR,0.026538984418137557,0.010415482289972949,0.01612350212816461
1,bjet0_pt,all_mInv,0.08821439665946318,0.07211584831025666,0.016098548349206515
2081,bjets_dPhi,trijet_bijet_dEta,0.017350723750627583,0.0013229847042402522,0.01602773904638733
1623,bjet_bijet_dEta,ak4_jet3_eta,0.024867405592651798,0.008846059652748837,0.01602134593990296
1641,bjet_bijet_dEta,jj_lnu_dPhi,0.018076746183455235,0.002072290954974774,0.01600445522848046
165,all_mInv,ak4_jet2_eta,0.024346987574661836,0.00843609170424493,0.015910895870416907
329,min_b_l_dPhi,blnu_lnu_mT,0.0185130693568621,0.002608851713773206,0.015904217643088893
1646,bjet_bijet_dEta,bjets_pt_bb,0.01746190064281962,0.0015923817007965427,0.015869518942023077
911,min_b_l_dR,trijet_bijet_dEta,0.023508527533085136,0.0076423881416792724,0.015866139391405864
1651,bjet1_pt,ak4_jet1_eta,0.016041372055254403,0.00020688067665971047,0.015834491378594693
1062,jj_l_dPhi,bjets_mbb,0.017270937922461836,0.0014405455914104116,0.015830392331051425
1282,trijet_pt,bjets_mbb,0.06958312415716739,0.08541304861641069,0.015829924459243305
203,ak4_jet2_bscore,min_b_l_dR,0.017228176386384318,0.0013999690150165688,0.01582820737136775
2042,bjets_mean_pt,bjets_dPhi,0.04739528351693449,0.03160518396452948,0.015790099552405013
1704,ak4_jet0_eta,bjets_dEta,0.023543563556696314,0.0077715605281726205,0.015772003028523694
1373,jj_l_dEta,ak4_jet0_eta,0.036298159620103514,0.05205096319640124,0.015752803576297728
1349,ak4_jet3_bscore,all_jets_HT,0.02685320674229431,0.011104304838586756,0.015748901903707556
60,bjet0_pt,bjet_bijet_dR,0.02009110369580509,0.004342578742053606,0.015748524953751484
1436,WW_mT,bjets_dEta,0.01649384146134324,0.0007497994357884494,0.01574404202555479
173,all_mInv,mjj,0.16117487657930887,0.14543722849670065,0.01573764808260822
204,ak4_jet2_bscore,ak4_jet3_pt,0.0243068447838338,0.008572112636387609,0.015734732147446192
2099,bjets_dR,blnu_pt,0.03278973609557294,0.017060534206593685,0.015729201888979253
1309,jj_l_dR,all_jets_HT,0.019799486212567725,0.004114782438447831,0.015684703774119894
507,min_b_lnu_dPhi,jj_l_dR,0.023555699588588275,0.007925949360769461,0.015629750227818814
711,ak4_jet2_pt,bjets_pt_bb,0.07481367531098689,0.05920538080465879,0.015608294506328092
2082,bjets_dPhi,jj_lnu_dPhi,0.04333338414419534,0.027760387733714764,0.015572996410480575
949,ak4_jet3_pt,trijet_bijet_dPhi,0.032058909263784116,0.0164873014113314,0.015571607852452717
312,ak4_jet1_bscore,bjets_pt_bb,0.017383163743958242,0.0018436288952037964,0.015539534848754446
1801,ak4_jet2_eta,mjj,0.020098467284237493,0.004613454780757503,0.01548501250347999
740,all_mT,ak4_jet2_eta,0.023902086661748628,0.008460098207717877,0.01544198845403075
781,trijet_pt_rat,blnu_bl_mInv,0.016107778138285022,0.0006995617030208616,0.01540821643526416
770,trijet_pt_rat,all_pt,0.015850471048512307,0.00048570822926907037,0.015364762819243236
1321,jj_l_dR,bb_lnu_dR,0.02552396146981982,0.010178907477362602,0.015345053992457218
1172,jj_lnu_dEta,ak4_jet2_eta,0.06155786549360909,0.04622375383310137,0.015334111660507715
931,ak4_jet3_pt,blnu_bl_mInv,0.021558176583683312,0.00623425482632272,0.015323921757360592
1988,mjj,bb_lnu_dR,0.024240333690694907,0.00903651065711631,0.015203823033578596
2065,met_pt,bjets_mbb,0.01681483529369981,0.001638711130374091,0.01517612416332572
1441,WW_mT,blnu_pt,0.20239171362970404,0.21756564419900776,0.015173930569303717
852,ak4_jet0_bscore,bb_lnu_dEta,0.01587416584509784,0.0007071792684455701,0.015166986576652271
1637,bjet_bijet_dEta,bjets_dPhi,0.015634463478990043,0.000473098056900996,0.015161365422089047
1184,jj_lnu_dEta,bjets_mean_pt,0.015334294985405242,0.00022373021085089415,0.015110564774554348
11,bjet0_pt,all_mT,0.08765880284404101,0.07256596654852564,0.015092836295515374
1748,ak4_jet1_eta,mjj,0.020087269934143698,0.005025557859411837,0.015061712074731861
1413,WW_mT,ak4_jet1_eta,0.022564513484058468,0.007505308266827233,0.015059205217231236
830,ak4_jet0_bscore,jj_l_dEta,0.01580523763836624,0.0007471238767031395,0.015058113761663102
269,ak4_jet1_bscore,blnu_lnu_mT,0.01596897162742346,0.000923905243801721,0.015045066383621738
515,min_b_lnu_dPhi,nAK4_btag,0.016006807449115174,0.0009628136235877716,0.015043993825527402
815,trijet_pt_rat,bb_lnu_dR,0.022939848180853598,0.007942547955220168,0.01499730022563343
360,min_b_l_dPhi,bjets_mean_pt,0.02666510089730564,0.011679308472059712,0.014985792425245928
1808,ak4_jet2_eta,bjets_dPhi,0.01496257209330911,2.292518873166227e-05,0.014939646904577449
227,ak4_jet2_bscore,ak4_jet2_eta,0.0288176646554525,0.013893333615484244,0.014924331039968257
323,min_b_l_dPhi,ak4_jet0_bscore,0.01813766320861761,0.0032589584819339885,0.014878704726683623
213,ak4_jet2_bscore,ak4_jet3_bscore,0.028939002727467744,0.014067845906987862,0.014871156820479882
874,min_b_l_dR,blnu_lnu_mT,0.021177390755963154,0.006312674817623685,0.01486471593833947
1974,mjj,bb_lnu_dEta,0.014982918880594824,0.00013265353924963447,0.01485026534134519
1401,jj_l_dEta,bjets_pt_bb,0.015017451416713703,0.00018632674472335992,0.014831124671990343
299,ak4_jet1_bscore,all_jets_HT,0.020725478780033425,0.0059037929404418404,0.014821685839591585
310,ak4_jet1_bscore,bjet_bijet_dR,0.015233598088646012,0.00045060580673653844,0.014782992281909473
1201,jj_lnu_dR,ak4_jet3_bscore,0.017223242497443586,0.002483124413454274,0.014740118083989312
2060,met_pt,bb_lnu_dPhi,0.01728399884044312,0.0025452725356146164,0.014738726304828503
794,trijet_pt_rat,nAK4,0.026174039013060584,0.04090327682398848,0.014729237810927893
1788,lep0_phi,bjets_dEta,0.014719850269879431,5.023827339169229e-06,0.014714826442540262
295,ak4_jet1_bscore,trijet_bijet_dPhi,0.018461929017196992,0.003755705615444669,0.014706223401752323
450,ak4_jet1_pt,jj_l_dR,0.017801859128464326,0.003100814253753026,0.0147010448747113
1256,trijet_pt,lep0_phi,0.014685671511979442,6.929422842021082e-06,0.014678742089137421
673,ak4_jet2_pt,ak4_jet3_bscore,0.027435475185451415,0.012767391822643841,0.014668083362807574
535,min_b_lnu_dPhi,met_pt,0.016114404764360872,0.001448416823046781,0.014665987941314091
748,all_mT,mjj,0.16008943997660727,0.1454276070048595,0.014661832971747779
1636,bjet_bijet_dEta,blnu_mT,0.015604264469303193,0.0009764251826245504,0.014627839286678643
1241,jj_lnu_dR,blnu_pt,0.10374976914871664,0.08912938940502307,0.014620379743693568
1000,all_pt,WW_mInv,0.018129190004230775,0.003546485259113989,0.014582704745116786
1690,ak4_jet0_eta,trijet_bijet_dPhi,0.014779459292849496,0.00020400828858899156,0.014575451004260505
1764,ak4_jet1_eta,bjets_pt_bb,0.014576565244481778,2.7665448309892315e-05,0.014548899796171886
1136,blnu_lnu_mT,mjj,0.024617840144194113,0.010104382187048556,0.014513457957145558
289,ak4_jet1_bscore,ak4_jet3_eta,0.014695784689038073,0.00018383832787112475,0.014511946361166948
1392,jj_l_dEta,bjets_dPhi,0.014512360432758942,2.934887461748109e-05,0.01448301155814146
639,bjet_bijet_dPhi,lep0_eta,0.0145322991993268,5.9948092397364705e-05,0.014472351106929435
2125,bb_lnu_dPhi,bjet_bijet_dR,0.022853206685563985,0.008471817788551758,0.014381388897012227
610,bjet_bijet_dPhi,ak4_jet3_pt,0.014958997713626729,0.000595224681856861,0.014363773031769868
358,min_b_l_dPhi,WW_mInv,0.0192819810534942,0.0049187015119488975,0.014363279541545301
1836,ak4_jet3_eta,trijet_bijet_dEta,0.029876996727176874,0.01551667103699246,0.014360325690184413
366,min_b_l_dPhi,trijet_bijet_dEta,0.01720283188583773,0.0028450953419801132,0.014357736543857618
1913,ak4_jet1_phi,blnu_pt,0.014332601057771704,5.5143165021281915e-06,0.014327086741269576
2063,met_pt,bb_lnu_dR,0.016317620503455615,0.0020275528611327157,0.0142900676423229
1952,lep0_eta,bjets_pt_bb,0.01433579538758277,4.615246400865164e-05,0.014289642923574118
271,ak4_jet1_bscore,jj_lnu_dR,0.015265350134339824,0.0009814971759535933,0.014283852958386231
2140,bb_lnu_dR,bjets_mbb,0.02218950362912993,0.007919931031010689,0.014269572598119243
208,ak4_jet2_bscore,blnu_lnu_mT,0.014808486596433919,0.0005477532700968041,0.014260733326337115
356,min_b_l_dPhi,mjj,0.01605789998488937,0.0018019581710612895,0.014255941813828079
2112,trijet_bijet_dEta,bjet_bijet_dR,0.14412031706970746,0.12986969284250924,0.014250624227198222
448,ak4_jet1_pt,jj_lnu_dR,0.01672973933185619,0.002489327387260945,0.014240411944595244
1416,WW_mT,ak4_jet3_eta,0.019752507276937416,0.005531148995682345,0.014221358281255071
883,min_b_l_dR,trijet_mInv,0.020303046907227007,0.006090324264957224,0.014212722642269783
2118,jj_lnu_dPhi,bjets_dEta,0.01427472032243236,7.301431405073999e-05,0.01420170600838162
1129,blnu_lnu_mT,ak4_jet3_eta,0.01424468197475897,4.8507608113118605e-05,0.014196174366645851
1079,trijet_bijet_dR,ak4_jet0_eta,0.017869114639453457,0.0036753491118424325,0.014193765527611025
87,ak4_jet0_pt,jj_l_dR,0.019382006116364116,0.0051941032609096605,0.014187902855454456
1346,ak4_jet3_bscore,mjj,0.022772972929696936,0.00859306198853579,0.014179910941161146
1983,mjj,trijet_bijet_dEta,0.01880274300974138,0.004652651772145185,0.014150091237596196
838,ak4_jet0_bscore,bjet1_pt,0.05135081259618132,0.03720214178119828,0.014148670814983041
1955,trijet_bijet_dPhi,mjj,0.027284707622992843,0.01314167301816608,0.014143034604826764
544,min_b_lnu_dPhi,bjet_bijet_dR,0.027531806222822496,0.013420142641843782,0.014111663580978713
1236,jj_lnu_dR,bjets_dEta,0.016411456863830148,0.0023505537695847276,0.01406090309424542
964,ak4_jet3_pt,bjet_bijet_dR,0.016002876959958945,0.0019483917606405686,0.014054485199318376
1183,jj_lnu_dEta,all_jets_HT,0.016787633864336193,0.0027340208492991624,0.01405361301503703
1985,mjj,bb_lnu_dPhi,0.023275723536749473,0.009223681242906151,0.014052042293843322
2113,trijet_bijet_dEta,bb_lnu_dR,0.056040008310210124,0.041989978546456114,0.01405002976375401
2124,bb_lnu_dPhi,bjets_dEta,0.014140213507213582,0.00017566912016864916,0.013964544387044933
254,ak4_jet1_bscore,min_b_l_dPhi,0.015013753967098805,0.0010523335563946308,0.013961420410704174
109,ak4_jet0_pt,trijet_bijet_dPhi,0.05437887986182631,0.04044226237694942,0.013936617484876887
823,ak4_jet0_bscore,trijet_bijet_dR,0.08776933033693496,0.07383752018417714,0.013931810152757823
1031,jj_l_dPhi,bjet_bijet_dEta,0.016033020869072153,0.0021100328116479966,0.013922988057424156
485,ak4_jet1_pt,bb_lnu_dPhi,0.0183167427136593,0.032223143450656286,0.013906400736996987
256,ak4_jet1_bscore,ak4_jet1_pt,0.023982807862129567,0.010084336516174037,0.01389847134595553
1945,lep0_eta,all_sT,0.014516474137707413,0.0006321231320903994,0.013884351005617013
996,all_pt,lep0_eta,0.01418120197905931,0.0003019109359109276,0.013879291043148383
1128,blnu_lnu_mT,ak4_jet2_eta,0.01402315668909574,0.00014704560932579658,0.013876111079769944
1876,met_phi,all_jets_HT,0.01387861187673185,5.024695101336907e-06,0.013873587181630512
1190,jj_lnu_dEta,trijet_bijet_dEta,0.08638469571396953,0.07251664896320568,0.013868046750763849
1033,jj_l_dPhi,ak4_jet0_eta,0.013887642550096599,4.8457555908570926e-05,0.013839184994188028
361,min_b_l_dPhi,met_pt,0.01435451453905225,0.0005157004534695198,0.01383881408558273
518,min_b_lnu_dPhi,ak4_jet0_eta,0.013863637974169628,5.198175233180752e-05,0.013811656221837821
536,min_b_lnu_dPhi,blnu_mT,0.018290356612400735,0.004484608420886136,0.013805748191514599
2004,bb_lnu_dEta,bjet_bijet_dR,0.017855844899564564,0.004061545945176815,0.01379429895438775
1702,ak4_jet0_eta,jj_lnu_dPhi,0.013788967104015927,7.549956246973022e-06,0.013781417147768954
1585,nAK4_btag,bjet1_pt,0.02982995070594746,0.016050847916853378,0.013779102789094083
746,all_mT,lep0_eta,0.017965599640832504,0.004195770379634811,0.013769829261197693
661,ak4_jet2_pt,trijet_pt_rat,0.02222658458086365,0.008514980387049821,0.013711604193813828
313,ak4_jet1_bscore,bjets_mbb,0.02440908442182866,0.01070422696019711,0.01370485746163155
1619,bjet_bijet_dEta,ak4_jet3_phi,0.013708926290976389,4.606765293672932e-06,0.013704319525682716
709,ak4_jet2_pt,bjet_bijet_dR,0.01905852309911985,0.0053565871925094245,0.013701935906610424
1424,WW_mT,bb_lnu_dEta,0.01417130293680819,0.00047487219618048276,0.013696430740627707
1951,lep0_eta,bb_lnu_dR,0.01433817615602144,0.0006509437002695032,0.013687232455751937
302,ak4_jet1_bscore,blnu_mT,0.015342395087971621,0.0016598916315570707,0.01368250345641455
210,ak4_jet2_bscore,jj_lnu_dR,0.015565684331643428,0.0018858067685515977,0.01367987756309183
251,ak4_jet2_bscore,bjets_pt_bb,0.01759979443199618,0.003923186621598938,0.013676607810397243
2057,met_pt,all_sT,0.1412240855841337,0.12755455887933814,0.01366952670479557
2041,bjets_mean_pt,blnu_mT,0.15623272168346225,0.14256340573193582,0.013669315951526428
1175,jj_lnu_dEta,met_phi,0.01366568232657741,7.707940406408154e-06,0.013657974386171001
286,ak4_jet1_bscore,ak4_jet1_eta,0.02670257284563419,0.013049402732983988,0.0136531701126502
2085,bjets_dPhi,bjet_bijet_dR,0.10332414113697974,0.08967329619555203,0.013650844941427709
696,ak4_jet2_pt,bb_lnu_dEta,0.013873105868827056,0.00022743101704476854,0.013645674851782287
2123,jj_lnu_dPhi,blnu_pt,0.1335271631647642,0.1471639822056412,0.01363681904087699
2001,bb_lnu_dEta,jj_lnu_dPhi,0.01776727849176557,0.004153574749983777,0.013613703741781794
1124,blnu_lnu_mT,ak4_jet0_eta,0.014636729271394457,0.001023091955271456,0.013613637316123
1110,blnu_lnu_mT,jj_lnu_dEta,0.015656208488791092,0.0020543445802284344,0.013601863908562658
720,all_mT,trijet_bijet_dR,0.0243436372639715,0.03793719436707223,0.013593557103100729
232,ak4_jet2_bscore,ak4_jet2_phi,0.013697475622829906,0.00010966085763174094,0.013587814765198165
1936,lep0_eta,mjj,0.013650408505921478,6.870199141403854e-05,0.013581706514507439
416,lep0_pt,bb_lnu_dEta,0.01507107493726595,0.00149084070371968,0.01358023423354627
1355,ak4_jet3_bscore,all_sT,0.02232946307771883,0.00875108492195589,0.01357837815576294
1885,met_phi,bb_lnu_dPhi,0.013575888555745291,7.169250915484149e-06,0.013568719304829807
461,ak4_jet1_pt,ak4_jet0_eta,0.01365103065088489,9.257945464914707e-05,0.013558451196235742
1474,blnu_bl_mInv,bjet_bijet_dR,0.01658916197907215,0.0030340553912611354,0.013555106587811016
14,bjet0_pt,min_b_l_dR,0.016085855748426314,0.029633308968892408,0.013547453220466094
741,all_mT,ak4_jet3_eta,0.02019041573762327,0.006643679877490611,0.01354673586013266
1755,ak4_jet1_eta,bjets_dPhi,0.013640916406676879,9.87228335903173e-05,0.013542193573086562
865,ak4_jet0_bscore,bjet_bijet_dR,0.014950301895421476,0.0014100475518907009,0.013540254343530775
1650,bjet1_pt,ak4_jet3_phi,0.01354635872035008,6.675492846018594e-06,0.013539683227504061
581,WW_pt,met_phi,0.013539900563318434,8.24887647613709e-06,0.013531651686842297
999,all_pt,bb_lnu_dEta,0.013629177659608863,0.00010983045501684191,0.013519347204592021
248,ak4_jet2_bscore,bjets_dEta,0.013607316468364307,0.00012088728482920891,0.013486429183535098
2036,all_jets_HT,bb_lnu_dR,0.026562089778715586,0.04003346219559632,0.013471372416880737
1743,ak4_jet1_eta,met_phi,0.013472280472778212,9.65964292237026e-06,0.013462620829855842
1939,lep0_eta,all_jets_HT,0.01369551189562061,0.0002776185336875875,0.013417893361933022
1188,jj_lnu_dEta,bjets_dR,0.015377606284316406,0.001962617586423635,0.01341498869789277
371,min_b_l_dPhi,bb_lnu_dR,0.05373595519115726,0.040328721290763744,0.013407233900393514
873,min_b_l_dR,trijet_bijet_dR,0.02859374037774348,0.01520399141211351,0.013389748965629968
1036,jj_l_dPhi,lep0_phi,0.013384355033835935,1.0571638842611641e-05,0.013373783394993323
166,all_mInv,ak4_jet3_eta,0.01999333629681974,0.00662768168479148,0.013365654612028259
1812,ak4_jet2_eta,jj_lnu_dPhi,0.013446132303341515,8.258762213565057e-05,0.013363544681205864
986,all_pt,ak4_jet0_eta,0.013953798977780135,0.0006083606710327108,0.013345438306747424
1638,bjet_bijet_dEta,bjets_dR,0.01980461864005628,0.006460262775466803,0.013344355864589475
963,ak4_jet3_pt,bjets_dEta,0.013475303213910616,0.00013099080890790343,0.013344312405002712
101,ak4_jet0_pt,lep0_phi,0.013348136497083867,5.301257570554385e-06,0.013342835239513313
258,ak4_jet1_bscore,WW_pt,0.016805444354900997,0.0034637374602834482,0.013341706894617548
897,min_b_l_dR,ak4_jet1_phi,0.013334020351863537,5.907277085936968e-06,0.0133281130747776
59,bjet0_pt,bjets_dEta,0.014381329463104477,0.0010582118567825163,0.01332311760632196
1331,ak4_jet3_bscore,nAK4_btag,0.03847389428206747,0.025155852171208345,0.013318042110859123
35,bjet0_pt,ak4_jet3_phi,0.013315569941602157,4.709207366900003e-06,0.013310860734235257
1196,jj_lnu_dEta,bjets_pt_bb,0.013621122256197802,0.0003243082812535193,0.013296813974944283
1389,jj_l_dEta,bjets_mean_pt,0.01342338326182882,0.00013657940523448958,0.01328680385659433
1149,blnu_lnu_mT,bjets_dEta,0.013352665006278845,6.698396012898289e-05,0.013285681046149862
151,all_mInv,ak4_jet3_bscore,0.018496851685035415,0.005213630028587789,0.013283221656447627
864,ak4_jet0_bscore,bjets_dEta,0.013902146308867967,0.0006288754258268782,0.013273270883041088
20,bjet0_pt,jj_lnu_dEta,0.013475218856023832,0.00021101908728680605,0.013264199768737026
859,ak4_jet0_bscore,bjets_dR,0.020635192545190844,0.007383478398573038,0.013251714146617806
1697,ak4_jet0_eta,blnu_mT,0.016514131995017996,0.003278249203767191,0.013235882791250805
1659,bjet1_pt,lep0_eta,0.013317116443927097,8.143440400396745e-05,0.01323568203992313
677,ak4_jet2_pt,trijet_mInv,0.1150573334755404,0.1018222328713699,0.013235100604170491
1266,trijet_pt,bb_lnu_dEta,0.014049982255969002,0.0008371831879023552,0.013212799068066647
1013,all_pt,bb_lnu_dR,0.01674520539334696,0.003533707912935377,0.013211497480411581
2032,all_jets_HT,jj_lnu_dPhi,0.019392952856279295,0.006204472169570433,0.013188480686708862
452,ak4_jet1_pt,jj_l_dEta,0.01382214008197168,0.0006416588464442166,0.013180481235527463
2130,bjets_dEta,bjet_bijet_dR,0.023434285300317645,0.010254028792998967,0.013180256507318678
1708,ak4_jet0_eta,bjets_mbb,0.015641676873097525,0.0024707148819089406,0.013170961991188584
1687,ak4_jet0_eta,ak4_jet1_phi,0.013165123041947557,8.099444191153604e-06,0.013157023597756404
1012,all_pt,bjet_bijet_dR,0.013676114983038855,0.0005201567540878728,0.013155958228950982
1901,ak4_jet1_phi,blnu_mT,0.01316270325441321,8.076568048673294e-06,0.013154626686364537
198,ak4_jet2_bscore,bjet_bijet_dPhi,0.01355827240190936,0.00040911770303304895,0.01314915469887631
642,bjet_bijet_dPhi,bb_lnu_dEta,0.0244319558247184,0.011285274713224821,0.013146681111493579
1798,ak4_jet2_eta,ak4_jet2_phi,0.01315885225260987,1.4913893556282865e-05,0.013143938359053586
685,ak4_jet2_pt,ak4_jet1_eta,0.01327540493539367,0.00013330452984312152,0.013142100405550548
1995,bb_lnu_dEta,met_pt,0.013977732264401105,0.0008620575537709452,0.01311567471063016
534,min_b_lnu_dPhi,bjets_mean_pt,0.024984305154585666,0.011871240076155969,0.013113065078429697
1792,lep0_phi,bjets_mbb,0.013110249973567283,5.97480040194498e-06,0.013104275173165338
234,ak4_jet2_bscore,trijet_bijet_dPhi,0.020361740813943437,0.007261470426287567,0.01310027038765587
145,all_mInv,trijet_bijet_dR,0.024856133596386103,0.03794708702235411,0.013090953425968006
839,ak4_jet0_bscore,ak4_jet0_eta,0.026763710116831426,0.013673222996434892,0.013090487120396534
413,lep0_pt,lep0_eta,0.01469810729559766,0.0016136605953183426,0.013084446700279317
105,ak4_jet0_pt,met_phi,0.013079226273425164,5.796870961090328e-06,0.013073429402464073
255,ak4_jet1_bscore,lep0_pt,0.01342563447355067,0.0003574027504826653,0.013068231723068004
342,min_b_l_dPhi,bjet_bijet_dEta,0.01332645369156131,0.00025985954479203904,0.013066594146769271
1086,trijet_bijet_dR,met_phi,0.013062597266523299,5.619657057039096e-06,0.01305697760946626
893,min_b_l_dR,ak4_jet2_eta,0.013645183891258326,0.0006113289182661588,0.013033854972992167
1645,bjet_bijet_dEta,bb_lnu_dR,0.015858609303531408,0.0028367689304858515,0.013021840373045556
171,all_mInv,lep0_eta,0.017199918502633454,0.004191652868948598,0.013008265633684856
564,WW_pt,ak4_jet3_bscore,0.015731969039781687,0.002727389041584493,0.013004579998197194
1806,ak4_jet2_eta,met_pt,0.01302659760182276,2.671862805939118e-05,0.012999878973763368
335,min_b_l_dPhi,jj_l_dEta,0.013243888827504088,0.00024457215657161177,0.012999316670932477
338,min_b_l_dPhi,trijet_mInv,0.016642463500053942,0.0036496154160191134,0.012992848084034829
1797,ak4_jet2_eta,ak4_jet1_phi,0.012987678014180996,6.14040709902286e-06,0.012981537607081973
362,min_b_l_dPhi,blnu_mT,0.01788495343578272,0.004913863295704257,0.012971090140078464
1298,jj_l_dR,ak4_jet2_eta,0.015245657377144818,0.0022810947643798762,0.012964562612764942
692,ak4_jet2_pt,ak4_jet2_phi,0.012949723417416955,6.161694943628004e-06,0.012943561722473327
1832,ak4_jet3_eta,blnu_mT,0.014089137181674594,0.0011663601875684278,0.012922776994106166
901,min_b_l_dR,mjj,0.01635014915885094,0.003430225224021345,0.012919923934829596
1981,mjj,bjets_dR,0.014056401807177422,0.0011408177538797318,0.01291558405329769
1445,blnu_bl_mInv,nAK4_btag,0.01696867713621006,0.004063221676707043,0.012905455459503015
287,ak4_jet1_bscore,lep0_phi,0.01290792994313798,5.50016462777525e-06,0.012902429778510204
1378,jj_l_dEta,ak4_jet3_eta,0.03921884679627001,0.02632031028599632,0.01289853651027369
1336,ak4_jet3_bscore,ak4_jet1_eta,0.013146096176933287,0.0002492352341421991,0.012896860942791088
1213,jj_lnu_dR,ak4_jet1_eta,0.01690685148579136,0.004011658961579855,0.012895192524211504
1932,ak4_jet2_phi,bjets_pt_bb,0.012891473943168665,4.94936227170284e-06,0.012886524580896962
1934,ak4_jet2_phi,blnu_pt,0.012883627039077167,6.285801452676765e-06,0.01287734123762449
1167,jj_lnu_dEta,bjet1_pt,0.013056042559472281,0.00019079467088773533,0.012865247888584546
212,ak4_jet2_bscore,jj_l_dR,0.013538495766585789,0.0006783799754572252,0.012860115791128564
39,bjet0_pt,ak4_jet3_eta,0.012990199109459016,0.00013143765302243982,0.012858761456436576
1176,jj_lnu_dEta,ak4_jet1_phi,0.01285525462581787,6.145254905769171e-06,0.0128491093709121
1577,nAK4_nonbtag,bb_lnu_dPhi,0.017417709021695846,0.00458206197905363,0.012835647042642217
576,WW_pt,ak4_jet1_eta,0.012853329668839078,2.221888264837546e-05,0.012831110786190703
626,bjet_bijet_dPhi,nAK4_btag,0.013900955895089037,0.00107190305792923,0.012829052837159807
1731,ak4_jet3_phi,jj_lnu_dPhi,0.012832737956238637,3.928321259699663e-06,0.012828809634978938
205,ak4_jet2_bscore,all_pt,0.012952489860032203,0.00013499493203684293,0.01281749492799536
831,ak4_jet0_bscore,WW_mT,0.05432375202123464,0.06713991956670631,0.012816167545471671
1216,jj_lnu_dR,ak4_jet3_eta,0.014604717852529245,0.0017911350583901808,0.012813582794139064
1875,met_phi,WW_mInv,0.012818423514264928,7.5507668953131435e-06,0.012810872747369615
1653,bjet1_pt,ak4_jet2_eta,0.013066627524690237,0.00026353422517715747,0.012803093299513079
2019,WW_mInv,bjets_dEta,0.013641754703359297,0.0008434639924936871,0.01279829071086561
528,min_b_lnu_dPhi,lep0_eta,0.012807939345388118,2.2576447057186255e-05,0.012785362898330932
419,lep0_pt,bjets_mean_pt,0.01836932671780506,0.005593227865488243,0.012776098852316817
1083,trijet_bijet_dR,ak4_jet2_eta,0.01628698654846405,0.0035218154527105854,0.012765171095753463
395,lep0_pt,WW_mT,0.07324777736229261,0.08599089128704715,0.012743113924754537
1716,ak4_jet3_phi,ak4_jet1_phi,0.01655829596353873,0.0038157237794537724,0.012742572184084956
1377,jj_l_dEta,ak4_jet2_eta,0.043816538591283996,0.0310745084655835,0.012742030125700497
745,all_mT,ak4_jet2_phi,0.012745025649641143,5.1951184945192574e-06,0.012739830531146624
1341,ak4_jet3_bscore,met_phi,0.012744736934461612,7.522232900007697e-06,0.012737214701561604
842,ak4_jet0_bscore,lep0_phi,0.012741228211377291,8.37872816993046e-06,0.01273284948320736
1671,bjet1_pt,trijet_bijet_dEta,0.019058262868457538,0.006326111503726084,0.012732151364731454
470,ak4_jet1_pt,ak4_jet2_phi,0.012735538511121972,5.362303045319816e-06,0.012730176208076652
1978,mjj,met_pt,0.021339535819336147,0.008612535720806037,0.01272700009853011
230,ak4_jet2_bscore,met_phi,0.012731683945260613,5.327750177926138e-06,0.012726356195082687
1654,bjet1_pt,ak4_jet3_eta,0.013218453244643377,0.0004922062663971008,0.012726246978246276
1718,ak4_jet3_phi,lep0_eta,0.012729151507459551,7.075061417768924e-06,0.012722076446041782
3,bjet0_pt,ak4_jet1_bscore,0.04663655263730518,0.0339150768669475,0.012721475770357676
1779,lep0_phi,bjets_mean_pt,0.012721791088191832,6.776393112625789e-06,0.012715014695079206
466,ak4_jet1_pt,ak4_jet3_eta,0.012836352727657444,0.00013831347911988368,0.01269803924853756
1333,ak4_jet3_bscore,bjet1_pt,0.03651518905319601,0.02381731133591807,0.012697877717277938
582,WW_pt,ak4_jet1_phi,0.012702795887008244,5.929633666475198e-06,0.012696866253341769
276,ak4_jet1_bscore,WW_mT,0.015451352166911188,0.0027561796101053804,0.012695172556805807
788,trijet_pt_rat,ak4_jet0_eta,0.012936979031894207,0.00025813119699773235,0.012678847834896475
947,ak4_jet3_pt,ak4_jet2_phi,0.012679535010466137,6.293539509726054e-06,0.012673241470956411
1817,ak4_jet2_eta,bjets_pt_bb,0.012688155095986486,1.688165721062257e-05,0.012671273438775863
34,bjet0_pt,ak4_jet0_eta,0.014065299804787105,0.0014059224360753395,0.012659377368711765
1580,nAK4_nonbtag,bb_lnu_dR,0.016930014496080965,0.004280300033509028,0.012649714462571937
394,lep0_pt,jj_l_dEta,0.014404645009382606,0.001758295996453215,0.012646349012929391
970,all_pt,trijet_bijet_dR,0.013142069687974569,0.0004969689397357618,0.012645100748238807
1782,lep0_phi,bjets_dPhi,0.012643716029282808,6.06533429748507e-06,0.012637650694985323
1776,lep0_phi,bb_lnu_dEta,0.012640308519248356,5.130273190059875e-06,0.012635178246058296
1361,ak4_jet3_bscore,bb_lnu_dR,0.01651174692605081,0.003885487130058398,0.012626259795992412
1046,jj_l_dPhi,bb_lnu_dEta,0.013467315083152711,0.00084485013390391,0.012622464949248801
197,ak4_jet2_bscore,WW_pt,0.015186556446741384,0.0025664079632168775,0.012620148483524506
1016,all_pt,blnu_pt,0.019814947894446863,0.0071950694010951555,0.012619878493351708
1362,ak4_jet3_bscore,bjets_pt_bb,0.015499174846872472,0.0028798364690038707,0.012619338377868602
1807,ak4_jet2_eta,blnu_mT,0.014352989147108676,0.0017359707654455332,0.012617018381663143
1358,ak4_jet3_bscore,bb_lnu_dPhi,0.015704000693892564,0.003092159186567311,0.012611841507325253
451,ak4_jet1_pt,ak4_jet3_bscore,0.019058363722596915,0.006449015256721249,0.012609348465875666
206,ak4_jet2_bscore,jj_l_dPhi,0.013528765240591607,0.0009206601922539213,0.012608105048337686
267,ak4_jet1_bscore,jj_l_dPhi,0.012839782614775492,0.00023371904943756197,0.01260606356533793
792,trijet_pt_rat,ak4_jet2_eta,0.012658331367952625,5.463180956570557e-05,0.01260369955838692
1774,lep0_phi,trijet_bijet_dPhi,0.012608859410313578,5.897715490067734e-06,0.01260296169482351
1925,ak4_jet2_phi,all_sT,0.01259705100164802,6.6643537328173186e-06,0.012590386647915203
1658,bjet1_pt,ak4_jet2_phi,0.012595273925738636,7.127490521244284e-06,0.012588146435217391
1114,blnu_lnu_mT,ak4_jet3_bscore,0.013730950129767248,0.0011489880482456818,0.012581962081521566
1296,jj_l_dR,ak4_jet1_eta,0.015509356794981406,0.002928567093551812,0.012580789701429593
629,bjet_bijet_dPhi,ak4_jet0_eta,0.012729641562977356,0.00015509912725371333,0.012574542435723642
259,ak4_jet1_bscore,bjet_bijet_dPhi,0.012750810729013004,0.00018617075609844366,0.01256463997291456
517,min_b_lnu_dPhi,bjet1_pt,0.019234134618228888,0.006677900145962312,0.012556234472266576
305,ak4_jet1_bscore,all_sT,0.016894157123976142,0.004339017256446167,0.012555139867529975
1873,met_phi,mjj,0.012555357297871526,5.8152404423458814e-06,0.01254954205742918
1909,ak4_jet1_phi,bjet_bijet_dR,0.012548041117907988,5.784990639946808e-06,0.012542256127268041
463,ak4_jet1_pt,ak4_jet1_eta,0.013071208081899738,0.0005375046448254581,0.01253370343707428
1756,ak4_jet1_eta,bjets_dR,0.017570662759681374,0.005037169303667176,0.012533493456014198
1173,jj_lnu_dEta,ak4_jet3_eta,0.049953448429989375,0.03742236474061845,0.012531083689370927
1800,ak4_jet2_eta,trijet_bijet_dPhi,0.012599163197473257,8.494815084730822e-05,0.012514215046625948
1388,jj_l_dEta,all_jets_HT,0.013790212518000135,0.0012848736102117238,0.012505338907788412
2135,bjet_bijet_dR,bb_lnu_dR,0.024349899210949256,0.011844964738217233,0.012504934472732022
1171,jj_lnu_dEta,lep0_phi,0.012505678813443857,6.3693025029593064e-06,0.012499309510940897
1980,mjj,bjets_dPhi,0.01377099984395579,0.0012747971056904298,0.01249620273826536
695,ak4_jet2_pt,mjj,0.07499265156318052,0.06249678083876641,0.012495870724414111
1894,ak4_jet1_phi,trijet_bijet_dPhi,0.012500507958188262,8.150445975102505e-06,0.01249235751221316
365,min_b_l_dPhi,all_sT,0.0215890176232142,0.00910290722174546,0.012486110401468742
637,bjet_bijet_dPhi,ak4_jet1_phi,0.012490547272514495,5.995707171718712e-06,0.012484551565342776
25,bjet0_pt,jj_l_dEta,0.012647457318167427,0.00017727317007150065,0.012470184148095927
2045,bjets_mean_pt,trijet_bijet_dEta,0.017386222248389663,0.0049498482441643205,0.012436374004225342
1345,ak4_jet3_bscore,trijet_bijet_dPhi,0.025036634715586124,0.012605258613764474,0.01243137610182165
1220,jj_lnu_dR,ak4_jet2_phi,0.012429899590140583,5.042199687915749e-06,0.012424857390452668
795,trijet_pt_rat,met_phi,0.012427023668294807,5.184866772547925e-06,0.01242183880152226
1954,lep0_eta,blnu_pt,0.013533489945549804,0.0011118077883008892,0.012421682157248915
139,all_mInv,trijet_pt_rat,0.026389284442256116,0.03880926246471963,0.012419978022463512
1882,met_phi,all_sT,0.012424675828311447,6.418583791904797e-06,0.012418257244519542
240,ak4_jet2_bscore,met_pt,0.0129230852129784,0.000514697622909472,0.012408387590068928
1489,trijet_mInv,ak4_jet3_eta,0.019560786804725117,0.0071557981268627925,0.012404988677862324
1712,ak4_jet3_phi,ak4_jet2_eta,0.012406604405272532,5.800771560156293e-06,0.012400803633712376
1948,lep0_eta,bb_lnu_dPhi,0.012418164243463335,1.8952301964011986e-05,0.012399211941499323
275,ak4_jet1_bscore,jj_l_dEta,0.012663265947308232,0.00028356637149356753,0.012379699575814664
1407,WW_mT,nAK4_nonbtag,0.010883931096906573,0.02325696289132311,0.012373031794416539
161,all_mInv,ak4_jet0_eta,0.03682958397463295,0.02445729635636118,0.01237228761827177
224,ak4_jet2_bscore,ak4_jet3_phi,0.012377180913060299,5.3724851534556195e-06,0.012371808427906843
1465,blnu_bl_mInv,met_pt,0.01721719044633154,0.0048485475257037565,0.012368642920627785
1905,ak4_jet1_phi,trijet_bijet_dEta,0.012372702531771088,6.140470519597208e-06,0.012366562061251491
143,all_mInv,all_pt,0.01640837707386535,0.00404234697370337,0.01236603010016198
796,trijet_pt_rat,ak4_jet1_phi,0.01237183236811874,6.441313220112432e-06,0.012365391054898627
1455,blnu_bl_mInv,met_phi,0.012364620736855864,5.839957218929659e-06,0.012358780779636935
1621,bjet_bijet_dEta,lep0_phi,0.012362458571402883,5.961169788328002e-06,0.012356497401614555
978,all_pt,WW_mT,0.01814509852022095,0.0057934189329065695,0.012351679587314382
344,min_b_l_dPhi,ak4_jet0_eta,0.012403255068871771,5.57160133512688e-05,0.012347539055520503
125,ak4_jet0_pt,bb_lnu_dR,0.0198627833091923,0.03219799655464229,0.012335213245449991
282,ak4_jet1_bscore,bjet_bijet_dEta,0.01264444164193003,0.0003161448591830589,0.01232829678274697
1793,lep0_phi,blnu_pt,0.012330729699530089,6.779569887947756e-06,0.012323950129642141
743,all_mT,met_phi,0.01232502083891249,7.48317629671591e-06,0.012317537662615775
1929,ak4_jet2_phi,bjets_dEta,0.012321029932888531,4.787702215090783e-06,0.01231624223067344
1941,lep0_eta,met_pt,0.012534233263927618,0.00022153039147940548,0.012312702872448213
1391,jj_l_dEta,blnu_mT,0.012586609850109842,0.00027575166557430864,0.012310858184535534
936,ak4_jet3_pt,bjet_bijet_dEta,0.012748098627787436,0.000447467053598348,0.012300631574189088
1359,ak4_jet3_bscore,bjets_dEta,0.012530870727862891,0.00024939910804208654,0.012281471619820804
1126,blnu_lnu_mT,ak4_jet1_eta,0.012741182943862173,0.0004701052183993873,0.012271077725462785
684,ak4_jet2_pt,ak4_jet3_phi,0.012272159699472367,5.3164147623199765e-06,0.012266843284710047
1990,mjj,bjets_mbb,0.013448752988375702,0.0011909643990027328,0.01225778858937297
2061,met_pt,bjets_dEta,0.01227086737636986,1.786567053158744e-05,0.012253001705838273
278,ak4_jet1_bscore,trijet_mInv,0.013795307047388714,0.001548402031800674,0.01224690501558804
1713,ak4_jet3_phi,ak4_jet3_eta,0.01225728515102302,1.3687586759195125e-05,0.012243597564263825
170,all_mInv,ak4_jet2_phi,0.012248409549653776,5.229164970851907e-06,0.012243180384682924
347,min_b_l_dPhi,lep0_phi,0.01224939417893152,8.957746718295245e-06,0.012240436432213224
632,bjet_bijet_dPhi,lep0_phi,0.012238482491848588,5.5444791707062735e-06,0.012232938012677882
1041,jj_l_dPhi,ak4_jet1_phi,0.012234017443499879,6.503890465699158e-06,0.01222751355303418
975,all_pt,jj_l_dR,0.012559515885972192,0.0003335761634688933,0.012225939722503298
736,all_mT,ak4_jet0_eta,0.03664445852505625,0.02442918561774294,0.012215272907313314
410,lep0_pt,met_phi,0.012218359096041888,4.7314391657463095e-06,0.012213627656876141
1449,blnu_bl_mInv,ak4_jet3_phi,0.01221707621432851,4.418502946100522e-06,0.01221265771138241
1931,ak4_jet2_phi,bb_lnu_dR,0.012216862509452586,5.6167349155589186e-06,0.012211245774537027
1037,jj_l_dPhi,ak4_jet2_eta,0.012279812120870932,6.868882527841236e-05,0.01221112329559252
1323,jj_l_dR,bjets_mbb,0.015221229595335253,0.003023525885784365,0.012197703709550888
273,ak4_jet1_bscore,jj_l_dR,0.012500343063451911,0.0003080677669254975,0.012192275296526413
1878,met_phi,met_pt,0.012198249924068188,8.05781525864413e-06,0.012190192108809544
723,all_mT,jj_lnu_dR,0.0366427827005808,0.02445305519772281,0.012189727502857989
1635,bjet_bijet_dEta,met_pt,0.012320052167295197,0.00013046673022765187,0.012189585437067545
459,ak4_jet1_pt,bjet_bijet_dEta,0.014481060994685286,0.0022934602348509588,0.012187600759834327
1177,jj_lnu_dEta,ak4_jet2_phi,0.012191521415024338,5.138184054002959e-06,0.012186383230970335
1888,met_phi,bb_lnu_dR,0.012191417680348215,6.202801924690138e-06,0.012185214878423525
1666,bjet1_pt,met_pt,0.016600653982043346,0.004420192524248634,0.012180461457794712
292,ak4_jet1_bscore,ak4_jet1_phi,0.012306222524556293,0.00013041828778086184,0.012175804236775431
1131,blnu_lnu_mT,met_phi,0.012165172461289914,9.866045054277017e-06,0.012155306416235637
568,WW_pt,trijet_mInv,0.07204284874758693,0.0598929047693715,0.012149943978215429
294,ak4_jet1_bscore,lep0_eta,0.012281496965561217,0.00013483272236292781,0.01214666424319829
1682,ak4_jet0_eta,lep0_phi,0.01214245319598711,8.812067532656953e-06,0.012133641128454453
1760,ak4_jet1_eta,bb_lnu_dPhi,0.012245269493342283,0.0001268140224406772,0.012118455470901606
1617,bjet_bijet_dEta,bjet1_pt,0.013300151366717503,0.001184418687832034,0.01211573267888547
791,trijet_pt_rat,lep0_phi,0.012120919407669552,5.977707544284339e-06,0.012114941700125267
266,ak4_jet1_bscore,all_pt,0.012300205510385402,0.00018860856070437512,0.012111596949681027
1627,bjet_bijet_dEta,ak4_jet2_phi,0.012114641593646953,5.548032464837427e-06,0.012109093561182116
164,all_mInv,lep0_phi,0.012115611408181692,7.839069252189856e-06,0.012107772338929502
1796,ak4_jet2_eta,met_phi,0.012111762139309628,7.567610546287129e-06,0.01210419452876334
726,all_mT,ak4_jet3_bscore,0.017294090801786687,0.0051924110647228565,0.01210167973706383
1927,ak4_jet2_phi,jj_lnu_dPhi,0.01210532159669116,5.755527766271307e-06,0.01209956606892489
1922,ak4_jet2_phi,blnu_mT,0.012102547525590843,5.217673055800398e-06,0.012097329852535043
131,all_mInv,min_b_l_dPhi,0.018600488900161666,0.006508209911739428,0.012092278988422238
471,ak4_jet1_pt,lep0_eta,0.01228193365259752,0.00019239542917795158,0.012089538223419568
989,all_pt,lep0_phi,0.012086873772171547,6.2195363067438225e-06,0.012080654235864803
307,ak4_jet1_bscore,jj_lnu_dPhi,0.01300276446467687,0.0009267663238706238,0.012075998140806246
825,ak4_jet0_bscore,jj_lnu_dEta,0.014333769453209647,0.0022585626969679057,0.012075206756241741
1260,trijet_pt,met_phi,0.012074258523850086,6.5115247990521485e-06,0.012067746999051034
691,ak4_jet2_pt,ak4_jet1_phi,0.01207435930342533,6.649563651067725e-06,0.012067709739774262
1338,ak4_jet3_bscore,ak4_jet2_eta,0.01225459449060931,0.00020026017678789754,0.012054334313821413
1662,bjet1_pt,bb_lnu_dEta,0.01399260890364568,0.0019407571658867293,0.01205185173775895
412,lep0_pt,ak4_jet2_phi,0.0120513346935203,5.717891023722388e-06,0.012045616802496578
462,ak4_jet1_pt,ak4_jet3_phi,0.012047076512552015,5.091886380405308e-06,0.01204198462617161
296,ak4_jet1_bscore,mjj,0.014163708090353548,0.002125291878346827,0.012038416212006721
682,ak4_jet2_pt,bjet1_pt,0.23305303337685637,0.2210280200471807,0.012025013329675677
943,ak4_jet3_pt,ak4_jet3_eta,0.012673419350117884,0.0006485443432245191,0.012024875006893365
575,WW_pt,ak4_jet3_phi,0.012022280135471606,6.795185545825644e-06,0.01201548494992578
1294,jj_l_dR,ak4_jet0_eta,0.018988520931898453,0.006999119734879284,0.011989401197019169
969,all_pt,jj_l_dPhi,0.012397401693855989,0.00040855978474973326,0.011988841909106256
997,all_pt,trijet_bijet_dPhi,0.012288536228087139,0.00031116022017125405,0.011977376007915885
1787,lep0_phi,bb_lnu_dPhi,0.011974192067348625,6.137832758434936e-06,0.01196805423459019
1622,bjet_bijet_dEta,ak4_jet2_eta,0.024464658455041914,0.012498139401297605,0.01196651905374431
1918,ak4_jet2_phi,WW_mInv,0.011971575634234281,5.89312244358986e-06,0.011965682511790691
1339,ak4_jet3_bscore,ak4_jet3_eta,0.027604377211002205,0.015645549150341876,0.011958828060660329
985,all_pt,bjet1_pt,0.012383711117772832,0.0004290754968736196,0.011954635620899212
241,ak4_jet2_bscore,blnu_mT,0.014007678841594491,0.002062566471333918,0.011945112370260573
869,ak4_jet0_bscore,blnu_pt,0.01833443873785593,0.0063922178625429316,0.011942220875312999
1670,bjet1_pt,all_sT,0.09322840605881366,0.10516292256445649,0.011934516505642825
1915,ak4_jet2_phi,trijet_bijet_dPhi,0.011939927107387217,5.824944015388189e-06,0.011934102163371828
1728,ak4_jet3_phi,bjets_dR,0.01193797929148466,4.88633016507839e-06,0.011933092961319582
1924,ak4_jet2_phi,bjets_dR,0.011937530065828067,5.481275625149329e-06,0.011932048790202918
747,all_mT,trijet_bijet_dPhi,0.02477283170320742,0.036704388524339354,0.011931556821131933
1372,jj_l_dEta,bjet1_pt,0.012038236879322275,0.00010956979820552631,0.01192866708111675
1891,met_phi,blnu_pt,0.011913698069011786,7.566901652440727e-06,0.011906131167359345
351,min_b_l_dPhi,met_phi,0.011897057555284363,5.518906222315434e-06,0.011891538649062047
1825,ak4_jet3_eta,trijet_bijet_dPhi,0.011947752501946404,5.7984705845282036e-05,0.011889767796101122
584,WW_pt,lep0_eta,0.011931405356622155,4.538030000163923e-05,0.011886025056620515
1158,jj_lnu_dEta,ak4_jet3_bscore,0.01232863858141348,0.0004459349281501143,0.011882703653263365
262,ak4_jet1_bscore,trijet_pt_rat,0.01394506611626407,0.002063616186956392,0.011881449929307678
520,min_b_lnu_dPhi,ak4_jet1_eta,0.011955127194500564,7.52370111723813e-05,0.011879890183328183
1698,ak4_jet0_eta,bjets_dPhi,0.01217650033216642,0.0003037633670369688,0.01187273696512945
1986,mjj,bjets_dEta,0.01211319875356089,0.0002530995508461531,0.011860099202714736
1898,ak4_jet1_phi,all_jets_HT,0.011856242416818864,6.52813649425904e-06,0.011849714280324605
798,trijet_pt_rat,lep0_eta,0.012062709351902637,0.00021611592272196417,0.011846593429180673
1330,ak4_jet3_bscore,nAK4_nonbtag,0.034440124872213054,0.022593770126202135,0.01184635474601092
172,all_mInv,trijet_bijet_dPhi,0.024900978220222438,0.03674329602992764,0.0118423178097052
1357,ak4_jet3_bscore,jj_lnu_dPhi,0.014615374278046964,0.002774679370507599,0.011840694907539365
1733,ak4_jet3_phi,bjets_dEta,0.011844325671051613,4.142252920162626e-06,0.01184018341813145
1726,ak4_jet3_phi,blnu_mT,0.011843934730281624,5.470211096356148e-06,0.011838464519185268
2073,blnu_mT,bjets_dEta,0.015525495174861955,0.003687370264397128,0.011838124910464827
1084,trijet_bijet_dR,ak4_jet3_eta,0.015884982647609305,0.004050579379356104,0.011834403268253201
1325,ak4_jet3_bscore,jj_l_dEta,0.012062623939423887,0.00022975134779155623,0.011832872591632331
1786,lep0_phi,jj_lnu_dPhi,0.011835243653147476,7.290163660092497e-06,0.011827953489487383
1402,jj_l_dEta,bjets_mbb,0.013326241144946124,0.0015031777071553738,0.01182306343779075
1212,jj_lnu_dR,ak4_jet3_phi,0.01181821715141573,5.342404873487361e-06,0.011812874746542242
226,ak4_jet2_bscore,lep0_phi,0.011815893395241278,7.01501708937069e-06,0.011808878378151907
403,lep0_pt,ak4_jet0_eta,0.011817189305283526,1.3226127059472181e-05,0.011803963178224054
1327,ak4_jet3_bscore,blnu_bl_mInv,0.014620420617587827,0.002822382987776602,0.011798037629811225
1902,ak4_jet1_phi,bjets_dPhi,0.011798143002169633,6.7230364030057554e-06,0.011791419965766627
1351,ak4_jet3_bscore,met_pt,0.012733707087171114,0.0009503831926343763,0.011783323894536738
1783,lep0_phi,bjets_dR,0.01178734652148532,5.294713573689158e-06,0.011782051807911632
1187,jj_lnu_dEta,bjets_dPhi,0.011800899067626491,4.587324664231951e-05,0.011755025820984172
2008,bb_lnu_dEta,blnu_pt,0.012411788456330477,0.000665638005003872,0.011746150451326605
168,all_mInv,met_phi,0.011754129846408525,8.063881813208384e-06,0.011746065964595317
1403,jj_l_dEta,blnu_pt,0.01569785015651682,0.00395189732689908,0.01174595282961774
1316,jj_l_dR,trijet_bijet_dEta,0.020361637070857374,0.0086157501878735,0.011745886882983874
1872,met_phi,trijet_bijet_dPhi,0.011740210802388996,6.143796802277057e-06,0.01173406700558672
1299,jj_l_dR,ak4_jet3_eta,0.012990751745179049,0.001264584104336764,0.011726167640842285
284,ak4_jet1_bscore,ak4_jet0_eta,0.011972678210357753,0.00024886223074076924,0.011723815979616983
571,WW_pt,nAK4_btag,0.012224197326787825,0.0005020467261305506,0.011722150600657275
521,min_b_lnu_dPhi,lep0_phi,0.011724600901452432,6.075978186699527e-06,0.011718524923265732
1419,WW_mT,ak4_jet1_phi,0.011712170427513876,6.061956816988401e-06,0.011706108470696888
735,all_mT,bjet1_pt,0.05278949009554343,0.06448507040128772,0.011695580305744288
163,all_mInv,ak4_jet1_eta,0.023500228488120598,0.011809253168761115,0.011690975319359483
1751,ak4_jet1_eta,all_jets_HT,0.011927520231529497,0.00023852849682211297,0.011688991734707384
1410,WW_mT,bjet1_pt,0.0217030439770486,0.010020188724265692,0.011682855252782908
739,all_mT,lep0_phi,0.01168879626677359,7.2433909557231835e-06,0.011681552875817867
1717,ak4_jet3_phi,ak4_jet2_phi,0.015207157784104933,0.0035355166048562127,0.01167164117924872
1186,jj_lnu_dEta,blnu_mT,0.0125229267123214,0.0008533921724069547,0.011669534539914445
1877,met_phi,bjets_mean_pt,0.011666808216962036,6.0254316663690966e-06,0.011660782785295667
1006,all_pt,bjets_dR,0.011934996606711695,0.0002749143029966289,0.011660082303715066
1729,ak4_jet3_phi,all_sT,0.011654701290135069,5.461813843685159e-06,0.011649239476291384
5,bjet0_pt,lep0_pt,0.015306097692057284,0.003658486156257478,0.011647611535799806
1253,trijet_pt,ak4_jet0_eta,0.011699726919948382,5.228622839047181e-05,0.01164744069155791
1335,ak4_jet3_bscore,ak4_jet3_phi,0.011747193902599047,0.00010098459644104774,0.011646209306158
1263,trijet_pt,lep0_eta,0.012205450155576933,0.0005598147577635104,0.011645635397813422
100,ak4_jet0_pt,ak4_jet1_eta,0.011945721382594428,0.00030347297285443844,0.01164224840973999
619,bjet_bijet_dPhi,ak4_jet3_bscore,0.012594637252421527,0.0009550304326086285,0.011639606819812898
1815,ak4_jet2_eta,bjet_bijet_dR,0.016413263382831368,0.004775361526897771,0.011637901855933597
1452,blnu_bl_mInv,ak4_jet2_eta,0.012393976646040843,0.0007583403738947621,0.011635636272146081
1460,blnu_bl_mInv,mjj,0.014623426762142025,0.0029932926795728267,0.011630134082569198
631,bjet_bijet_dPhi,ak4_jet1_eta,0.011659758154882672,4.2022110932890544e-05,0.011617736043949781
99,ak4_jet0_pt,ak4_jet3_phi,0.011616438541234269,5.081590344499509e-06,0.01161135695088977
1411,WW_mT,ak4_jet0_eta,0.02923419542048929,0.017624032978987434,0.011610162441501856
1992,bb_lnu_dEta,WW_mInv,0.011903763390561886,0.0002940263920645121,0.011609736998497374
1042,jj_l_dPhi,ak4_jet2_phi,0.01161063997884124,4.983692114608751e-06,0.011605656286726631
523,min_b_lnu_dPhi,ak4_jet3_eta,0.011615931299263593,1.0584009188220611e-05,0.011605347290075372
1738,ak4_jet3_phi,blnu_pt,0.011605368895307173,5.154704981344405e-06,0.011600214190325829
1935,lep0_eta,trijet_bijet_dPhi,0.011674527179418033,7.579622893831572e-05,0.011598730950479717
744,all_mT,ak4_jet1_phi,0.01160064131384305,6.56516473707125e-06,0.01159407614910598
718,all_mT,all_pt,0.017642136163385745,0.006049982784916698,0.011592153378469047
1693,ak4_jet0_eta,WW_mInv,0.030107491028864723,0.01851749757971736,0.011589993449147365
336,min_b_l_dPhi,WW_mT,0.016320967451587662,0.004740556747099809,0.011580410704487853
160,all_mInv,bjet1_pt,0.05279281153236362,0.06436684165075,0.011574030118386383
1871,met_phi,lep0_eta,0.011570540724002716,6.285080542324517e-06,0.011564255643460392
951,ak4_jet3_pt,bb_lnu_dEta,0.011641361654108118,7.819105070150378e-05,0.011563170603406614
37,bjet0_pt,lep0_phi,0.011568152075326764,6.020384239149856e-06,0.011562131691087614
1900,ak4_jet1_phi,met_pt,0.011560044477308028,4.680766752682142e-06,0.011555363710555346
1897,ak4_jet1_phi,WW_mInv,0.011558399776727683,5.740259362251032e-06,0.011552659517365432
455,ak4_jet1_pt,trijet_mInv,0.12313530281996393,0.11160156421377512,0.01153373860618881
1005,all_pt,bjets_dPhi,0.011910101323548805,0.00037653192805424743,0.011533569395494558
1494,trijet_mInv,lep0_eta,0.011552173813632206,2.045367799675263e-05,0.011531720135635453
1133,blnu_lnu_mT,ak4_jet2_phi,0.01153113111528085,4.693073301316464e-06,0.011526438041979534
326,min_b_l_dPhi,all_pt,0.012043194889996545,0.0005195446467421566,0.011523650243254389
1703,ak4_jet0_eta,bb_lnu_dPhi,0.011567125420731239,4.771495085053451e-05,0.011519410469880705
1295,jj_l_dR,ak4_jet3_phi,0.01151670135518187,4.961967755789942e-06,0.01151173938742608
1947,lep0_eta,jj_lnu_dPhi,0.011713262214980952,0.00020365814900995954,0.011509604065970992
473,ak4_jet1_pt,mjj,0.0783692862709032,0.06686554810493307,0.011503738165970126
1785,lep0_phi,trijet_bijet_dEta,0.011506348236279388,5.680136222353804e-06,0.011500668100057034
500,min_b_lnu_dPhi,all_pt,0.012707991034785808,0.001213644955261925,0.011494346079523883
169,all_mInv,ak4_jet1_phi,0.011499510805692583,6.692910308421507e-06,0.011492817895384162
239,ak4_jet2_bscore,bjets_mean_pt,0.020205976483499772,0.008718560743718,0.011487415739781771
1492,trijet_mInv,ak4_jet1_phi,0.011483214675996407,5.822390186711879e-06,0.011477392285809695
1940,lep0_eta,bjets_mean_pt,0.011639380147120244,0.00016333168912193233,0.011476048457998312
514,min_b_lnu_dPhi,nAK4_nonbtag,0.012934266594087588,0.0014621823162442038,0.011472084277843384
1903,ak4_jet1_phi,bjets_dR,0.011471566757898118,4.238354353376661e-06,0.011467328403544742
1185,jj_lnu_dEta,met_pt,0.017330837923114694,0.005863926299656444,0.01146691162345825
509,min_b_lnu_dPhi,jj_l_dEta,0.011940327712840811,0.0004739500634546069,0.011466377649386204
686,ak4_jet2_pt,lep0_phi,0.011471299043858109,5.510621446734587e-06,0.011465788422411374
946,ak4_jet3_pt,ak4_jet1_phi,0.011472737240375081,7.001654024146875e-06,0.011465735586350934
1691,ak4_jet0_eta,mjj,0.02363594224522401,0.012184543050136453,0.011451399195087558
193,ak4_jet2_bscore,min_b_l_dPhi,0.011943268104045633,0.0004919570796435152,0.011451311024402118
714,all_mT,trijet_pt_rat,0.027652343746065542,0.03910315508857966,0.011450811342514116
1944,lep0_eta,bjets_dR,0.011663797393955271,0.00021897275775574487,0.011444824636199526
627,bjet_bijet_dPhi,bjet_bijet_dEta,0.017451572564341235,0.006010425885058429,0.011441146679282806
245,ak4_jet2_bscore,trijet_bijet_dEta,0.01404877332004599,0.0026082369174595978,0.011440536402586392
1347,ak4_jet3_bscore,bb_lnu_dEta,0.01204810042283596,0.0006112396875330023,0.011436860735302957
1626,bjet_bijet_dEta,ak4_jet1_phi,0.01143837651462281,6.032524349913748e-06,0.011432343990272896
638,bjet_bijet_dPhi,ak4_jet2_phi,0.011436640251670457,6.098041870218618e-06,0.011430542209800238
574,WW_pt,ak4_jet0_eta,0.011760090638288385,0.0003320433553584204,0.011428047282929964
1930,ak4_jet2_phi,bjet_bijet_dR,0.011431918878590033,7.338530994216441e-06,0.011424580347595817
194,ak4_jet2_bscore,lep0_pt,0.011645549178767103,0.00022307771958962608,0.011422471459177477
1382,jj_l_dEta,ak4_jet2_phi,0.01142676132698665,5.160888121039098e-06,0.011421600438865611
44,bjet0_pt,lep0_eta,0.011524673534143211,0.00010619021279264368,0.011418483321350568
941,ak4_jet3_pt,lep0_phi,0.011423474482061623,6.77564717531387e-06,0.011416698834886309
321,min_b_l_dPhi,all_mT,0.017991715617683444,0.006575236650262231,0.011416478967421213
1914,ak4_jet2_phi,lep0_eta,0.01142172771579673,5.715165697896263e-06,0.011416012550098834
827,ak4_jet0_bscore,trijet_pt,0.03308177123705437,0.02167253138176304,0.011409239855291332
253,ak4_jet2_bscore,blnu_pt,0.014668477612434241,0.00326653741976618,0.011401940192668061
945,ak4_jet3_pt,met_phi,0.011407436585483086,6.9275503594978805e-06,0.011400509035123588
1696,ak4_jet0_eta,met_pt,0.011581666952015273,0.00018453362449484534,0.011397133327520428
1695,ak4_jet0_eta,bjets_mean_pt,0.01190534313264643,0.0005112848011257429,0.011394058331520688
532,min_b_lnu_dPhi,WW_mInv,0.020202988996057658,0.008812308245490487,0.011390680750567171
238,ak4_jet2_bscore,all_jets_HT,0.021403604995043866,0.010013362141860807,0.011390242853183059
88,ak4_jet0_pt,ak4_jet3_bscore,0.015264575624394507,0.0038795072323251564,0.011385068392069351
468,ak4_jet1_pt,met_phi,0.011390229149918878,6.054318767462208e-06,0.011384174831151415
1386,jj_l_dEta,bb_lnu_dEta,0.03464681809078673,0.0460218215587832,0.01137500346799647
1767,lep0_phi,ak4_jet2_eta,0.01137967846810705,6.407420783172135e-06,0.011373271047323878
789,trijet_pt_rat,ak4_jet3_phi,0.011379000811087881,5.9737051471414615e-06,0.01137302710594074
314,ak4_jet1_bscore,blnu_pt,0.014558375693716104,0.003186513328420789,0.011371862365295315
1921,ak4_jet2_phi,met_pt,0.011375469158507557,4.55387707702648e-06,0.01137091528143053
1887,met_phi,bjet_bijet_dR,0.011375213560705515,6.309322420232355e-06,0.011368904238285283
672,ak4_jet2_pt,jj_l_dR,0.013778400440478882,0.002410051288633294,0.011368349151845588
1735,ak4_jet3_phi,bb_lnu_dR,0.01137276210118392,6.432135899826774e-06,0.011366329965284094
330,min_b_l_dPhi,jj_lnu_dEta,0.011649873011736457,0.00029344554072467666,0.01135642747101178
879,min_b_l_dR,ak4_jet3_bscore,0.012560267136857282,0.0012051306179181424,0.01135513651893914
1069,trijet_bijet_dR,ak4_jet3_bscore,0.025708759001958653,0.014354359623511798,0.011354399378446855
1819,ak4_jet2_eta,blnu_pt,0.01156639207819149,0.00021600383337416762,0.011350388244817322
1933,ak4_jet2_phi,bjets_mbb,0.01135681688199204,7.084014840771924e-06,0.011349732867151269
1353,ak4_jet3_bscore,bjets_dPhi,0.01544394705150456,0.004100909622363057,0.011343037429141504
231,ak4_jet2_bscore,ak4_jet1_phi,0.011344999184035448,4.7841355859806756e-06,0.011340215048449467
1297,jj_l_dR,lep0_phi,0.011341177553280752,8.068917177847523e-06,0.011333108636102904
887,min_b_l_dR,bjet_bijet_dEta,0.013725862987044271,0.0023974870556058327,0.011328375931438438
1091,trijet_bijet_dR,mjj,0.029112982166355935,0.017786391011965982,0.011326591154389953
1328,ak4_jet3_bscore,trijet_mInv,0.01428779006932428,0.002971867447566303,0.011315922621757978
1724,ak4_jet3_phi,bjets_mean_pt,0.011313221879653657,5.629877661755822e-06,0.011307592001991901
220,ak4_jet2_bscore,nAK4_btag,0.04358574369014246,0.03228822459014487,0.011297519099997592
925,ak4_jet3_pt,jj_lnu_dR,0.012354960670847091,0.0010680196048899887,0.011286941065957103
285,ak4_jet1_bscore,ak4_jet3_phi,0.011289941972046094,6.297149599092389e-06,0.011283644822447002
1920,ak4_jet2_phi,bjets_mean_pt,0.011278967648713042,5.532262878499283e-06,0.011273435385834543
634,bjet_bijet_dPhi,ak4_jet3_eta,0.01128388693180793,1.628653364148247e-05,0.011267600398166447
1412,WW_mT,ak4_jet3_phi,0.01127212416624641,5.2369677562211225e-06,0.01126688719849019
1485,trijet_mInv,ak4_jet3_phi,0.01127226980663201,5.709884579152558e-06,0.011266559922052857
1334,ak4_jet3_bscore,ak4_jet0_eta,0.011551213262824399,0.00028625702944192616,0.011264956233382473
1010,all_pt,bb_lnu_dPhi,0.015844691373237584,0.004582221852842624,0.01126246952039496
1497,trijet_mInv,bb_lnu_dEta,0.011876750970449337,0.0006143860660730166,0.01126236490437632
1265,trijet_pt,mjj,0.04912960961436447,0.0378762380298301,0.011253371584534363
56,bjet0_pt,trijet_bijet_dEta,0.015296458542238468,0.004043844040418916,0.011252614501819552
577,WW_pt,lep0_phi,0.011251654592216297,6.890209716170492e-06,0.011244764382500126
1337,ak4_jet3_bscore,lep0_phi,0.011248760945705219,6.184670057210462e-06,0.011242576275648009
428,lep0_pt,bjets_dEta,0.011287717235956726,4.914500149007239e-05,0.011238572234466653
1686,ak4_jet0_eta,met_phi,0.011247271843130374,1.793478968999812e-05,0.011229337053440376
301,ak4_jet1_bscore,met_pt,0.011792521176628008,0.0005704902440697816,0.011222030932558226
385,lep0_pt,all_pt,0.011986520766742125,0.0007793104321229261,0.011207210334619199
890,min_b_l_dR,ak4_jet3_phi,0.011203850838782427,6.4459551770076895e-06,0.011197404883605419
127,ak4_jet0_pt,bjets_mbb,0.0935126819735029,0.10470755026727331,0.011194868293770407
721,all_mT,blnu_lnu_mT,0.16766993091942833,0.15647614833508894,0.011193782584339396
793,trijet_pt_rat,ak4_jet3_eta,0.011214349308307923,2.1552277991755686e-05,0.011192797030316167
1699,ak4_jet0_eta,bjets_dR,0.015686579685943742,0.0045030668892753895,0.011183512796668352
630,bjet_bijet_dPhi,ak4_jet3_phi,0.011186103262262832,4.880478723823245e-06,0.011181222783539009
1513,trijet_mInv,bjets_mbb,0.03948776422825907,0.02830676001949677,0.011181004208762304
1953,lep0_eta,bjets_mbb,0.011405713426600062,0.0002313757704472258,0.011174337656152836
1007,all_pt,all_sT,0.015655615058394134,0.004488558684030787,0.011167056374363347
1727,ak4_jet3_phi,bjets_dPhi,0.011170023685554694,7.307795995586952e-06,0.011162715889559107
1904,ak4_jet1_phi,all_sT,0.011168920920749198,7.038205019793686e-06,0.011161882715729404
404,lep0_pt,ak4_jet3_phi,0.011160716568701285,5.693865665859499e-06,0.011155022703035426
1777,lep0_phi,WW_mInv,0.011160805743244573,6.1681628694271184e-06,0.011154637580375146
1315,jj_l_dR,all_sT,0.02109826246579488,0.009944779151806426,0.011153483313988456
1456,blnu_bl_mInv,ak4_jet1_phi,0.011152029725958235,6.601338798963019e-06,0.011145428387159272
1214,jj_lnu_dR,lep0_phi,0.011142697805109025,6.64378382790598e-06,0.011136054021281119
1694,ak4_jet0_eta,all_jets_HT,0.011503563801186608,0.0003676751485602245,0.011135888652626384
1625,bjet_bijet_dEta,met_phi,0.01113495906524566,6.1984439703802185e-06,0.01112876062127528
871,min_b_l_dR,all_pt,0.011890662530779198,0.0007780072363317639,0.011112655294447434
464,ak4_jet1_pt,lep0_phi,0.011111073938854,5.5157805251213055e-06,0.01110555815832888
737,all_mT,ak4_jet3_phi,0.01111098303650783,5.600464809886463e-06,0.011105382571697943
1912,ak4_jet1_phi,bjets_mbb,0.01110760398509791,6.50866782262588e-06,0.011101095317275284
42,bjet0_pt,ak4_jet1_phi,0.011097464211363105,7.283767933338736e-06,0.011090180443429767
1833,ak4_jet3_eta,bjets_dPhi,0.011094536059114438,1.7763121659727932e-05,0.01107677293745471
738,all_mT,ak4_jet1_eta,0.022901969882750676,0.011827270570093116,0.01107469931265756
207,ak4_jet2_bscore,trijet_bijet_dR,0.01913590271532063,0.008082001243518648,0.01105390147180198
447,ak4_jet1_pt,jj_lnu_dEta,0.012326814712753945,0.0012750268908354387,0.011051787821918506
976,all_pt,ak4_jet3_bscore,0.011190886724368514,0.00014147589280084916,0.011049410831567665
408,lep0_pt,ak4_jet3_eta,0.011067520971662977,1.991754134084145e-05,0.011047603430322135
130,all_mInv,ak4_jet1_bscore,0.013040426354513433,0.002014447049041714,0.011025979305471719
1652,bjet1_pt,lep0_phi,0.011026983092956858,6.22244866943511e-06,0.011020760644287423
236,ak4_jet2_bscore,bb_lnu_dEta,0.011244370761044373,0.0002244803277241872,0.011019890433320186
1919,ak4_jet2_phi,all_jets_HT,0.01102110246296683,5.764522837528596e-06,0.0110153379401293
847,ak4_jet0_bscore,ak4_jet1_phi,0.011027107290285158,1.1898577452866543e-05,0.011015208712832292
837,ak4_jet0_bscore,bjet_bijet_dEta,0.01154099912088804,0.0005285855534717977,0.011012413567416243
1768,lep0_phi,ak4_jet3_eta,0.011014851561356759,5.597504056605029e-06,0.011009254057300154
1125,blnu_lnu_mT,ak4_jet3_phi,0.011009477484309506,5.46752703832476e-06,0.011004009957271181
1829,ak4_jet3_eta,all_jets_HT,0.011215304716362017,0.00021183395722201154,0.011003470759140006
1307,jj_l_dR,bb_lnu_dEta,0.016195668705402684,0.005193727020573361,0.011001941684829323
298,ak4_jet1_bscore,WW_mInv,0.012662226070457958,0.0016658971433258958,0.010996328927132062
525,min_b_lnu_dPhi,met_phi,0.010981194537631182,6.3114651363480045e-06,0.010974883072494834
1732,ak4_jet3_phi,bb_lnu_dPhi,0.01097658924096213,6.760204668693204e-06,0.010969829036293437
1907,ak4_jet1_phi,bb_lnu_dPhi,0.010971806148029815,6.700494408200253e-06,0.010965105653621614
797,trijet_pt_rat,ak4_jet2_phi,0.010968499216048411,5.329806994601449e-06,0.01096316940905381
1923,ak4_jet2_phi,bjets_dPhi,0.0109650690088787,6.880653877820719e-06,0.01095818835500088
1700,ak4_jet0_eta,all_sT,0.01129853080568836,0.0003468427160987983,0.010951688089589563
98,ak4_jet0_pt,ak4_jet0_eta,0.011182849123350772,0.00023839362363790167,0.01094445549971287
1721,ak4_jet3_phi,bb_lnu_dEta,0.010943430806978183,5.962520784545677e-06,0.010937468286193637
148,all_mInv,jj_lnu_dR,0.03596426707936918,0.025034059755131337,0.010930207324237842
990,all_pt,ak4_jet2_eta,0.01155943268345654,0.0006322311020663732,0.010927201581390166
1035,jj_l_dPhi,ak4_jet1_eta,0.011039790176794056,0.00011380033602893108,0.010925989840765125
993,all_pt,met_phi,0.01093580164889556,1.3594769787454719e-05,0.010922206879108106
89,ak4_jet0_pt,jj_l_dEta,0.011480773800670176,0.0005602690032531152,0.01092050479741706
1088,trijet_bijet_dR,ak4_jet2_phi,0.010926514033832893,6.350903652044271e-06,0.010920163130180849
306,ak4_jet1_bscore,trijet_bijet_dEta,0.011942883800568078,0.0010235510894774612,0.010919332711090617
244,ak4_jet2_bscore,all_sT,0.018625379846852474,0.0077071118219555305,0.010918268024896944
1896,ak4_jet1_phi,bb_lnu_dEta,0.010922001587959914,7.108032707606182e-06,0.010914893555252308
405,lep0_pt,ak4_jet1_eta,0.01093911070131941,2.6211520994086357e-05,0.010912899180325324
1487,trijet_mInv,lep0_phi,0.010913427368271535,6.248357857965847e-06,0.010907179010413569
393,lep0_pt,ak4_jet3_bscore,0.011341371910087578,0.0004386613265962777,0.0109027105834913
233,ak4_jet2_bscore,lep0_eta,0.01098296813330657,8.134838008165557e-05,0.010901619753224914
1284,jj_l_dR,ak4_jet3_bscore,0.011827736445026597,0.0009266981463338063,0.010901038298692791
938,ak4_jet3_pt,ak4_jet0_eta,0.011236283787836365,0.0003365622056445833,0.010899721582191782
1218,jj_lnu_dR,met_phi,0.010905019148183814,7.306326845937794e-06,0.010897712821337877
2035,all_jets_HT,bjet_bijet_dR,0.021396394613981344,0.010510741954831575,0.010885652659149769
1380,jj_l_dEta,met_phi,0.010884494636594532,5.207240226130783e-06,0.010879287396368401
1344,ak4_jet3_bscore,lep0_eta,0.010929177014818398,5.849415724150375e-05,0.010870682857576894
1484,trijet_mInv,ak4_jet0_eta,0.03143591961674712,0.0205700826422083,0.010865836974538818
1778,lep0_phi,all_jets_HT,0.010869790565766865,5.101543000832209e-06,0.010864689022766032
891,min_b_l_dR,ak4_jet1_eta,0.011797876994680389,0.0009346741341189589,0.01086320286056143
1394,jj_l_dEta,all_sT,0.012629829767659619,0.0017679476065156421,0.010861882161143976
469,ak4_jet1_pt,ak4_jet1_phi,0.010865596246823643,7.646014536129286e-06,0.010857950232287514
1657,bjet1_pt,ak4_jet1_phi,0.010863634772322748,8.013455907153466e-06,0.010855621316415594
665,ak4_jet2_pt,all_pt,0.0115511159476306,0.0007001931704442785,0.010850922777186321
43,bjet0_pt,ak4_jet2_phi,0.010850698464832217,6.105789265048456e-06,0.010844592675567168
693,ak4_jet2_pt,lep0_eta,0.010985107797437117,0.00014117338896715154,0.010843934408469966
162,all_mInv,ak4_jet3_phi,0.010840610321307703,5.952157809067937e-06,0.010834658163498635
487,ak4_jet1_pt,bjet_bijet_dR,0.01820177636139233,0.007372623231014588,0.010829153130377741
1075,trijet_bijet_dR,nAK4_nonbtag,0.03637773153016574,0.025549245177031,0.010828486353134742
1737,ak4_jet3_phi,bjets_mbb,0.010833397519187264,6.0295782307318024e-06,0.010827367940956532
235,ak4_jet2_bscore,mjj,0.01499283746289459,0.004171056032100707,0.010821781430793882
214,ak4_jet2_bscore,jj_l_dEta,0.011128782171174814,0.00031090451116464954,0.010817877660010165
1840,ak4_jet3_eta,bjet_bijet_dR,0.014558000940300318,0.0037458625337267876,0.01081213840657353
52,bjet0_pt,blnu_mT,0.07258793551670749,0.08338568558325178,0.010797750066544293
2100,all_sT,trijet_bijet_dEta,0.015511543563453137,0.026307959224037166,0.010796415660584029
1710,ak4_jet3_phi,ak4_jet1_eta,0.010799950434337454,4.863018799761143e-06,0.010795087415537693
1752,ak4_jet1_eta,bjets_mean_pt,0.011223186904949826,0.00043115020653050964,0.010792036698419317
1804,ak4_jet2_eta,all_jets_HT,0.011073437216262638,0.0002910879314611675,0.01078234928480147
780,trijet_pt_rat,WW_mT,0.03013206763874475,0.01935735828452514,0.010774709354219609
1192,jj_lnu_dEta,bb_lnu_dPhi,0.01359661503209298,0.0028230668982921273,0.010773548133800853
261,ak4_jet1_bscore,all_mT,0.012780415218314196,0.0020092044189435852,0.010771210799370611
818,trijet_pt_rat,blnu_pt,0.13377654081640483,0.14454734826109708,0.010770807444692249
1753,ak4_jet1_eta,met_pt,0.010798556831779361,3.164542331458853e-05,0.010766911408464773
849,ak4_jet0_bscore,lep0_eta,0.010853800109595985,8.88362950597979e-05,0.010764963814536187
407,lep0_pt,ak4_jet2_eta,0.010788684602321588,2.5261808073155645e-05,0.010763422794248433
1579,nAK4_nonbtag,bjet_bijet_dR,0.011794728790686292,0.0010371674040767932,0.010757561386609498
1842,ak4_jet3_eta,bjets_pt_bb,0.010776989396394026,2.3520901545767692e-05,0.010753468494848258
508,min_b_lnu_dPhi,ak4_jet3_bscore,0.012354694840907184,0.001606050844903735,0.010748643996003449
270,ak4_jet1_bscore,jj_lnu_dEta,0.011299865844778174,0.0005583238617317306,0.010741541983046443
1257,trijet_pt,ak4_jet2_eta,0.011051677833004519,0.0003103405081622164,0.010741337324842302
1772,lep0_phi,ak4_jet2_phi,0.01674545277472721,0.027481549522174176,0.010736096747446966
1805,ak4_jet2_eta,bjets_mean_pt,0.010852372557304514,0.00011900936831792802,0.010733363188986586
1244,trijet_pt,jj_l_dEta,0.015705466192383884,0.004978334889114883,0.010727131303269001
16,bjet0_pt,all_pt,0.01156468188228324,0.0008391462660782209,0.010725535616205019
1634,bjet_bijet_dEta,bjets_mean_pt,0.012562844093544141,0.0018382747134655132,0.010724569380078628
96,ak4_jet0_pt,bjet_bijet_dEta,0.01351917136788314,0.0028007472639714273,0.010718424103911713
264,ak4_jet1_bscore,min_b_l_dR,0.015172343852815585,0.0044566113024671755,0.01071573255034841
1754,ak4_jet1_eta,blnu_mT,0.013840554378186366,0.003133423554672745,0.01070713082351362
414,lep0_pt,trijet_bijet_dPhi,0.018171350732696056,0.007465083460661159,0.010706267272034897
942,ak4_jet3_pt,ak4_jet2_eta,0.010901878485622959,0.00019633887076062756,0.010705539614862331
950,ak4_jet3_pt,mjj,0.052109785715031665,0.04141194387392735,0.010697841841104318
1233,jj_lnu_dR,trijet_bijet_dEta,0.02486030020383462,0.014166705887260461,0.01069359431657416
1773,lep0_phi,lep0_eta,0.010797289779588541,0.00010811340923429225,0.010689176370354249
906,min_b_l_dR,met_pt,0.012744864521446894,0.0020668036465305017,0.010678060874916392
2131,bjets_dEta,bb_lnu_dR,0.012542758238358362,0.0018647209032257514,0.01067803733513261
1576,nAK4_nonbtag,jj_lnu_dPhi,0.011410480041824211,0.0007341299890627328,0.010676350052761479
1765,ak4_jet1_eta,bjets_mbb,0.012735707731832573,0.0020650779671670984,0.010670629764665474
1744,ak4_jet1_eta,ak4_jet1_phi,0.010688462890990083,1.956192719766714e-05,0.010668900963792416
1884,met_phi,jj_lnu_dPhi,0.010652817659651242,7.1915576920350555e-06,0.010645626101959207
1822,ak4_jet3_eta,ak4_jet1_phi,0.010649071344706697,6.642060479643275e-06,0.010642429284227053
340,min_b_l_dPhi,nAK4_nonbtag,0.011598312380385306,0.0009591486037032696,0.010639163776682036
411,lep0_pt,ak4_jet1_phi,0.010642649706674008,5.709811965418088e-06,0.01063693989470859
389,lep0_pt,jj_lnu_dEta,0.011755017342696697,0.001119921242285521,0.010635096100411176
977,all_pt,jj_l_dEta,0.010867684561496685,0.0002330679057332835,0.010634616655763401
1251,trijet_pt,bjet_bijet_dEta,0.017125040211057423,0.0064993714718621955,0.010625668739195227
345,min_b_l_dPhi,ak4_jet3_phi,0.010632093339786475,6.704431657920951e-06,0.010625388908128554
444,ak4_jet1_pt,jj_l_dPhi,0.015923967844407225,0.005305952741365437,0.010618015103041788
146,all_mInv,blnu_lnu_mT,0.16529517600190058,0.15467792895094457,0.010617247050956014
368,min_b_l_dPhi,bb_lnu_dPhi,0.1406176459718515,0.13000443058510364,0.010613215386747865
1633,bjet_bijet_dEta,all_jets_HT,0.014279801065067887,0.0036707006302173634,0.010609100434850523
1364,ak4_jet3_bscore,blnu_pt,0.013352663639912648,0.0027530019884625286,0.01059966165145012
1649,bjet1_pt,ak4_jet0_eta,0.010714864966100295,0.00012356739990865284,0.010591297566191642
1667,bjet1_pt,blnu_mT,0.05876541228872474,0.06935156550109278,0.01058615321236804
1040,jj_l_dPhi,met_phi,0.010586359489867376,7.477093939153856e-06,0.010578882395928222
1821,ak4_jet3_eta,met_phi,0.010585669746717416,7.81039588229615e-06,0.01057785935083512
1775,lep0_phi,mjj,0.010572084507965027,6.638386700043297e-06,0.010565446121264983
1883,met_phi,trijet_bijet_dEta,0.010571075232066119,6.205345415351282e-06,0.010564869886650768
1688,ak4_jet0_eta,ak4_jet2_phi,0.010569025403005947,6.645851232785216e-06,0.010562379551773162
998,all_pt,mjj,0.012951724845263832,0.002401913742015871,0.010549811103247961
848,ak4_jet0_bscore,ak4_jet2_phi,0.01054924595959426,8.907866475154486e-06,0.010540338093119106
1002,all_pt,bjets_mean_pt,0.011527407307325207,0.0009883677176354758,0.010539039589689731
1450,blnu_bl_mInv,ak4_jet1_eta,0.011766218816502364,0.0012280484400449994,0.010538170376457365
948,ak4_jet3_pt,lep0_eta,0.01060634421059873,8.077013277300177e-05,0.010525574077825728
348,min_b_l_dPhi,ak4_jet2_eta,0.010538340241805624,1.3955916015280512e-05,0.010524384325790344
2058,met_pt,trijet_bijet_dEta,0.014510016843770904,0.003986541358310863,0.010523475485460041
122,ak4_jet0_pt,bb_lnu_dPhi,0.016884686147375573,0.02740364664113288,0.010518960493757307
1342,ak4_jet3_bscore,ak4_jet1_phi,0.010518422360965417,5.150266140729887e-06,0.010513272094824687
1451,blnu_bl_mInv,lep0_phi,0.010516538393472597,8.654992828670272e-06,0.010507883400643927
108,ak4_jet0_pt,lep0_eta,0.01081467888482623,0.0003074918100245544,0.010507187074801676
1301,jj_l_dR,met_phi,0.010510521365798907,6.605133690322507e-06,0.010503916232108584
1122,blnu_lnu_mT,bjet_bijet_dEta,0.01108424839611594,0.0005959991553786612,0.010488249240737279
527,min_b_lnu_dPhi,ak4_jet2_phi,0.010492665128404813,6.119348673352953e-06,0.01048654577973146
1153,blnu_lnu_mT,bjets_mbb,0.013538924225643064,0.003053410176548192,0.010485514049094872
1486,trijet_mInv,ak4_jet1_eta,0.018902000066078475,0.008419440072446514,0.01048255999363196
688,ak4_jet2_pt,ak4_jet3_eta,0.010751531105128172,0.00026915834820828016,0.010482372756919892
1874,met_phi,bb_lnu_dEta,0.010487699003101883,8.097879216607817e-06,0.010479601123885275
1630,bjet_bijet_dEta,mjj,0.021083072048434393,0.010607514227090845,0.010475557821343549
991,all_pt,ak4_jet3_eta,0.010944980458838321,0.0004736231241575656,0.010471357334680756
921,ak4_jet3_pt,jj_l_dPhi,0.012459699982109163,0.0019896374487916174,0.010470062533317545
988,all_pt,ak4_jet1_eta,0.01116385802605362,0.0006982458012128809,0.010465612224840739
1302,jj_l_dR,ak4_jet1_phi,0.010470273838868067,5.14514951840267e-06,0.010465128689349665
334,min_b_l_dPhi,ak4_jet3_bscore,0.01143960768901291,0.0009753658693431068,0.010464241819669803
530,min_b_lnu_dPhi,mjj,0.013481159597958665,0.003019168381649104,0.010461991216309561
1928,ak4_jet2_phi,bb_lnu_dPhi,0.010465646119929093,5.490723386708529e-06,0.010460155396542384
1366,jj_l_dEta,blnu_bl_mInv,0.014787719894155633,0.004343585933930121,0.010444133960225511
579,WW_pt,ak4_jet3_eta,0.010486592158779985,4.772189786747538e-05,0.01043887026091251
311,ak4_jet1_bscore,bb_lnu_dR,0.012581237040403707,0.0021485452140449363,0.01043269182635877
987,all_pt,ak4_jet3_phi,0.010438539853095768,7.045715652423401e-06,0.010431494137443344
821,ak4_jet0_bscore,all_pt,0.010536651228813445,0.00010795297566247586,0.010428698253150969
1034,jj_l_dPhi,ak4_jet3_phi,0.010434180164843508,5.726468888037073e-06,0.010428453695955471
1780,lep0_phi,met_pt,0.010429546504819396,5.252768844228595e-06,0.010424293735975167
268,ak4_jet1_bscore,trijet_bijet_dR,0.01408376102701668,0.003662635728611783,0.010421125298404898
896,min_b_l_dR,met_phi,0.010423542343127867,5.2479750909870115e-06,0.01041829436803688
889,min_b_l_dR,ak4_jet0_eta,0.010948807712795505,0.0005416456614814949,0.01040716205131401
32,bjet0_pt,bjet_bijet_dEta,0.011397617824041566,0.0009923759991080985,0.010405241824933468
625,bjet_bijet_dPhi,nAK4_nonbtag,0.01079435723812767,0.00039060123077735466,0.010403756007350315
1926,ak4_jet2_phi,trijet_bijet_dEta,0.010407896094482508,5.809392250741285e-06,0.010402086702231767
2115,trijet_bijet_dEta,bjets_mbb,0.023221363600437715,0.012821400590774423,0.010399963009663293
526,min_b_lnu_dPhi,ak4_jet1_phi,0.010403407272122907,6.5958074060498695e-06,0.010396811464716858
973,all_pt,jj_lnu_dR,0.0120894086819512,0.0016939394724808376,0.010395469209470362
578,WW_pt,ak4_jet2_eta,0.010416147832895881,2.4120746531443304e-05,0.010392027086364438
1784,lep0_phi,all_sT,0.010397362953129607,6.037401220057581e-06,0.01039132555190955
1757,ak4_jet1_eta,all_sT,0.01054361643961458,0.0001564807320034306,0.010387135707611149
1879,met_phi,blnu_mT,0.010389725549997151,7.893522873239633e-06,0.010381832027123911
1899,ak4_jet1_phi,bjets_mean_pt,0.010385323513778535,6.431747386299869e-06,0.010378891766392236
465,ak4_jet1_pt,ak4_jet2_eta,0.010697937074385076,0.0003344908115401647,0.010363446262844911
670,ak4_jet2_pt,jj_lnu_dR,0.012792479514306218,0.002430540398677305,0.010361939115628913
1759,ak4_jet1_eta,jj_lnu_dPhi,0.010489322285502534,0.0001375547469603458,0.010351767538542188
209,ak4_jet2_bscore,jj_lnu_dEta,0.010931091924279466,0.0005847102356844151,0.01034638168859505
1348,ak4_jet3_bscore,WW_mInv,0.021274237593156855,0.010936934062557826,0.010337303530599029
2144,bjets_mbb,blnu_pt,0.06087699760376845,0.07121317453981851,0.010336176936050066
1488,trijet_mInv,ak4_jet2_eta,0.018196110090343786,0.00786021256981605,0.010335897520527736
1255,trijet_pt,ak4_jet1_eta,0.010766977597526272,0.0004333669569869525,0.01033361064053932
681,ak4_jet2_pt,bjet_bijet_dEta,0.011948454635899372,0.0016179830580418213,0.01033047157785755
354,min_b_l_dPhi,lep0_eta,0.010359580311368084,3.204697703044351e-05,0.01032753333433764
1730,ak4_jet3_phi,trijet_bijet_dEta,0.010326866824805311,6.724177561971689e-06,0.01032014264724334
1261,trijet_pt,ak4_jet1_phi,0.010318795874183849,6.457157978187467e-06,0.010312338716205662
2141,bb_lnu_dR,blnu_pt,0.04420785407124707,0.05451111782986127,0.0103032637586142
683,ak4_jet2_pt,ak4_jet0_eta,0.010494752609795016,0.0002168211698965472,0.010277931439898469
1132,blnu_lnu_mT,ak4_jet1_phi,0.010281774303291288,5.4834795697317196e-06,0.010276290823721557
97,ak4_jet0_pt,bjet1_pt,0.25801543559690676,0.24774490504228272,0.010270530554624041
1790,lep0_phi,bb_lnu_dR,0.01026176427050176,6.168317461294204e-06,0.010255595953040465
504,min_b_lnu_dPhi,jj_lnu_dEta,0.010820489159715879,0.0005704312365804182,0.01025005792313546
980,all_pt,trijet_mInv,0.014081668627638787,0.0038442003206481876,0.0102374683069906
1087,trijet_bijet_dR,ak4_jet1_phi,0.010241769326965279,5.0695142306059204e-06,0.010236699812734673
690,ak4_jet2_pt,met_phi,0.010234820173173332,5.140827964128514e-06,0.010229679345209203
2023,WW_mInv,bjets_mbb,0.014656729689377722,0.004431341892283648,0.010225387797094074
1414,WW_mT,lep0_phi,0.010229402023258356,6.195992262633676e-06,0.010223206030995722
1612,nAK4_btag,bjet_bijet_dR,0.012670058088869424,0.002447716101704675,0.010222341987164749
247,ak4_jet2_bscore,bb_lnu_dPhi,0.01350491201305069,0.0032895090103573256,0.010215403002693364
1343,ak4_jet3_bscore,ak4_jet2_phi,0.010217024556678132,4.711536762444513e-06,0.010212313019915688
759,all_mT,jj_lnu_dPhi,0.02219712818711549,0.012006594241327818,0.010190533945787672
1393,jj_l_dEta,bjets_dR,0.012746698850215933,0.00255984862518421,0.010186850225031723
1254,trijet_pt,ak4_jet3_phi,0.01018285200072874,6.6791302673965824e-06,0.010176172870461343
1169,jj_lnu_dEta,ak4_jet3_phi,0.010171766454881184,5.6114062402246034e-06,0.010166155048640959
349,min_b_l_dPhi,ak4_jet3_eta,0.010167273553705593,9.363709992438185e-06,0.010157909843713155
184,all_mInv,jj_lnu_dPhi,0.02259582433533177,0.012444800337230676,0.010151023998101093
228,ak4_jet2_bscore,ak4_jet3_eta,0.010326145152156217,0.00017971921432021615,0.010146425937836
840,ak4_jet0_bscore,ak4_jet3_phi,0.010148895034805528,6.267175673639602e-06,0.010142627859131888
892,min_b_l_dR,lep0_phi,0.010143279440292034,6.33685979508497e-06,0.010136942580496949
41,bjet0_pt,met_phi,0.010129352694915106,5.617820498522719e-06,0.010123734874416583
687,ak4_jet2_pt,ak4_jet2_eta,0.01083289225184119,0.000729328615224404,0.010103563636616786
1943,lep0_eta,bjets_dPhi,0.010137070892662327,3.634326473025973e-05,0.010100727627932068
1356,ak4_jet3_bscore,trijet_bijet_dEta,0.01576450713577101,0.005667044893586826,0.010097462242184184
352,min_b_l_dPhi,ak4_jet1_phi,0.010094631500985007,6.541776327299853e-06,0.010088089724657707
1843,ak4_jet3_eta,bjets_mbb,0.012572541689422824,0.0024872958170235673,0.010085245872399257
225,ak4_jet2_bscore,ak4_jet1_eta,0.010418750948496418,0.0003508755720898968,0.010067875376406521
972,all_pt,jj_lnu_dEta,0.010225158624427116,0.00016732923777861008,0.010057829386648506
1831,ak4_jet3_eta,met_pt,0.010073884153978255,1.823298590143685e-05,0.010055651168076819
894,min_b_l_dR,ak4_jet3_eta,0.010513553381194526,0.00046356505159903666,0.010049988329595489
1420,WW_mT,ak4_jet2_phi,0.010038309524179737,6.005309076101417e-06,0.010032304215103635
1789,lep0_phi,bjet_bijet_dR,0.010037720953076545,6.348842725566184e-06,0.010031372110350979
1889,met_phi,bjets_pt_bb,0.010033916789459807,5.381501750070794e-06,0.010028535287709736
1448,blnu_bl_mInv,ak4_jet0_eta,0.010982956395523668,0.0009657818165153334,0.010017174579008335
2072,blnu_mT,bb_lnu_dPhi,0.018022013538045386,0.008012886913720325,0.01000912662432506
1720,ak4_jet3_phi,mjj,0.010007773584110997,4.468168816801343e-06,0.010003305415294195
293,ak4_jet1_bscore,ak4_jet2_phi,0.010009062278523433,6.183706647865106e-06,0.010002878571875568
1417,WW_mT,nAK4,0.015350240383417077,0.025351667173275333,0.010001426789858256
1723,ak4_jet3_phi,all_jets_HT,0.01000100423916929,5.88665992925369e-06,0.009995117579240036
555,WW_pt,ak4_jet3_pt,0.050385243460293876,0.060365089738130616,0.00997984627783674
443,ak4_jet1_pt,all_pt,0.010970722841395157,0.0009982244925836325,0.009972498348811525
1656,bjet1_pt,met_phi,0.009966245617555918,5.571921983568706e-06,0.00996067369557235
1661,bjet1_pt,mjj,0.012147023276382014,0.0021866800799028308,0.009960343196479184
1493,trijet_mInv,ak4_jet2_phi,0.009965132956851308,6.517350562743052e-06,0.009958615606288565
929,ak4_jet3_pt,jj_l_dEta,0.010296653655774295,0.0003428736198194393,0.009953780035954856
857,ak4_jet0_bscore,blnu_mT,0.012263653654511484,0.0023114607187216633,0.009952192935789821
1023,jj_l_dPhi,ak4_jet3_bscore,0.011002428137061829,0.0010599365659262408,0.009942491571135588
1243,trijet_pt,ak4_jet3_bscore,0.015900833478811625,0.005986285395559246,0.00991454808325238
1418,WW_mT,met_phi,0.009911064070081261,7.146704091944012e-06,0.009903917365989317
1741,ak4_jet1_eta,ak4_jet3_eta,0.03605372180526122,0.02615445472694853,0.009899267078312693
522,min_b_lnu_dPhi,ak4_jet2_eta,0.009921308370059702,2.6455637832101253e-05,0.0098948527322276
1001,all_pt,all_jets_HT,0.01182831536329143,0.001936407489778292,0.009891907873513139
196,ak4_jet2_bscore,min_b_lnu_dPhi,0.010863648668859496,0.0009746075681903513,0.009889041100669144
920,ak4_jet3_pt,all_pt,0.010334936484086284,0.0004556249581088301,0.009879311525977454
1470,blnu_bl_mInv,trijet_bijet_dEta,0.01043929085363314,0.0005715822538566659,0.009867708599776474
80,ak4_jet0_pt,all_pt,0.012457089802171813,0.002596729126915054,0.009860360675256759
346,min_b_l_dPhi,ak4_jet1_eta,0.00991196238504757,5.184002535019161e-05,0.009860122359697378
1082,trijet_bijet_dR,lep0_phi,0.00986192900587107,6.348818274048984e-06,0.00985558018759702
2075,blnu_mT,bb_lnu_dR,0.01846349393053028,0.008617909122703375,0.009845584807826904
1397,jj_l_dEta,bb_lnu_dPhi,0.012413461801298844,0.00257153206615399,0.009841929735144854
1043,jj_l_dPhi,lep0_eta,0.010042717880450094,0.00020678085614011382,0.00983593702430998
1127,blnu_lnu_mT,lep0_phi,0.009824633324590326,9.952823945454103e-06,0.009814680500644872
1841,ak4_jet3_eta,bb_lnu_dR,0.011529306332750521,0.0017155192787192547,0.009813787054031266
1844,ak4_jet3_eta,blnu_pt,0.009888893340560454,8.021843725938144e-05,0.009808674903301073
1739,ak4_jet1_eta,lep0_phi,0.009807120267895705,7.0116369540254575e-06,0.00980010863094168
1950,lep0_eta,bjet_bijet_dR,0.009896895256446447,9.780638657023305e-05,0.009799088869876214
308,ak4_jet1_bscore,bb_lnu_dPhi,0.011704583243520948,0.0019123757488492925,0.009792207494671655
221,ak4_jet2_bscore,bjet_bijet_dEta,0.010163363707398058,0.000374034084405301,0.009789329622992757
288,ak4_jet1_bscore,ak4_jet2_eta,0.010053675769424585,0.0002649038135517437,0.009788771955872841
900,min_b_l_dR,trijet_bijet_dPhi,0.01940591350608217,0.009619875235261359,0.00978603827082081
1680,ak4_jet0_eta,ak4_jet3_phi,0.009787036352304723,5.629958216318842e-06,0.009781406394088404
939,ak4_jet3_pt,ak4_jet3_phi,0.00978936652537735,8.05057384045682e-06,0.009781315951536893
1003,all_pt,met_pt,0.014389771610602568,0.004609728810131785,0.009780042800470783
1722,ak4_jet3_phi,WW_mInv,0.009775665405099138,5.738801941365668e-06,0.009769926603157772
633,bjet_bijet_dPhi,ak4_jet2_eta,0.009793293140167404,2.862095022219263e-05,0.009764672189945211
1453,blnu_bl_mInv,ak4_jet3_eta,0.010302805053287772,0.0005442637882795143,0.009758541265008257
898,min_b_l_dR,ak4_jet2_phi,0.009758181459392532,5.468343789616359e-06,0.009752713115602916
1890,met_phi,bjets_mbb,0.009750248770189821,4.830768686757414e-06,0.009745418001503064
1273,trijet_pt,bjets_dR,0.03593245933409139,0.02619106808126894,0.009741391252822452
1736,ak4_jet3_phi,bjets_pt_bb,0.009741973774080839,6.397645087162507e-06,0.009735576128993676
940,ak4_jet3_pt,ak4_jet1_eta,0.009739125954620405,1.5936047002722276e-05,0.009723189907617683
971,all_pt,blnu_lnu_mT,0.015142555436590446,0.005421138847486604,0.009721416589103842
257,ak4_jet1_bscore,min_b_lnu_dPhi,0.011179343450181047,0.0014580169844121069,0.00972132646576894
1908,ak4_jet1_phi,bjets_dEta,0.009726425784954428,7.043106195897542e-06,0.00971938267875853
844,ak4_jet0_bscore,ak4_jet3_eta,0.009906790805107958,0.0002001048296761225,0.009706685975431836
1830,ak4_jet3_eta,bjets_mean_pt,0.009699003031576267,3.579696098470614e-05,0.009663206070591561
674,ak4_jet2_pt,jj_l_dEta,0.01024484601690763,0.0005848816640447695,0.00965996435286286
1880,met_phi,bjets_dPhi,0.009664239603559423,6.375852520057457e-06,0.009657863751039365
994,all_pt,ak4_jet1_phi,0.009656339375265499,7.210918745656492e-06,0.009649128456519843
1910,ak4_jet1_phi,bb_lnu_dR,0.009644834283959552,5.356499299648265e-06,0.009639477784659903
1719,ak4_jet3_phi,trijet_bijet_dPhi,0.009608869298756643,6.2796235387324595e-06,0.009602589675217911
913,min_b_l_dR,bb_lnu_dPhi,0.07836243658492972,0.06876651261877155,0.009595923966158174
636,bjet_bijet_dPhi,met_phi,0.009597071473056742,6.746712170220548e-06,0.009590324760886521
406,lep0_pt,lep0_phi,0.009589764267618744,7.466635697638002e-06,0.009582297631921106
1008,all_pt,trijet_bijet_dEta,0.009780963385448878,0.00022210109210831636,0.009558862293340561
1352,ak4_jet3_bscore,blnu_mT,0.012748361899854389,0.0032050251519408976,0.009543336747913491
804,trijet_pt_rat,bjets_mean_pt,0.023446030096782915,0.01391499501347713,0.009531035083305784
1837,ak4_jet3_eta,jj_lnu_dPhi,0.009541030304376443,2.624125596330934e-05,0.009514789048413134
1258,trijet_pt,ak4_jet3_eta,0.00967610015850405,0.00016235628900836824,0.009513743869495682
1818,ak4_jet2_eta,bjets_mbb,0.011706720657778641,0.0021990941367705415,0.0095076265210081
1906,ak4_jet1_phi,jj_lnu_dPhi,0.00951279145382013,6.380584369476694e-06,0.009506410869450654
1319,jj_l_dR,bjets_dEta,0.012349406419282144,0.0028439050891688814,0.009505501330113263
103,ak4_jet0_pt,ak4_jet3_eta,0.009610032819832998,0.0001067686228584247,0.009503264196974573
1219,jj_lnu_dR,ak4_jet1_phi,0.009505866187682892,5.852401868719492e-06,0.009500013785814172
297,ak4_jet1_bscore,bb_lnu_dEta,0.010285418583270846,0.0007863626538678753,0.00949905592940297
1676,bjet1_pt,bb_lnu_dR,0.013614170198483592,0.0041215605770995485,0.009492609621384044
1639,bjet_bijet_dEta,all_sT,0.01269622437283478,0.003210851063294478,0.009485373309540301
1791,lep0_phi,bjets_pt_bb,0.009481836766949261,5.661950511916258e-06,0.009476174816437345
512,min_b_lnu_dPhi,trijet_mInv,0.014553528321184808,0.00508546698474131,0.009468061336443498
1916,ak4_jet2_phi,mjj,0.009469757704418161,5.835412319882272e-06,0.00946392229209828
1048,jj_l_dPhi,all_jets_HT,0.016944475364966936,0.007518659230698669,0.009425816134268267
106,ak4_jet0_pt,ak4_jet1_phi,0.009430668227790043,6.3719041943285926e-06,0.009424296323595715
384,lep0_pt,ak4_jet3_pt,0.013493493042954281,0.0040726113381413485,0.009420881704812933
1009,all_pt,jj_lnu_dPhi,0.011555257484863128,0.00215158254514701,0.009403674939716118
1509,trijet_mInv,bjets_dEta,0.014119315272170967,0.004721220911001432,0.009398094361169534
1823,ak4_jet3_eta,ak4_jet2_phi,0.009402994985427626,6.561490977739781e-06,0.009396433494449886
1642,bjet_bijet_dEta,bb_lnu_dPhi,0.011050906902297847,0.001660785422447155,0.009390121479850692
1838,ak4_jet3_eta,bb_lnu_dPhi,0.009404020050127231,1.718109865741363e-05,0.009386838951469818
1197,jj_lnu_dEta,bjets_mbb,0.01056270090732106,0.001178280218967185,0.009384420688353875
1089,trijet_bijet_dR,lep0_eta,0.009915897663721574,0.000537958894119478,0.009377938769602096
1709,ak4_jet0_eta,blnu_pt,0.009437635480484183,6.937448019885689e-05,0.009368261000285327
353,min_b_l_dPhi,ak4_jet2_phi,0.009373671069723186,6.177253371167368e-06,0.009367493816352018
64,bjet0_pt,blnu_pt,0.06829284520792263,0.07765021364925533,0.009357368441332697
817,trijet_pt_rat,bjets_mbb,0.03384835888577288,0.02450375282743427,0.00934460605833861
1303,jj_l_dR,ak4_jet2_phi,0.009331268207965236,5.29330308754461e-06,0.009325974904877691
1813,ak4_jet2_eta,bb_lnu_dPhi,0.009381382305222657,5.907973539558825e-05,0.009322302569827069
583,WW_pt,ak4_jet2_phi,0.009312156882799901,5.595130338272025e-06,0.009306561752461629
1011,all_pt,bjets_dEta,0.009562586046863716,0.00027075547955775214,0.009291830567305964
1374,jj_l_dEta,ak4_jet3_phi,0.00929113430742104,5.51896985732242e-06,0.009285615337563717
1462,blnu_bl_mInv,WW_mInv,0.021185221917313053,0.011901180323630195,0.009284041593682858
1038,jj_l_dPhi,ak4_jet3_eta,0.009303467196492693,2.552943704338395e-05,0.009277937759449309
260,ak4_jet1_bscore,ak4_jet2_pt,0.013946784137198732,0.004672063076605417,0.009274721060593315
1384,jj_l_dEta,trijet_bijet_dPhi,0.013247924950701068,0.004009186545417161,0.009238738405283907
107,ak4_jet0_pt,ak4_jet2_phi,0.009241056039256824,6.412451303089428e-06,0.009234643587953735
1104,trijet_bijet_dR,bjets_dEta,0.012675195716156416,0.0034567293396308048,0.00921846637652561
223,ak4_jet2_bscore,ak4_jet0_eta,0.009579048348275311,0.0003622252890861863,0.009216823059189125
1895,ak4_jet1_phi,mjj,0.009221806283640364,7.557295107776807e-06,0.009214248988532587
1893,ak4_jet1_phi,lep0_eta,0.009212310246507989,6.0606070473451235e-06,0.009206249639460644
1734,ak4_jet3_phi,bjet_bijet_dR,0.009191327859651918,5.381075256813417e-06,0.009185946784395105
432,lep0_pt,bjets_mbb,0.010722016522928982,0.00155603534594086,0.009165981176988122
667,ak4_jet2_pt,trijet_bijet_dR,0.035601930732582346,0.026446927538954047,0.0091550031936283
1004,all_pt,blnu_mT,0.01415989552831649,0.005011656728927113,0.009148238799389377
1725,ak4_jet3_phi,met_pt,0.009139731237812927,7.561641428746602e-06,0.00913216959638418
1081,trijet_bijet_dR,ak4_jet1_eta,0.011259658431580399,0.0021303431708765835,0.009129315260703815
666,ak4_jet2_pt,jj_l_dPhi,0.013286484068794253,0.00415756813194771,0.009128915936846543
82,ak4_jet0_pt,trijet_bijet_dR,0.05137481933279418,0.060480494673397875,0.009105675340603692
1567,nAK4_nonbtag,WW_mInv,0.008341788365150484,0.017442132855070687,0.009100344489920203
7,bjet0_pt,min_b_lnu_dPhi,0.016407092253095435,0.0073150391747571555,0.00909205307833828
1211,jj_lnu_dR,ak4_jet0_eta,0.022960995627141163,0.013870550670427459,0.009090444956713704
265,ak4_jet1_bscore,ak4_jet3_pt,0.012577174512098693,0.0034870232561013542,0.009090151255997339
1092,trijet_bijet_dR,bb_lnu_dEta,0.01211744340590979,0.003035887707399928,0.009081555698509863
1381,jj_l_dEta,ak4_jet1_phi,0.009059181913573394,5.1523090016381e-06,0.009054029604571755
995,all_pt,ak4_jet2_phi,0.00904058774619404,6.134034862721738e-06,0.009034453711331318
1911,ak4_jet1_phi,bjets_pt_bb,0.009023589106711,5.9242908168610775e-06,0.009017664815894139
1332,ak4_jet3_bscore,bjet_bijet_dEta,0.009395416613704782,0.0003797505582572268,0.009015666055447555
846,ak4_jet0_bscore,met_phi,0.009024652023856945,1.1518810976655913e-05,0.00901313321288029
1886,met_phi,bjets_dEta,0.008994285799769065,6.856833046638144e-06,0.008987428966722426
1457,blnu_bl_mInv,ak4_jet2_phi,0.008987531801472312,6.1028288449033186e-06,0.008981428972627409
84,ak4_jet0_pt,jj_lnu_dEta,0.010559796897075417,0.0015798625986741706,0.008979934298401247
1781,lep0_phi,blnu_mT,0.008979549594670677,9.028517597979568e-06,0.008970521077072698
519,min_b_lnu_dPhi,ak4_jet3_phi,0.008962803767900242,5.872976806133023e-06,0.008956930791094109
1446,blnu_bl_mInv,bjet_bijet_dEta,0.01141089378053832,0.002457475458102612,0.008953418322435708
1491,trijet_mInv,met_phi,0.00895451466293324,7.052694608634946e-06,0.008947461968324605
66,ak4_jet0_pt,ak4_jet2_bscore,0.013411119054915783,0.00446844000745927,0.008942679047456513
1097,trijet_bijet_dR,blnu_mT,0.028503989040019526,0.03743199315914181,0.008928004119122281
1766,ak4_jet1_eta,blnu_pt,0.009374441297466306,0.0004482378706506876,0.008926203426815618
1771,lep0_phi,ak4_jet1_phi,0.03346656567193864,0.02455061694601444,0.0089159487259242
1360,ak4_jet3_bscore,bjet_bijet_dR,0.010317868883558422,0.001408627265370499,0.008909241618187923
1835,ak4_jet3_eta,all_sT,0.009051829340156897,0.00016287767092958844,0.008888951669227308
694,ak4_jet2_pt,trijet_bijet_dPhi,0.026830644586605133,0.017944488404875992,0.008886156181729141
1949,lep0_eta,bjets_dEta,0.011296079999872897,0.002414431686170969,0.008881648313701928
478,ak4_jet1_pt,met_pt,0.02389985595674456,0.015042226831456151,0.008857629125288409
488,ak4_jet1_pt,bb_lnu_dR,0.025880789916334895,0.03472166574869646,0.008840875832361563
927,ak4_jet3_pt,jj_l_dR,0.009901464546128103,0.0010910090330403417,0.008810455513087762
397,lep0_pt,trijet_mInv,0.014244468582766935,0.005458692651889828,0.008785775930877107
68,ak4_jet0_pt,min_b_l_dPhi,0.021082722626859333,0.012325881049089542,0.008756841577769792
484,ak4_jet1_pt,jj_lnu_dPhi,0.012757143407222143,0.004005883677386746,0.008751259729835398
401,lep0_pt,bjet_bijet_dEta,0.009477771597878402,0.0007365176768136666,0.008741253921064736
924,ak4_jet3_pt,jj_lnu_dEta,0.009615921904394871,0.0009145142940815178,0.008701407610313353
596,WW_pt,trijet_bijet_dEta,0.012925943116827467,0.004226414719875161,0.008699528396952306
1816,ak4_jet2_eta,bb_lnu_dR,0.011959959390848207,0.003262590839425157,0.00869736855142305
516,min_b_lnu_dPhi,bjet_bijet_dEta,0.009267349941034491,0.0005700773708071892,0.008697272570227302
291,ak4_jet1_bscore,met_phi,0.008695808606523938,6.10047313560208e-06,0.008689708133388336
650,bjet_bijet_dPhi,all_sT,0.016142967885398266,0.007497817968481351,0.008645149916916915
785,trijet_pt_rat,nAK4_btag,0.009375403620514353,0.0007411134926950808,0.008634290127819272
984,all_pt,bjet_bijet_dEta,0.009131602722516122,0.0005051657390307135,0.008626436983485409
217,ak4_jet2_bscore,trijet_mInv,0.011883776863126676,0.0032593501802784634,0.008624426682848213
1135,blnu_lnu_mT,trijet_bijet_dPhi,0.026239256989210244,0.017628319969208713,0.00861093702000153
325,min_b_l_dPhi,ak4_jet3_pt,0.013611475986531701,0.0050070367335193836,0.008604439253012318
102,ak4_jet0_pt,ak4_jet2_eta,0.008772239293595226,0.0001729409137196103,0.008599298379875615
250,ak4_jet2_bscore,bb_lnu_dR,0.011732506787261267,0.003146958072112016,0.00858554871514925
669,ak4_jet2_pt,jj_lnu_dEta,0.009836416750726138,0.0012708718982335464,0.008565544852492592
979,all_pt,blnu_bl_mInv,0.009341144429995646,0.0007923143214883348,0.008548830108507311
843,ak4_jet0_bscore,ak4_jet2_eta,0.008793267686083288,0.0002515016780210884,0.0085417660080622
965,ak4_jet3_pt,bb_lnu_dR,0.02520164611083517,0.016684038688019927,0.008517607422815241
12,bjet0_pt,trijet_pt_rat,0.01917500355411062,0.010668245525686236,0.008506758028424386
1881,met_phi,bjets_dR,0.008500438083755626,7.353915289269597e-06,0.008493084168466357
38,bjet0_pt,ak4_jet2_eta,0.008627160716240253,0.00014782147459401623,0.008479339241646237
899,min_b_l_dR,lep0_eta,0.01362679568573636,0.0051616312048290355,0.008465164480907325
1663,bjet1_pt,WW_mInv,0.014583496924469454,0.006123666522889357,0.008459830401580097
547,min_b_lnu_dPhi,bjets_mbb,0.042442301761564716,0.033987146229561324,0.008455155532003392
1275,trijet_pt,trijet_bijet_dEta,0.0332477641041405,0.041683520204497504,0.008435756100357003
1080,trijet_bijet_dR,ak4_jet3_phi,0.008392569306715326,5.405524031096287e-06,0.00838716378268423
870,min_b_l_dR,ak4_jet3_pt,0.010370292654385608,0.018751783616903932,0.008381490962518324
790,trijet_pt_rat,ak4_jet1_eta,0.00857037377940148,0.00019316497627767243,0.008377208803123808
960,ak4_jet3_pt,trijet_bijet_dEta,0.01617782556184723,0.00780798520410645,0.008369840357740778
1745,ak4_jet1_eta,ak4_jet2_phi,0.008362866430105809,4.957770240766879e-06,0.008357908659865042
1763,ak4_jet1_eta,bb_lnu_dR,0.013309899303918387,0.004954165664521205,0.008355733639397182
1262,trijet_pt,ak4_jet2_phi,0.008292907277432784,4.4042421515899655e-06,0.008288503035281194
1146,blnu_lnu_mT,trijet_bijet_dEta,0.013452419408344435,0.005182625794573754,0.008269793613770681
1014,all_pt,bjets_pt_bb,0.011006291013399963,0.0027578325349584855,0.008248458478441478
1376,jj_l_dEta,lep0_phi,0.008248157003934914,7.597723460824046e-06,0.00824055928047409
937,ak4_jet3_pt,bjet1_pt,0.2017510479961878,0.2099803197383291,0.008229271742141303
81,ak4_jet0_pt,jj_l_dPhi,0.016858737636193943,0.008635143298986393,0.00822359433720755
1147,blnu_lnu_mT,jj_lnu_dPhi,0.049096028570034714,0.04089861961563733,0.008197408954397384
2062,met_pt,bjet_bijet_dR,0.01402410848060769,0.005829492181259145,0.008194616299348544
1458,blnu_bl_mInv,lep0_eta,0.013807384679346297,0.005617226610857822,0.008190158068488475
36,bjet0_pt,ak4_jet1_eta,0.00873012000369297,0.0005567723886066855,0.008173347615086285
200,ak4_jet2_bscore,all_mT,0.011782897885333772,0.0036256669395366183,0.008157230945797154
1958,trijet_bijet_dPhi,all_jets_HT,0.03039775943002736,0.03848238793049811,0.008084628500470748
1747,ak4_jet1_eta,trijet_bijet_dPhi,0.00812826890560777,5.280762076829287e-05,0.008075461284839477
1015,all_pt,bjets_mbb,0.008533049943298683,0.0004623541500210285,0.008070695793277655
1438,WW_mT,bb_lnu_dR,0.027898259895462844,0.01983972458960971,0.008058535305853133
707,ak4_jet2_pt,bb_lnu_dPhi,0.020277400682033077,0.028323997884592073,0.008046597202558996
467,ak4_jet1_pt,nAK4,0.02407995553692881,0.03208417821944734,0.00800422268251853
1628,bjet_bijet_dEta,lep0_eta,0.011982995333335068,0.003986675511859803,0.007996319821475265
129,all_mInv,ak4_jet2_bscore,0.011636784992320542,0.003645278257971219,0.007991506734349323
1917,ak4_jet2_phi,bb_lnu_dEta,0.007992579282719448,5.201648612285226e-06,0.007987377634107163
810,trijet_pt_rat,trijet_bijet_dEta,0.041972421341271896,0.03401644112878779,0.007955980212484108
1189,jj_lnu_dEta,all_sT,0.012616530558476304,0.004715223988917071,0.007901306569559233
1810,ak4_jet2_eta,all_sT,0.008096107931227569,0.00020100515287635803,0.007895102778351211
1852,nAK4,WW_mInv,0.010580614404386766,0.018468945094821335,0.00788833069043457
916,min_b_l_dR,bb_lnu_dR,0.09236890921089652,0.08449628822310447,0.007872620987792053
966,ak4_jet3_pt,bjets_pt_bb,0.038874676881517606,0.031016714226972223,0.007857962654545383
1193,jj_lnu_dEta,bjets_dEta,0.012696425481386903,0.00484001924352348,0.007856406237863423
237,ak4_jet2_bscore,WW_mInv,0.013468099056116754,0.005638347525631922,0.007829751530484833
387,lep0_pt,trijet_bijet_dR,0.01672045156032344,0.008901567866855985,0.007818883693467456
219,ak4_jet2_bscore,nAK4_nonbtag,0.03349781015053365,0.025690706816158468,0.007807103334375183
1564,nAK4_nonbtag,trijet_bijet_dPhi,0.03144836913338285,0.023678173199178,0.0077701959342048495
1029,jj_l_dPhi,nAK4_nonbtag,0.008241403298524972,0.00047844636640409846,0.007762956932120873
272,ak4_jet1_bscore,trijet_pt,0.01137820773585925,0.003641623413632264,0.007736584322226986
1112,blnu_lnu_mT,trijet_pt,0.11961094606752648,0.12732393293892236,0.007712986871395877
1161,jj_lnu_dEta,blnu_bl_mInv,0.01191321665177518,0.004238976608927299,0.00767424004284788
1996,bb_lnu_dEta,blnu_mT,0.011128181230517013,0.003456462173841223,0.0076717190566757895
903,min_b_l_dR,WW_mInv,0.02026919240451385,0.01261046059282079,0.007658731811693062
1809,ak4_jet2_eta,bjets_dR,0.01217935035913717,0.0045666453710504,0.00761270498808677
1224,jj_lnu_dR,bb_lnu_dEta,0.0220675053711815,0.014458702205024886,0.0076088031661566136
2091,bjets_dR,trijet_bijet_dEta,0.01625906948729395,0.008655311344808701,0.007603758142485248
1326,ak4_jet3_bscore,WW_mT,0.01874577563456321,0.011170853747422556,0.007574921887140654
1976,mjj,all_jets_HT,0.0731041404582373,0.08066079893179973,0.007556658473562433
1629,bjet_bijet_dEta,trijet_bijet_dPhi,0.01253188733364059,0.004979384019671292,0.007552503313969297
2070,blnu_mT,trijet_bijet_dEta,0.01716143473782757,0.009620021267448878,0.007541413470378691
854,ak4_jet0_bscore,all_jets_HT,0.023702721277213037,0.016171225497412154,0.007531495779800883
94,ak4_jet0_pt,nAK4_nonbtag,0.00868468276075194,0.01616642846584533,0.007481745705093391
1250,trijet_pt,nAK4_btag,0.007854004900585285,0.0003810700195016614,0.007472934881083623
1139,blnu_lnu_mT,all_jets_HT,0.03704776796375614,0.044520242575949234,0.007472474612193095
1609,nAK4_btag,jj_lnu_dPhi,0.0076868828566435815,0.00021523790461581982,0.007471644952027762
355,min_b_l_dPhi,trijet_bijet_dPhi,0.04495281940405497,0.05241256009319341,0.00745974068913844
510,min_b_lnu_dPhi,WW_mT,0.014781741289842096,0.00733411949118655,0.007447621798655546
1440,WW_mT,bjets_mbb,0.01357260387166221,0.006129510264802369,0.0074430936068598415
49,bjet0_pt,all_jets_HT,0.1662855487532316,0.15884720425129867,0.007438344501932925
425,lep0_pt,trijet_bijet_dEta,0.010405903098299467,0.002977920983802354,0.007427982114497113
588,WW_pt,WW_mInv,0.02586181583313939,0.0332869604883682,0.007425144655228807
586,WW_pt,mjj,0.011829217102949777,0.019239092925932875,0.007409875822983098
140,all_mInv,ak4_jet0_bscore,0.026865344609452148,0.019456721199412517,0.00740862341003963
1207,jj_lnu_dR,nAK4_nonbtag,0.0084981793225882,0.0011554565911610585,0.007342722731427142
706,ak4_jet2_pt,jj_lnu_dPhi,0.011290341666288815,0.003973233741254453,0.007317107925034361
1762,ak4_jet1_eta,bjet_bijet_dR,0.012673782039011896,0.005378674975443389,0.007295107063568507
50,bjet0_pt,bjets_mean_pt,0.5040944768905096,0.5113650480047124,0.007270571114202817
1304,jj_l_dR,lep0_eta,0.024180637401205074,0.016910233438592007,0.007270403962613067
1839,ak4_jet3_eta,bjets_dEta,0.019315454378775767,0.01207898198594981,0.0072364723928259565
784,trijet_pt_rat,nAK4_nonbtag,0.032920800846925634,0.025711091687841504,0.0072097091590841295
1508,trijet_mInv,bb_lnu_dPhi,0.013589648438746604,0.0063867553661415,0.007202893072605104
1480,trijet_mInv,nAK4_nonbtag,0.005154427171415753,0.012334810428252093,0.007180383256836341
31,bjet0_pt,nAK4_btag,0.008352623838287221,0.0011763366266933223,0.007176287211593899
841,ak4_jet0_bscore,ak4_jet1_eta,0.00744821212903665,0.0002788956358177122,0.007169316493218938
1977,mjj,bjets_mean_pt,0.012316144417787354,0.00515102502575597,0.007165119392031384
453,ak4_jet1_pt,WW_mT,0.1406171022733368,0.14777246850762923,0.007155366234292443
402,lep0_pt,bjet1_pt,0.010693189733174277,0.0035633271300274903,0.007129862603146787
1834,ak4_jet3_eta,bjets_dR,0.011567604811598818,0.004485800802003573,0.007081804009595245
1613,nAK4_btag,bb_lnu_dR,0.008890088526737713,0.001839223214197619,0.007050865312540094
1123,blnu_lnu_mT,bjet1_pt,0.01393070723932413,0.006885180794741146,0.007045526444582985
183,all_mInv,trijet_bijet_dEta,0.014966530478216944,0.00802540873878059,0.006941121739436354
46,bjet0_pt,mjj,0.010554429106022278,0.0036441519215212673,0.006910277184501011
1208,jj_lnu_dR,nAK4_btag,0.007023639955646865,0.00011573605219622474,0.006907903903450641
2110,trijet_bijet_dEta,bb_lnu_dPhi,0.04018589586502141,0.03329695940523454,0.006888936459786867
120,ak4_jet0_pt,trijet_bijet_dEta,0.014528239777070486,0.02141132303513673,0.006883083258066244
174,all_mInv,bb_lnu_dEta,0.009876429907415604,0.0030189850284767054,0.006857444878938898
415,lep0_pt,mjj,0.009872762730698394,0.0030211954073275024,0.006851567323370892
1982,mjj,all_sT,0.06696080468336009,0.07381177092857541,0.00685096624521532
1942,lep0_eta,blnu_mT,0.025613877666284854,0.01876905880477049,0.006844818861514362
749,all_mT,bb_lnu_dEta,0.009746905173517895,0.0029736799794825054,0.006773225194035389
769,trijet_pt_rat,ak4_jet3_pt,0.013301962946997519,0.006532267907290487,0.006769695039707032
4,bjet0_pt,min_b_l_dPhi,0.014353697724296635,0.007599562927642207,0.006754134796654428
2026,all_jets_HT,met_pt,0.038166088156918965,0.03142535830582169,0.006740729851097277
1398,jj_l_dEta,bjets_dEta,0.012941912415396713,0.006204564092623752,0.006737348322772962
1705,ak4_jet0_eta,bjet_bijet_dR,0.016494172530710907,0.009770482590885397,0.0067236899398255105
1461,blnu_bl_mInv,bb_lnu_dEta,0.023337754123044337,0.016616121003871595,0.006721633119172742
1290,jj_l_dR,nAK4_nonbtag,0.007240322483842177,0.0005209928969006957,0.006719329586941481
83,ak4_jet0_pt,blnu_lnu_mT,0.054964107956835234,0.061682845702286285,0.0067187377454510505
805,trijet_pt_rat,met_pt,0.03238553636243002,0.025681049843051734,0.0067044865193782895
606,bjet_bijet_dPhi,all_mT,0.012389782419340488,0.005737621965447238,0.00665216045389325
1511,trijet_mInv,bb_lnu_dR,0.013595605688384058,0.006977785039237374,0.006617820649146684
136,all_mInv,bjet_bijet_dPhi,0.012211370065435045,0.0056378083246422205,0.006573561740792825
1961,trijet_bijet_dPhi,blnu_mT,0.029688199048768033,0.03623528064447438,0.006547081595706345
2011,WW_mInv,met_pt,0.13597920338539285,0.14251614851778968,0.006536945132396832
382,lep0_pt,ak4_jet0_bscore,0.010530311607937558,0.004009067469803524,0.006521244138134034
1575,nAK4_nonbtag,trijet_bijet_dEta,0.014722629786978221,0.008205123114437406,0.006517506672540816
246,ak4_jet2_bscore,jj_lnu_dPhi,0.009066188741194081,0.002551266101818054,0.006514922639376027
211,ak4_jet2_bscore,trijet_pt,0.012533787966624691,0.006038714130931523,0.006495073835693168
861,ak4_jet0_bscore,trijet_bijet_dEta,0.03217796088637068,0.025700187893216233,0.006477772993154444
373,min_b_l_dPhi,bjets_mbb,0.043212736564642765,0.036765159150776966,0.006447577413865799
390,lep0_pt,jj_lnu_dR,0.018130168832452213,0.011716152093548598,0.006414016738903615
1116,blnu_lnu_mT,WW_mT,0.32634517418090336,0.31994987982470563,0.006395294356197734
215,ak4_jet2_bscore,WW_mT,0.012067624828759657,0.005714140540174835,0.006353484288584822
1711,ak4_jet3_phi,lep0_phi,0.011806881851810978,0.018095065362292318,0.0062881835104813405
115,ak4_jet0_pt,met_pt,0.04963327224988108,0.043377454856321995,0.006255817393559085
1870,met_phi,ak4_jet2_phi,0.016634855732393993,0.010433660724939505,0.006201195007454488
880,min_b_l_dR,jj_l_dEta,0.012629687648690907,0.0064708213798189175,0.00615886626887199
715,all_mT,ak4_jet0_bscore,0.0255424091266209,0.019413856339370587,0.0061285527872503125
1232,jj_lnu_dR,all_sT,0.018034545344756785,0.011918955623970839,0.006115589720785946
778,trijet_pt_rat,ak4_jet3_bscore,0.008269224373869212,0.0021547958268647756,0.006114428547004436
1096,trijet_bijet_dR,met_pt,0.020063772332312758,0.013978387687669985,0.006085384644642772
1610,nAK4_btag,bb_lnu_dPhi,0.006922079297209449,0.0008523267650256128,0.006069752532183836
2007,bb_lnu_dEta,bjets_mbb,0.017377334906130488,0.011334942857729107,0.006042392048401381
1490,trijet_mInv,nAK4,0.006005267164493979,0.012011286088111271,0.006006018923617292
1221,jj_lnu_dR,lep0_eta,0.015317924966139578,0.009320117860753912,0.005997807105385666
875,min_b_l_dR,jj_lnu_dEta,0.010920471464343131,0.004934433268261033,0.0059860381960820976
705,ak4_jet2_pt,trijet_bijet_dEta,0.018408876640056127,0.012428256260211722,0.005980620379844405
1581,nAK4_nonbtag,bjets_pt_bb,0.010456196350570681,0.004512250709730032,0.005943945640840649
1814,ak4_jet2_eta,bjets_dEta,0.015281704815273297,0.009343591106980652,0.005938113708292645
1979,mjj,blnu_mT,0.02464442766000228,0.018758811263809547,0.005885616396192731
1960,trijet_bijet_dPhi,met_pt,0.01788731828654107,0.012059596933695349,0.005827721352845722
1400,jj_l_dEta,bb_lnu_dR,0.013812979543391269,0.008022341092337553,0.005790638451053716
424,lep0_pt,all_sT,0.06923873951886123,0.07497493363602487,0.00573619411716364
1998,bb_lnu_dEta,bjets_dR,0.0534315935041995,0.0477038762704544,0.0057277172337451
1444,blnu_bl_mInv,nAK4_nonbtag,0.009593014895352206,0.0038753262627874915,0.0057176886325647144
2104,all_sT,bjet_bijet_dR,0.011731770134416002,0.017428334116038276,0.005696563981622275
758,all_mT,trijet_bijet_dEta,0.013707902344202133,0.008015009297141662,0.005692893047060471
320,min_b_l_dPhi,ak4_jet2_pt,0.014458043980109813,0.008789122610767999,0.0056689213693418145
472,ak4_jet1_pt,trijet_bijet_dPhi,0.03214643342448893,0.026481636730179312,0.00566479669430962
378,lep0_pt,bjet_bijet_dPhi,0.014833516677938308,0.00919996991428515,0.005633546763653158
359,min_b_l_dPhi,all_jets_HT,0.0193306064062167,0.013698343485063241,0.005632262921153458
872,min_b_l_dR,jj_l_dPhi,0.07239742064581257,0.06678191880303458,0.005615501842777995
1312,jj_l_dR,blnu_mT,0.017057579306990985,0.011449924825274637,0.0056076544817163475
429,lep0_pt,bjet_bijet_dR,0.014714420897430552,0.009122796656746358,0.005591624240684195
1794,ak4_jet2_eta,ak4_jet3_eta,0.028160114612577877,0.02261549348884266,0.005544621123735216
700,ak4_jet2_pt,met_pt,0.016057706941612643,0.01052560053632776,0.005532106405284884
1030,jj_l_dPhi,nAK4_btag,0.005574564081335748,6.110752758071991e-05,0.005513456553755028
1054,jj_l_dPhi,all_sT,0.02285729839894218,0.017380312887721593,0.005476985511220587
845,ak4_jet0_bscore,nAK4,0.011907453006745713,0.006458040754332803,0.005449412252412911
961,ak4_jet3_pt,jj_lnu_dPhi,0.0072641831543753775,0.0018437129226666245,0.005420470231708753
134,all_mInv,min_b_lnu_dPhi,0.013832429040597168,0.00841298486468604,0.005419444175911128
132,all_mInv,lep0_pt,0.04159474909147767,0.04698234626442699,0.0053875971729493155
773,trijet_pt_rat,blnu_lnu_mT,0.03770056808502768,0.043056606376013384,0.005356038290985701
1643,bjet_bijet_dEta,bjets_dEta,0.020048800842213863,0.014696907119440144,0.005351893722773719
2102,all_sT,bb_lnu_dPhi,0.016025711846585005,0.021336653272738076,0.005310941426153071
1868,nAK4,blnu_pt,0.004444731301068098,0.009741964910255488,0.00529723360918739
2003,bb_lnu_dEta,bjets_dEta,0.01592359265785106,0.010627332245498701,0.005296260412352358
2087,bjets_dPhi,bjets_pt_bb,0.23932593689634832,0.23403447849567963,0.0052914584006686916
1194,jj_lnu_dEta,bjet_bijet_dR,0.038394529850315516,0.04366826508162891,0.005273735231313394
1145,blnu_lnu_mT,all_sT,0.1898017125438105,0.19505095388264088,0.005249241338830368
855,ak4_jet0_bscore,bjets_mean_pt,0.09148551081639711,0.08627872026870768,0.005206790547689424
1433,WW_mT,trijet_bijet_dEta,0.022428392841105222,0.027583352429293655,0.005154959588188433
1856,nAK4,blnu_mT,0.0027837683414396394,0.007929459982601035,0.005145691641161396
1864,nAK4,bjet_bijet_dR,0.0063294524301222045,0.0012066767619340127,0.005122775668188192
187,all_mInv,bjet_bijet_dR,0.026041791915040392,0.020923035924652902,0.00511875599038749
1648,bjet_bijet_dEta,blnu_pt,0.009939507905229582,0.004844555458993177,0.005094952446236405
1740,ak4_jet1_eta,ak4_jet2_eta,0.03829938421622604,0.033235191596289446,0.005064192619936597
1473,blnu_bl_mInv,bjets_dEta,0.014933741012030832,0.00990431746021015,0.005029423551820681
762,all_mT,bjet_bijet_dR,0.02601178957628912,0.02099995102757296,0.00501183854871616
319,min_b_l_dPhi,bjet_bijet_dPhi,0.08154684342550125,0.07653505028068394,0.005011793144817311
799,trijet_pt_rat,trijet_bijet_dPhi,0.23327897840537548,0.22827050620285538,0.005008472202520098
779,trijet_pt_rat,jj_l_dEta,0.013301648792050886,0.00834087532082916,0.0049607734712217265
550,WW_pt,ak4_jet2_pt,0.08592873768251029,0.08099717842363335,0.004931559258876936
1291,jj_l_dR,nAK4_btag,0.004973524747982003,4.715495911239431e-05,0.004926369788869608
2138,bjet_bijet_dR,blnu_pt,0.03816253233835169,0.04307501492204023,0.004912482583688538
1163,jj_lnu_dEta,lep0_iso,0.00487701209669375,6.341048541733119e-06,0.004870671048152017
1552,nAK4_nonbtag,bjet1_pt,0.011476158699218728,0.006623054901640318,0.0048531037975784105
53,bjet0_pt,bjets_dPhi,0.02088761140267213,0.01603923450493282,0.004848376897739308
48,bjet0_pt,WW_mInv,0.01385403872340997,0.0090464930334896,0.004807545689920371
332,min_b_l_dPhi,trijet_pt,0.026519326154876496,0.021731154732252782,0.004788171422623715
1437,WW_mT,bjet_bijet_dR,0.01585984083325595,0.011084203599244398,0.0047756372340115524
1761,ak4_jet1_eta,bjets_dEta,0.013578727921313524,0.008803289666885754,0.00477543825442777
316,min_b_l_dPhi,ak4_jet1_pt,0.01710156538913083,0.012327616433163994,0.004773948955966837
786,trijet_pt_rat,bjet_bijet_dEta,0.014493751561552602,0.009743167547126494,0.004750584014426108
1277,trijet_pt,bb_lnu_dPhi,0.023019572259873583,0.027769508150273764,0.004749935890400181
2089,bjets_dPhi,blnu_pt,0.032135723586776986,0.027386483764407697,0.00474923982236929
656,bjet_bijet_dPhi,bb_lnu_dR,0.0332760050898348,0.028531417400878455,0.004744587688956341
380,lep0_pt,all_mT,0.04247484979486167,0.04721744136265876,0.0047425915677970915
483,ak4_jet1_pt,trijet_bijet_dEta,0.021967920472167023,0.017289951538160882,0.004677968934006141
499,min_b_lnu_dPhi,ak4_jet3_pt,0.011174150267041126,0.006550854800267791,0.004623295466773335
1566,nAK4_nonbtag,bb_lnu_dEta,0.00468923495247069,0.00012476490424331507,0.0045644700482273745
202,ak4_jet2_bscore,ak4_jet0_bscore,0.026729396951232633,0.02217506295682325,0.004554333994409382
1715,ak4_jet3_phi,met_phi,0.010267844833800152,0.005716437915473577,0.004551406918326575
1150,blnu_lnu_mT,bjet_bijet_dR,0.018285506869020512,0.013741097180280989,0.004544409688739523
1616,nAK4_btag,blnu_pt,0.004699457415958022,0.00015737348412066254,0.00454208393183736
1569,nAK4_nonbtag,bjets_mean_pt,0.0073225490923328595,0.002830478482106564,0.004492070610226296
1546,lep0_iso,bb_lnu_dR,0.0045781696895533,9.704014924920984e-05,0.00448112954030409
192,ak4_jet2_bscore,ak4_jet1_bscore,0.0278100399481381,0.02334181259762908,0.004468227350509019
1858,nAK4,bjets_dR,0.0046300968997395366,0.00018357214992124893,0.004446524749818288
955,ak4_jet3_pt,met_pt,0.01077037478737495,0.006388145087007715,0.004382229700367234
1532,lep0_iso,bb_lnu_dEta,0.004403570412592629,3.2987337481416024e-05,0.004370583075111213
1443,blnu_bl_mInv,lep0_iso,0.008274074602277644,0.003958841823585853,0.00431523277869179
1861,nAK4,jj_lnu_dPhi,0.004644645294250533,0.000331414423265633,0.0043132308709849
836,ak4_jet0_bscore,nAK4_btag,0.027493551600576982,0.03179564069955311,0.004302089098976128
1565,nAK4_nonbtag,mjj,0.004884893585857433,0.009181005579705206,0.004296111993847773
374,min_b_l_dPhi,blnu_pt,0.027719276235064788,0.02344159439811662,0.004277681836948169
1085,trijet_bijet_dR,nAK4,0.03667906840258643,0.03240253580708771,0.004276532595498719
495,min_b_lnu_dPhi,all_mT,0.012814380179153092,0.008542871135411374,0.004271509043741718
1368,jj_l_dEta,lep0_iso,0.004304269658879298,3.792368680460845e-05,0.004266345972074689
833,ak4_jet0_bscore,trijet_mInv,0.019448514411213202,0.015191670356771709,0.004256844054441494
1554,nAK4_nonbtag,ak4_jet3_phi,0.004257781088198311,2.550398495651876e-06,0.004255230689702659
421,lep0_pt,blnu_mT,0.0912512136470281,0.09550197956973205,0.0042507659227039585
783,trijet_pt_rat,lep0_iso,0.005162972424982298,0.0009179942338423015,0.004244978191139996
2116,trijet_bijet_dEta,blnu_pt,0.02047517806599714,0.024691887511162566,0.004216709445165428
2074,blnu_mT,bjet_bijet_dR,0.014228816534990845,0.018440368810451704,0.004211552275460859
513,min_b_lnu_dPhi,lep0_iso,0.004305416578931232,0.00011461348646355646,0.004190803092467676
1217,jj_lnu_dR,nAK4,0.006292536111027435,0.002115520008396911,0.004177016102630524
1340,ak4_jet3_bscore,nAK4,0.009617647969559252,0.005470747804917228,0.004146900164642024
1597,nAK4_btag,trijet_bijet_dPhi,0.006826020697227861,0.002684865706249817,0.004141154990978044
1536,lep0_iso,met_pt,0.004396718739784592,0.00025770961660985525,0.004139009123174737
1300,jj_l_dR,nAK4,0.005489134083503114,0.0013861442385212086,0.004102989844981905
456,ak4_jet1_pt,lep0_iso,0.004255377665415314,0.00015623007979079923,0.004099147585624515
2105,all_sT,bb_lnu_dR,0.02103527067404513,0.025125425075574873,0.004090154401529742
944,ak4_jet3_pt,nAK4,0.1253382106721526,0.1294039119153728,0.004065701243220199
1119,blnu_lnu_mT,lep0_iso,0.012291370829235513,0.008239751244354162,0.004051619584881351
1555,nAK4_nonbtag,ak4_jet1_eta,0.004263503639181298,0.00022762023192537083,0.004035883407255927
539,min_b_lnu_dPhi,all_sT,0.016034230780565206,0.012000523530792156,0.00403370724977305
156,all_mInv,lep0_iso,0.005630756154519041,0.0015989244066898951,0.0040318317478291454
624,bjet_bijet_dPhi,lep0_iso,0.0044985385656244326,0.0004729063571507902,0.004025632208473642
982,all_pt,nAK4_nonbtag,0.004788209284756291,0.0007754216238212326,0.004012787660935059
381,lep0_pt,trijet_pt_rat,0.018773947873569414,0.02278614072744695,0.004012192853877536
29,bjet0_pt,lep0_iso,0.0040801519181436485,0.00010304292576374108,0.0039771089923799074
274,ak4_jet1_bscore,ak4_jet3_bscore,0.022100973537633756,0.01814774322743613,0.0039532303101976266
1065,trijet_bijet_dR,jj_lnu_dEta,0.012266293117784498,0.01617989957425123,0.0039136064564667325
1541,lep0_iso,trijet_bijet_dEta,0.003994327500096748,9.956218496093294e-05,0.0038947653151358147
1519,lep0_iso,ak4_jet0_eta,0.003900593843907299,1.1516780453676989e-05,0.003889077063453622
1039,jj_l_dPhi,nAK4,0.004257539920481113,0.0003897447378773469,0.0038677951826037657
1558,nAK4_nonbtag,ak4_jet3_eta,0.0039310940394966555,6.685381197299965e-05,0.003864240227523656
2031,all_jets_HT,trijet_bijet_dEta,0.021186767049918214,0.02504337546078541,0.0038566084108671954
2006,bb_lnu_dEta,bjets_pt_bb,0.06567584488138677,0.06182847778632648,0.0038473670950602834
2137,bjet_bijet_dR,bjets_mbb,0.023769758650043053,0.01993495006010792,0.003834808589935134
1529,lep0_iso,lep0_eta,0.004104895768615138,0.00032069601992961577,0.003784199748685522
731,all_mT,lep0_iso,0.005367943858156438,0.0015992573738733418,0.0037686864842830965
1849,nAK4,trijet_bijet_dPhi,0.03021884528669662,0.02645181074501636,0.0037670345416802586
962,ak4_jet3_pt,bb_lnu_dPhi,0.02286306811042292,0.019104424429356344,0.003758643681066577
1280,trijet_pt,bb_lnu_dR,0.022029515708691855,0.025777588822721048,0.0037480731140291934
1435,WW_mT,bb_lnu_dPhi,0.022414109660488412,0.018680756612892375,0.0037333530475960365
1571,nAK4_nonbtag,blnu_mT,0.004040025497139799,0.007766150474906409,0.00372612497776661
1195,jj_lnu_dEta,bb_lnu_dR,0.01526740740967716,0.011562111499424557,0.0037052959102526033
1518,lep0_iso,bjet1_pt,0.0037636179085779424,8.938529129762923e-05,0.003674232617280313
776,trijet_pt_rat,trijet_pt,0.3098858316084674,0.306215612154181,0.003670219454286361
678,ak4_jet2_pt,lep0_iso,0.003775777488719729,0.00011505271691854974,0.003660724771801179
218,ak4_jet2_bscore,lep0_iso,0.0036738447533415514,1.4646750247940266e-05,0.003659198003093611
1599,nAK4_btag,bb_lnu_dEta,0.004613117741352382,0.0009542524436280952,0.003658865297724287
1583,nAK4_nonbtag,blnu_pt,0.010559609877430803,0.006911721268841369,0.0036478886085894334
77,ak4_jet0_pt,ak4_jet0_bscore,0.020573793996105715,0.01695788169219402,0.003615912303911697
981,all_pt,lep0_iso,0.003631470584232247,3.1669995102470705e-05,0.0035998005891297764
185,all_mInv,bb_lnu_dPhi,0.01948826492250152,0.015915285527224123,0.003572979395277398
884,min_b_l_dR,lep0_iso,0.0037158809143569144,0.00015703799979997768,0.0035588429145569367
1523,lep0_iso,ak4_jet2_eta,0.0035577215755362747,5.502614914387749e-06,0.003552218960621887
1076,trijet_bijet_dR,nAK4_btag,0.005488106474657098,0.001960851589819082,0.003527254884838016
1522,lep0_iso,lep0_phi,0.003522883745344707,7.5195343843120765e-06,0.003515364210960395
1551,nAK4_nonbtag,bjet_bijet_dEta,0.0035612101762218865,7.876403108802998e-05,0.0034824461451338565
1560,nAK4_nonbtag,met_phi,0.0034831802555468448,1.3134219115796403e-06,0.003481866833635265
1857,nAK4,bjets_dPhi,0.003942734036866496,0.0004666665061347844,0.0034760675307317114
1055,jj_l_dPhi,trijet_bijet_dEta,0.01419203892752292,0.010763042718695343,0.003428996208827577
1248,trijet_pt,lep0_iso,0.005153113298246893,0.0017340120410592082,0.003419101257187685
556,WW_pt,all_pt,0.01613290753427213,0.012719506126659383,0.0034134014076127456
1556,nAK4_nonbtag,lep0_phi,0.0034102796894980303,1.4767240040045732e-06,0.0034088029654940257
888,min_b_l_dR,bjet1_pt,0.024355309265813273,0.02095938671566326,0.0033959225501500115
933,ak4_jet3_pt,lep0_iso,0.003434380914085357,5.0320871075391904e-05,0.003384060043009965
1526,lep0_iso,met_phi,0.0033745861894328884,1.3497034611828496e-06,0.0033732364859717055
1533,lep0_iso,WW_mInv,0.006928725573963804,0.003561600527649058,0.0033671250463147458
881,min_b_l_dR,WW_mT,0.01607457473438006,0.012713613825757211,0.00336096090862285
2071,blnu_mT,jj_lnu_dPhi,0.01521824175505685,0.01857802293706272,0.003359781182005868
1624,bjet_bijet_dEta,nAK4,0.004124447678974963,0.0008365362675084795,0.0032879114114664834
93,ak4_jet0_pt,lep0_iso,0.0038759819029497503,0.0006010750942507977,0.0032749068086989526
1539,lep0_iso,bjets_dR,0.0032867820007922294,1.2330560136414315e-05,0.003274451440655815
446,ak4_jet1_pt,blnu_lnu_mT,0.018430742649713307,0.021700261441298004,0.003269518791584696
1528,lep0_iso,ak4_jet2_phi,0.0032687751077013563,1.3505158861504274e-06,0.003267424591815206
1531,lep0_iso,mjj,0.003338004140627352,7.511635117590093e-05,0.003262887789451451
1561,nAK4_nonbtag,ak4_jet1_phi,0.003259809279602336,2.41281684336056e-06,0.0032573964627589753
30,bjet0_pt,nAK4_nonbtag,0.004356177571217866,0.0011121519361196076,0.003244025635098258
1442,blnu_bl_mInv,trijet_mInv,0.011147891995731539,0.00791206569056482,0.003235826305166719
339,min_b_l_dPhi,lep0_iso,0.0033724019509535977,0.00014649773964568735,0.0032259042113079103
1527,lep0_iso,ak4_jet1_phi,0.003207917841902403,2.0380322616753155e-06,0.0032058798096407277
1618,bjet_bijet_dEta,ak4_jet0_eta,0.02494041734771603,0.02813443907202633,0.003194021724310301
1850,nAK4,mjj,0.006973792103939145,0.010126372246041467,0.0031525801421023215
375,lep0_pt,ak4_jet1_pt,0.012854593152375544,0.009715254948575978,0.003139338203799566
1543,lep0_iso,bb_lnu_dPhi,0.0033360392619849848,0.00020013932514596072,0.003135899936839024
1562,nAK4_nonbtag,ak4_jet2_phi,0.003127178751761944,2.5313861374449964e-06,0.003124647365624499
2101,all_sT,jj_lnu_dPhi,0.017091214083795957,0.020214489399544167,0.0031232753157482106
1206,jj_lnu_dR,lep0_iso,0.003770105051752244,0.0006630440701538912,0.003107060981598353
300,ak4_jet1_bscore,bjets_mean_pt,0.016476983173471866,0.013410259524165382,0.003066723649306484
2109,trijet_bijet_dEta,jj_lnu_dPhi,0.021044154512482864,0.017994856902983532,0.0030492976094993324
1479,trijet_mInv,lep0_iso,0.0031733298878311063,0.0001314775070770935,0.003041852380754013
2010,WW_mInv,bjets_mean_pt,0.015133048954855018,0.012092111335141504,0.0030409376197135136
853,ak4_jet0_bscore,WW_mInv,0.06611014196515362,0.06911576413577351,0.0030056221706198927
548,min_b_lnu_dPhi,blnu_pt,0.03749029444655483,0.04048314192241185,0.0029928474758570203
1517,lep0_iso,bjet_bijet_dEta,0.003007582453634545,2.4943589064338467e-05,0.0029826388645702064
923,ak4_jet3_pt,blnu_lnu_mT,0.012000740351079411,0.009043307466976798,0.0029574328841026135
1553,nAK4_nonbtag,ak4_jet0_eta,0.0035157038714695305,0.0005641961408411784,0.002951507730628352
1542,lep0_iso,jj_lnu_dPhi,0.003792906442432825,0.0008443824172480012,0.002948524025184824
1520,lep0_iso,ak4_jet3_phi,0.0029188780656806794,1.0256886579865232e-06,0.002917852377022693
457,ak4_jet1_pt,nAK4_nonbtag,0.015533402349338664,0.01844322162029926,0.0029098192709605952
569,WW_pt,lep0_iso,0.0030865025055641197,0.0001768118700945752,0.0029096906354695445
379,lep0_pt,ak4_jet2_pt,0.009898382029411831,0.007004906478748997,0.0028934755506628343
658,bjet_bijet_dPhi,bjets_mbb,0.027524281888610475,0.030414485796389123,0.0028902039077786483
1538,lep0_iso,bjets_dPhi,0.0028843461539677685,1.2048866443709061e-05,0.0028722972875240595
1074,trijet_bijet_dR,lep0_iso,0.0030796433631280658,0.00031045832484020985,0.002769185038287856
420,lep0_pt,met_pt,0.009177885543041404,0.0064148777146603615,0.002763007828381042
1289,jj_l_dR,lep0_iso,0.004286116647776943,0.0015256801103696975,0.0027604365374072452
1524,lep0_iso,ak4_jet3_eta,0.0027606080613237147,3.990457714694862e-06,0.00275661760360902
1537,lep0_iso,blnu_mT,0.006886660619090226,0.004140865002242658,0.0027457956168475683
932,ak4_jet3_pt,trijet_mInv,0.07147488434188208,0.06873763751929284,0.0027372468225892455
1549,lep0_iso,blnu_pt,0.005962903553613393,0.0032426272564197445,0.002720276297193649
635,bjet_bijet_dPhi,nAK4,0.0030447860159152768,0.0003471236704682343,0.0026976623454470425
1179,jj_lnu_dEta,trijet_bijet_dPhi,0.009035255165938772,0.006369035834328896,0.002666219331609876
1399,jj_l_dEta,bjet_bijet_dR,0.03584199043386015,0.03850154080423569,0.0026595503703755394
2016,WW_mInv,trijet_bijet_dEta,0.024304358405711504,0.02694810037928391,0.002643741973572405
1742,ak4_jet1_eta,nAK4,0.0026777551545037123,4.5202588613228734e-05,0.0026325525658904836
95,ak4_jet0_pt,nAK4_btag,0.003536817242529494,0.000949371686495934,0.00258744555603356
1535,lep0_iso,bjets_mean_pt,0.002667411693022568,0.0001195369792297632,0.0025478747137928047
1369,jj_l_dEta,nAK4_nonbtag,0.0035707625931525027,0.001024067987983374,0.0025466946051691287
1769,lep0_phi,nAK4,0.0025437258015921366,1.003370570004658e-06,0.002542722431022132
1350,ak4_jet3_bscore,bjets_mean_pt,0.027333372199258684,0.029867163483324043,0.0025337912840653586
1544,lep0_iso,bjets_dEta,0.0025228878129408203,6.001068818810296e-06,0.00251688674412201
398,lep0_pt,lep0_iso,0.03722816938322468,0.03471451511768246,0.0025136542655422173
1534,lep0_iso,all_jets_HT,0.002813122879637562,0.0003154673751973973,0.0024976555044401647
141,all_mInv,min_b_l_dR,0.0210980188047763,0.018638034768939438,0.002459984035836863
1174,jj_lnu_dEta,nAK4,0.006047364009550443,0.0036147646867902214,0.002432599322760222
1845,nAK4,met_phi,0.00242037785028814,1.2753263461326436e-06,0.002419102523942007
800,trijet_pt_rat,mjj,0.022425675368331455,0.0248379835753961,0.002412308207064645
1530,lep0_iso,trijet_bijet_dPhi,0.002648389486180222,0.00025867784726041343,0.0023897116389198086
1563,nAK4_nonbtag,lep0_eta,0.0024392749746057598,4.9710428202029075e-05,0.0023895645464037307
1164,jj_lnu_dEta,nAK4_nonbtag,0.004576926447200693,0.0021880734405430088,0.0023888530066576846
1540,lep0_iso,all_sT,0.004613613967791794,0.0022357545077651628,0.002377859460026631
494,min_b_lnu_dPhi,ak4_jet2_pt,0.013430359668544674,0.011064066049963645,0.0023662936185810286
279,ak4_jet1_bscore,lep0_iso,0.0023822006995919617,2.0618802179565854e-05,0.002361581897412396
1545,lep0_iso,bjet_bijet_dR,0.00278220018257121,0.0004328523520843071,0.002349347830486903
1547,lep0_iso,bjets_pt_bb,0.0024564575240754484,0.00015779944570805393,0.0022986580783673945
834,ak4_jet0_bscore,lep0_iso,0.0024202915601705052,0.00013910916056351919,0.002281182399606986
426,lep0_pt,jj_lnu_dPhi,0.016152111077645498,0.01842512055302506,0.0022730094753795616
1498,trijet_mInv,WW_mInv,0.21930269390782448,0.21704170539004977,0.0022609885177747036
1860,nAK4,trijet_bijet_dEta,0.014836551964777896,0.012601013017461124,0.0022355389473167724
1521,lep0_iso,ak4_jet1_eta,0.002232601614689956,1.0452170975207287e-05,0.0022221494437147486
1548,lep0_iso,bjets_mbb,0.0022435999513430623,4.1480015967002015e-05,0.0022021199353760602
2111,trijet_bijet_dEta,bjets_dEta,0.015994491731487866,0.013814793797996019,0.0021796979334918476
1281,trijet_pt,bjets_pt_bb,0.04203517711984631,0.044187410658985224,0.0021522335391389105
22,bjet0_pt,trijet_pt,0.08149310040559525,0.0836232848306604,0.002130184425065143
1589,nAK4_btag,lep0_phi,0.0021234916787593733,4.987859384686377e-07,0.0021229928928209046
1329,ak4_jet3_bscore,lep0_iso,0.0021539388949286774,3.718475521424791e-05,0.0021167541397144295
1863,nAK4,bjets_dEta,0.0023075112334285386,0.00019698496646671643,0.002110526266961822
858,ak4_jet0_bscore,bjets_dPhi,0.014727449284225078,0.012641882239409166,0.0020855670448159114
1510,trijet_mInv,bjet_bijet_dR,0.16066404086032998,0.15857868302732125,0.0020853578330087275
1847,nAK4,ak4_jet2_phi,0.0020768740556411994,8.9826753189165e-07,0.0020759757881093077
1502,trijet_mInv,blnu_mT,0.03745061462941505,0.03541445260930115,0.0020361620201138977
1406,WW_mT,lep0_iso,0.00555088159940351,0.0035367389797079166,0.0020141426196955935
280,ak4_jet1_bscore,nAK4_nonbtag,0.032228051523264065,0.030223599667280065,0.002004451855984
1867,nAK4,bjets_mbb,0.002758282102064448,0.0007835740301466998,0.001974708071917748
1714,ak4_jet3_phi,nAK4,0.0019695713841398343,9.483008321306552e-07,0.0019686230833077037
1846,nAK4,ak4_jet1_phi,0.0019614517180970084,1.6004488542289974e-06,0.0019598512692427794
1862,nAK4,bb_lnu_dPhi,0.010654212855760004,0.008711323626491609,0.0019428892292683957
1989,mjj,bjets_pt_bb,0.013420162331227437,0.01152104766559501,0.001899114665632428
1795,ak4_jet2_eta,nAK4,0.0018667440007558364,4.010890352637575e-06,0.0018627331104031988
445,ak4_jet1_pt,trijet_bijet_dR,0.03830470458267675,0.04015472748714538,0.0018500229044686317
1608,nAK4_btag,trijet_bijet_dEta,0.0020221037942094733,0.00019066451256585792,0.0018314392816436154
418,lep0_pt,all_jets_HT,0.016701256260662836,0.01852826494258204,0.0018270086819192032
1557,nAK4_nonbtag,ak4_jet2_eta,0.0019387461224782323,0.00011874022100126849,0.0018200059014769638
1454,blnu_bl_mInv,nAK4,0.0029427580179798123,0.0011272821781679807,0.0018154758398118316
647,bjet_bijet_dPhi,blnu_mT,0.015427604945230818,0.01723705612615815,0.0018094511809273323
1997,bb_lnu_dEta,bjets_dPhi,0.05115550901709762,0.04934612476050539,0.0018093842565922238
1851,nAK4,bb_lnu_dEta,0.0020449399922461906,0.0002912228141396314,0.0017537171781065591
1379,jj_l_dEta,nAK4,0.003867062269060237,0.0021319693164748924,0.0017350929525853445
992,all_pt,nAK4,0.00186648549766006,0.00017086938223398462,0.0016956161154260754
604,WW_pt,blnu_pt,0.03485880615557657,0.03318447340906659,0.0016743327465099794
1028,jj_l_dPhi,lep0_iso,0.0037433052386888696,0.002072500080686813,0.0016708051580020568
1866,nAK4,bjets_pt_bb,0.003110905659897474,0.004740966190155314,0.0016300605302578403
533,min_b_lnu_dPhi,all_jets_HT,0.016326978447764075,0.01794572224877633,0.0016187438010122554
1685,ak4_jet0_eta,nAK4,0.0019096243722189488,0.0003805545160150692,0.0015290698562038796
1820,ak4_jet3_eta,nAK4,0.0015554512133718196,2.936966856564166e-05,0.001526081544806178
1586,nAK4_btag,ak4_jet0_eta,0.0017333661284375107,0.0002157182763673493,0.0015176478520701614
760,all_mT,bb_lnu_dPhi,0.017775588242942744,0.016269345264732497,0.0015062429782102468
1121,blnu_lnu_mT,nAK4_btag,0.0008926288184950559,0.002391827942586966,0.00149919912409191
1272,trijet_pt,bjets_dPhi,0.04363238869612661,0.042133875614158475,0.0014985130819681336
1600,nAK4_btag,WW_mInv,0.0030810075888240834,0.0015889098981584915,0.001492097690665592
1592,nAK4_btag,nAK4,0.0014709039560207304,0.0029468745522286954,0.001475970596207965
1229,jj_lnu_dR,blnu_mT,0.013256818888712246,0.011790445699818852,0.001466373188893394
524,min_b_lnu_dPhi,nAK4,0.004225607485847001,0.0027741277943638884,0.0014514796914831124
1655,bjet1_pt,nAK4,0.002405018164433975,0.000960714370497856,0.0014443037939361192
188,all_mInv,bb_lnu_dR,0.018105063988992177,0.01668217779010442,0.0014228861988877586
668,ak4_jet2_pt,blnu_lnu_mT,0.013639396980779983,0.015032527462194835,0.0013931304814148518
229,ak4_jet2_bscore,nAK4,0.0036758841639459236,0.0022833596132403877,0.0013925245507055359
1120,blnu_lnu_mT,nAK4_nonbtag,0.0035359100330586033,0.004918787460387807,0.0013828774273292035
1987,mjj,bjet_bijet_dR,0.01567239270844442,0.014320379500448902,0.0013520132079955192
2022,WW_mInv,bjets_pt_bb,0.022057101895757596,0.020717669849917426,0.00133943204584017
710,ak4_jet2_pt,bb_lnu_dR,0.02743311255134767,0.026105343980717916,0.0013277685706297553
1370,jj_l_dEta,nAK4_btag,0.0013179479400870914,1.7277590851585978e-05,0.0013006703492355054
1848,nAK4,lep0_eta,0.0013271153016570572,2.803277362128237e-05,0.0012990825280357748
829,ak4_jet0_bscore,ak4_jet3_bscore,0.01938276454875421,0.01808551174593212,0.0012972528028220888
40,bjet0_pt,nAK4,0.0025600410224467726,0.0012950936450258632,0.0012649473774209094
409,lep0_pt,nAK4,0.0024502267500059113,0.0011890672020620982,0.0012611595479438131
1130,blnu_lnu_mT,nAK4,0.0015510374620741063,0.0027645549799457103,0.001213517517871604
1165,jj_lnu_dEta,nAK4_btag,0.0012467414744279232,3.507108862825514e-05,0.001211670385799668
1481,trijet_mInv,nAK4_btag,0.001743849413228249,0.002951425566630514,0.001207576153402265
835,ak4_jet0_bscore,nAK4_nonbtag,0.03625388112457788,0.0350563025907763,0.001197578533801577
983,all_pt,nAK4_btag,0.002136990537564734,0.0009458321400933889,0.0011911583974713452
1604,nAK4_btag,blnu_mT,0.002301880562696937,0.0011150337204902105,0.0011868468422067263
679,ak4_jet2_pt,nAK4_nonbtag,0.03432387768285011,0.033159205282193516,0.0011646724006565967
69,ak4_jet0_pt,lep0_pt,0.023788758251374414,0.024952578219887576,0.001163819968513162
399,lep0_pt,nAK4_nonbtag,0.003144360455838359,0.0019878858706200517,0.0011564745852183072
1590,nAK4_btag,ak4_jet2_eta,0.0013790209569591039,0.00022383423196395413,0.0011551867249951497
1594,nAK4_btag,ak4_jet1_phi,0.0011450540513819468,1.3750527722150574e-06,0.0011436789986097318
1279,trijet_pt,bjet_bijet_dR,0.08548252158157266,0.0865415775039108,0.0010590559223381396
1596,nAK4_btag,lep0_eta,0.0012676440706418102,0.00021740390835174594,0.0010502401622900642
689,ak4_jet2_pt,nAK4,0.05874475093298494,0.05977166920558493,0.0010269182725999929
1593,nAK4_btag,met_phi,0.001023377349359894,3.4104391703759784e-07,0.0010230363054428565
1595,nAK4_btag,ak4_jet2_phi,0.0010090451402188089,1.2090722995156122e-06,0.0010078360679192933
1134,blnu_lnu_mT,lep0_eta,0.03254063531819507,0.03156048881047298,0.0009801465077220947
2143,bjets_pt_bb,blnu_pt,0.04211752602822465,0.04306083445794263,0.0009433084297179803
1198,jj_lnu_dEta,blnu_pt,0.013246678424861599,0.012312696028787685,0.0009339823960739131
1591,nAK4_btag,ak4_jet3_eta,0.0010461165459424299,0.00015968750436241852,0.0008864290415800113
1865,nAK4,bb_lnu_dR,0.00967817484545886,0.00879465746742944,0.0008835173780294206
506,min_b_lnu_dPhi,trijet_pt,0.02692413367681546,0.02779647890625161,0.0008723452294361507
158,all_mInv,nAK4_btag,0.0010327781671399944,0.00016655187952271944,0.0008662262876172749
733,all_mT,nAK4_btag,0.0010206892178212246,0.000157099868295818,0.0008635893495254066
716,all_mT,min_b_l_dR,0.019628954066544232,0.018766626515330485,0.0008623275512137478
400,lep0_pt,nAK4_btag,0.0016785363845887302,0.0008331467361372413,0.0008453896484514889
934,ak4_jet3_pt,nAK4_nonbtag,0.07074111444431916,0.071577922451189,0.0008368080068698464
648,bjet_bijet_dPhi,bjets_dPhi,0.176933327931504,0.17614524839628942,0.0007880795352145642
1588,nAK4_btag,ak4_jet1_eta,0.0010423413506724793,0.0002585187802762179,0.0007838225703962615
1587,nAK4_btag,ak4_jet3_phi,0.0007687212372049224,1.2903962528371116e-06,0.0007674308409520852
138,all_mInv,all_mT,2.293983782378682,2.2932252157597386,0.0007585666189435791
1515,lep0_iso,nAK4_nonbtag,0.0007591175676141225,8.45648121907891e-06,0.0007506610863950436
290,ak4_jet1_bscore,nAK4,0.0022634374287600623,0.0030065913223726315,0.0007431538936125692
1064,trijet_bijet_dR,blnu_lnu_mT,0.020754743067918746,0.020035934454787747,0.0007188086131309987
868,ak4_jet0_bscore,bjets_mbb,0.04121410789894522,0.04051197234617204,0.000702135552773174
1156,jj_lnu_dEta,trijet_pt,0.012272289081514984,0.011595762742603904,0.00067652633891108
774,trijet_pt_rat,jj_lnu_dEta,0.016250023147329058,0.015579949377092617,0.0006700737702364408
76,ak4_jet0_pt,trijet_pt_rat,0.022391072772846955,0.02294452395518303,0.0005534511823360767
1516,lep0_iso,nAK4_btag,0.0005789558484047413,2.691154131059803e-05,0.0005520443070941433
761,all_mT,bjets_dEta,0.01785483323679843,0.018398592474567793,0.0005437592377693645
1601,nAK4_btag,all_jets_HT,0.0016489060839220138,0.002174976459006814,0.0005260703750848
1525,lep0_iso,nAK4,0.0004954768157288195,2.7990906289396267e-06,0.0004926777250998798
1607,nAK4_btag,all_sT,0.001157205087614882,0.0006689818106297568,0.00048822327698512524
1570,nAK4_nonbtag,met_pt,0.003509396531013023,0.0030368712149074356,0.00047252531610558757
1602,nAK4_btag,bjets_mean_pt,0.008263655016076843,0.007808395518419442,0.0004552594976574009
1408,WW_mT,nAK4_btag,0.0013388028151417736,0.001788473415572353,0.0004496706004305795
439,ak4_jet1_pt,trijet_pt_rat,0.016800120825941952,0.01724308765262839,0.00044296682668643755
935,ak4_jet3_pt,nAK4_btag,0.0021959397741788816,0.0026086613519531315,0.0004127215777742499
1855,nAK4,met_pt,0.0023892632546806992,0.0019794392949211426,0.0004098239597595567
680,ak4_jet2_pt,nAK4_btag,0.0022735586627565946,0.0026819162020883525,0.0004083575393317579
1584,nAK4_btag,bjet_bijet_dEta,0.001173091540601856,0.0007783407147650967,0.00039475082583675936
1051,jj_l_dPhi,blnu_mT,0.015380375485594757,0.014994279035926521,0.00038609644966823564
1854,nAK4,bjets_mean_pt,0.0017289243011730723,0.0021106099649872007,0.00038168566381412833
860,ak4_jet0_bscore,all_sT,0.0209899105847814,0.020619247549301015,0.00037066303548038623
1598,nAK4_btag,mjj,0.0022706819898308944,0.0026372011016937286,0.00036651911186283415
856,ak4_jet0_bscore,met_pt,0.009162620042899052,0.008856374099859551,0.0003062459430395008
392,lep0_pt,jj_l_dR,0.02647133746847659,0.026746625759032083,0.00027528829055549486
1249,trijet_pt,nAK4_nonbtag,0.036290711027742895,0.036563102846646045,0.00027239181890315045
24,bjet0_pt,ak4_jet3_bscore,0.049008787868951104,0.04874481503228584,0.00026397283666526605
763,all_mT,bb_lnu_dR,0.017201895509910387,0.01694639265515899,0.00025550285475139586
186,all_mInv,bjets_dEta,0.018689632110655857,0.018447978263974027,0.0002416538466818302
350,min_b_l_dPhi,nAK4,0.0019204756516498153,0.0016929660520487583,0.00022750959960105704
1070,trijet_bijet_dR,jj_l_dEta,0.014015831086777213,0.013819086020015255,0.00019674506676195871
71,ak4_jet0_pt,min_b_lnu_dPhi,0.01654161885676505,0.01636305574397991,0.0001785631127851385
1603,nAK4_btag,met_pt,0.001364949212986355,0.001187184982066547,0.00017776423091980798
2054,met_pt,blnu_mT,0.1945486697887405,0.19468525017409571,0.00013658038535521722
434,ak4_jet1_pt,min_b_lnu_dPhi,0.01465500714869385,0.014770514637905054,0.0001155074892112036
824,ak4_jet0_bscore,blnu_lnu_mT,0.012022655627729736,0.012073414935239533,5.075930750979632e-05
895,min_b_l_dR,nAK4,0.0029629780890903998,0.003012242503186026,4.92644140956261e-05
458,ak4_jet1_pt,nAK4_btag,0.00203074668231866,0.0020782574513518587,4.751076903319884e-05
281,ak4_jet1_bscore,nAK4_btag,0.03492760535811068,0.0349653478339548,3.774247584412138e-05
